build	Set up job	﻿2026-10-09T16:52:18.8115665Z Current runner version: '2.337.0'
build	Set up job	2026-10-09T16:52:18.8141173Z ##[group]Runner Image Provisioner
build	Set up job	2026-10-09T16:52:18.8142553Z Hosted Compute Agent
build	Set up job	2026-10-09T16:52:18.8143181Z Version: 20261002.596
build	Set up job	2026-10-09T16:52:18.8143845Z Commit: c3d12f3313a95f25162a1503be624f3b0617f8c0
build	Set up job	2026-10-09T16:52:18.8144639Z Build Date: 2026-10-02T22:28:27Z
build	Set up job	2026-10-09T16:52:18.8145326Z Worker ID: {401d2f69-dd92-4958-bddc-62c712b369af}
build	Set up job	2026-10-09T16:52:18.8146072Z Region: chilecentral
build	Set up job	2026-10-09T16:52:18.8146688Z Cloud: Azure
build	Set up job	2026-10-09T16:52:18.8147242Z ##[endgroup]
build	Set up job	2026-10-09T16:52:18.8149204Z ##[group]Operating System
build	Set up job	2026-10-09T16:52:18.8149900Z Ubuntu
build	Set up job	2026-10-09T16:52:18.8150505Z 24.04.5
build	Set up job	2026-10-09T16:52:18.8151047Z LTS
build	Set up job	2026-10-09T16:52:18.8151603Z ##[endgroup]
build	Set up job	2026-10-09T16:52:18.8152207Z ##[group]Runner Image
build	Set up job	2026-10-09T16:52:18.8152810Z Image: ubuntu-24.04
build	Set up job	2026-10-09T16:52:18.8153366Z Version: 20261004.327.1
build	Set up job	2026-10-09T16:52:18.8154559Z Included Software: https://github.com/actions/runner-images/blob/ubuntu24/20261004.327/images/ubuntu/Ubuntu2404-Readme.md
build	Set up job	2026-10-09T16:52:18.8156366Z Image Release: https://github.com/actions/runner-images/releases/tag/ubuntu24%2F20261004.327
build	Set up job	2026-10-09T16:52:18.8157364Z ##[endgroup]
build	Set up job	2026-10-09T16:52:18.8158561Z ##[group]GITHUB_TOKEN Permissions
build	Set up job	2026-10-09T16:52:18.8160882Z Contents: read
build	Set up job	2026-10-09T16:52:18.8161585Z Metadata: read
build	Set up job	2026-10-09T16:52:18.8162175Z ##[endgroup]
build	Set up job	2026-10-09T16:52:18.8164197Z Secret source: Actions
build	Set up job	2026-10-09T16:52:18.8165235Z Cache mode: write
build	Set up job	2026-10-09T16:52:18.8166012Z Prepare workflow directory
build	Set up job	2026-10-09T16:52:18.8553427Z Prepare all required actions
build	Set up job	2026-10-09T16:52:18.8601138Z Getting action download info
build	Set up job	2026-10-09T16:52:19.3934303Z Download action repository 'actions/checkout@v4' (SHA:11d5960a326750d5838078e36cf38b85af677262)
build	Set up job	2026-10-09T16:52:19.5061679Z Download action repository 'actions/setup-java@v4' (SHA:cf277c60eb25467037889841efdb72551f06f6c3)
build	Set up job	2026-10-09T16:52:20.6163971Z Download action repository 'actions/upload-artifact@v4' (SHA:ea165f8d65b6e75b540449e92b4886f43607fa02)
build	Set up job	2026-10-09T16:52:20.8386024Z Complete job name: build
build	Checkout	﻿2026-10-09T16:52:20.9234098Z ##[group]Run actions/checkout@v4
build	Checkout	2026-10-09T16:52:20.9235065Z with:
build	Checkout	2026-10-09T16:52:20.9235555Z   submodules: false
build	Checkout	2026-10-09T16:52:20.9236081Z   repository: Yamin843/YAM-GG
build	Checkout	2026-10-09T16:52:20.9240636Z   token: ***
build	Checkout	2026-10-09T16:52:20.9241142Z   ssh-strict: true
build	Checkout	2026-10-09T16:52:20.9241630Z   ssh-user: git
build	Checkout	2026-10-09T16:52:20.9242125Z   persist-credentials: true
build	Checkout	2026-10-09T16:52:20.9242657Z   clean: true
build	Checkout	2026-10-09T16:52:20.9243144Z   sparse-checkout-cone-mode: true
build	Checkout	2026-10-09T16:52:20.9243703Z   fetch-depth: 1
build	Checkout	2026-10-09T16:52:20.9244184Z   fetch-tags: false
build	Checkout	2026-10-09T16:52:20.9244673Z   show-progress: true
build	Checkout	2026-10-09T16:52:20.9245178Z   lfs: false
build	Checkout	2026-10-09T16:52:20.9245638Z   set-safe-directory: true
build	Checkout	2026-10-09T16:52:20.9246189Z   allow-unsafe-pr-checkout: false
build	Checkout	2026-10-09T16:52:20.9247041Z env:
build	Checkout	2026-10-09T16:52:20.9247571Z   ANDROID_HOME: /usr/local/lib/android/sdk
build	Checkout	2026-10-09T16:52:20.9248246Z   ANDROID_SDK_ROOT: /usr/local/lib/android/sdk
build	Checkout	2026-10-09T16:52:20.9249090Z   NDK_VERSION: 26.1.10909125
build	Checkout	2026-10-09T16:52:20.9249684Z ##[endgroup]
build	Checkout	2026-10-09T16:52:21.0286008Z Syncing repository: Yamin843/YAM-GG
build	Checkout	2026-10-09T16:52:21.0288745Z ##[group]Getting Git version info
build	Checkout	2026-10-09T16:52:21.0290249Z Working directory is '/home/runner/work/YAM-GG/YAM-GG'
build	Checkout	2026-10-09T16:52:21.0292028Z [command]/usr/bin/git version
build	Checkout	2026-10-09T16:52:21.0336756Z git version 2.55.0
build	Checkout	2026-10-09T16:52:21.0360255Z ##[endgroup]
build	Checkout	2026-10-09T16:52:21.0375155Z Temporarily overriding HOME='/home/runner/work/_temp/bf20daa1-7194-4f20-8f25-e1170bb96c9c' before making global git config changes
build	Checkout	2026-10-09T16:52:21.0377919Z Adding repository directory to the temporary git global config as a safe directory
build	Checkout	2026-10-09T16:52:21.0381185Z [command]/usr/bin/git config --global --add safe.directory /home/runner/work/YAM-GG/YAM-GG
build	Checkout	2026-10-09T16:52:21.0439861Z Deleting the contents of '/home/runner/work/YAM-GG/YAM-GG'
build	Checkout	2026-10-09T16:52:21.0452407Z ##[group]Initializing the repository
build	Checkout	2026-10-09T16:52:21.0453995Z [command]/usr/bin/git init /home/runner/work/YAM-GG/YAM-GG
build	Checkout	2026-10-09T16:52:21.0550274Z hint: Using 'master' as the name for the initial branch. This default branch name
build	Checkout	2026-10-09T16:52:21.0552356Z hint: will change to "main" in Git 3.0. To configure the initial branch name
build	Checkout	2026-10-09T16:52:21.0554064Z hint: to use in all of your new repositories, which will suppress this warning,
build	Checkout	2026-10-09T16:52:21.0555453Z hint: call:
build	Checkout	2026-10-09T16:52:21.0556180Z hint:
build	Checkout	2026-10-09T16:52:21.0557229Z hint: 	git config --global init.defaultBranch <name>
build	Checkout	2026-10-09T16:52:21.0558419Z hint:
build	Checkout	2026-10-09T16:52:21.0559677Z hint: Names commonly chosen instead of 'master' are 'main', 'trunk' and
build	Checkout	2026-10-09T16:52:21.0561364Z hint: 'development'. The just-created branch can be renamed via this command:
build	Checkout	2026-10-09T16:52:21.0562802Z hint:
build	Checkout	2026-10-09T16:52:21.0563620Z hint: 	git branch -m <name>
build	Checkout	2026-10-09T16:52:21.0564459Z hint:
build	Checkout	2026-10-09T16:52:21.0565557Z hint: Disable this message with "git config set advice.defaultBranchName false"
build	Checkout	2026-10-09T16:52:21.0567472Z Initialized empty Git repository in /home/runner/work/YAM-GG/YAM-GG/.git/
build	Checkout	2026-10-09T16:52:21.0572160Z [command]/usr/bin/git remote add origin https://github.com/Yamin843/YAM-GG
build	Checkout	2026-10-09T16:52:21.0620702Z ##[endgroup]
build	Checkout	2026-10-09T16:52:21.0622221Z ##[group]Disabling automatic garbage collection
build	Checkout	2026-10-09T16:52:21.0624370Z [command]/usr/bin/git config --local gc.auto 0
build	Checkout	2026-10-09T16:52:21.0660135Z ##[endgroup]
build	Checkout	2026-10-09T16:52:21.0661558Z ##[group]Setting up auth
build	Checkout	2026-10-09T16:52:21.0667224Z [command]/usr/bin/git config --local --name-only --get-regexp core\.sshCommand
build	Checkout	2026-10-09T16:52:21.0701268Z [command]/usr/bin/git submodule foreach --recursive sh -c "git config --local --name-only --get-regexp 'core\.sshCommand' && git config --local --unset-all 'core.sshCommand' || :"
build	Checkout	2026-10-09T16:52:21.1082755Z [command]/usr/bin/git config --local --name-only --get-regexp http\.https\:\/\/github\.com\/\.extraheader
build	Checkout	2026-10-09T16:52:21.1128390Z [command]/usr/bin/git submodule foreach --recursive sh -c "git config --local --name-only --get-regexp 'http\.https\:\/\/github\.com\/\.extraheader' && git config --local --unset-all 'http.https://github.com/.extraheader' || :"
build	Checkout	2026-10-09T16:52:21.1362176Z [command]/usr/bin/git config --local --name-only --get-regexp ^includeIf\.gitdir:
build	Checkout	2026-10-09T16:52:21.1400393Z [command]/usr/bin/git submodule foreach --recursive git config --local --show-origin --name-only --get-regexp remote.origin.url
build	Checkout	2026-10-09T16:52:21.1629871Z [command]/usr/bin/git config --local http.https://github.com/.extraheader AUTHORIZATION: basic ***
build	Checkout	2026-10-09T16:52:21.1673633Z ##[endgroup]
build	Checkout	2026-10-09T16:52:21.1675330Z ##[group]Fetching the repository
build	Checkout	2026-10-09T16:52:21.1685565Z [command]/usr/bin/git -c protocol.version=2 fetch --no-tags --prune --no-recurse-submodules --depth=1 origin +a8ab332fee96feca2a8eadb8fced7c46ae67d988:refs/remotes/origin/main
build	Checkout	2026-10-09T16:52:26.6670383Z From https://github.com/Yamin843/YAM-GG
build	Checkout	2026-10-09T16:52:26.6671694Z  * [new ref]         a8ab332fee96feca2a8eadb8fced7c46ae67d988 -> origin/main
build	Checkout	2026-10-09T16:52:26.6682178Z ##[endgroup]
build	Checkout	2026-10-09T16:52:26.6683077Z ##[group]Determining the checkout info
build	Checkout	2026-10-09T16:52:26.6684101Z ##[endgroup]
build	Checkout	2026-10-09T16:52:26.6686803Z [command]/usr/bin/git sparse-checkout disable
build	Checkout	2026-10-09T16:52:26.6741344Z [command]/usr/bin/git config --local --unset-all extensions.worktreeConfig
build	Checkout	2026-10-09T16:52:26.6774500Z ##[group]Checking out the ref
build	Checkout	2026-10-09T16:52:26.6779098Z [command]/usr/bin/git checkout --progress --force -B main refs/remotes/origin/main
build	Checkout	2026-10-09T16:52:26.9058582Z Switched to a new branch 'main'
build	Checkout	2026-10-09T16:52:26.9062974Z branch 'main' set up to track 'origin/main'.
build	Checkout	2026-10-09T16:52:26.9093443Z ##[endgroup]
build	Checkout	2026-10-09T16:52:26.9146657Z [command]/usr/bin/git log -1 --format=%H
build	Checkout	2026-10-09T16:52:26.9176625Z a8ab332fee96feca2a8eadb8fced7c46ae67d988
build	Setup Java 17	﻿2026-10-09T16:52:26.9471509Z ##[group]Run actions/setup-java@v4
build	Setup Java 17	2026-10-09T16:52:26.9471867Z with:
build	Setup Java 17	2026-10-09T16:52:26.9472261Z   java-version: 17
build	Setup Java 17	2026-10-09T16:52:26.9472482Z   distribution: temurin
build	Setup Java 17	2026-10-09T16:52:26.9472711Z   java-package: jdk
build	Setup Java 17	2026-10-09T16:52:26.9472930Z   check-latest: false
build	Setup Java 17	2026-10-09T16:52:26.9473142Z   server-id: github
build	Setup Java 17	2026-10-09T16:52:26.9473360Z   server-username: GITHUB_ACTOR
build	Setup Java 17	2026-10-09T16:52:26.9473618Z   server-password: GITHUB_TOKEN
build	Setup Java 17	2026-10-09T16:52:26.9473877Z   overwrite-settings: true
build	Setup Java 17	2026-10-09T16:52:26.9474124Z   job-status: success
build	Setup Java 17	2026-10-09T16:52:26.9476851Z   token: ***
build	Setup Java 17	2026-10-09T16:52:26.9477054Z env:
build	Setup Java 17	2026-10-09T16:52:26.9477262Z   ANDROID_HOME: /usr/local/lib/android/sdk
build	Setup Java 17	2026-10-09T16:52:26.9477588Z   ANDROID_SDK_ROOT: /usr/local/lib/android/sdk
build	Setup Java 17	2026-10-09T16:52:26.9477903Z   NDK_VERSION: 26.1.10909125
build	Setup Java 17	2026-10-09T16:52:26.9478174Z ##[endgroup]
build	Setup Java 17	2026-10-09T16:52:27.1207348Z ##[warning]setup-java v4 is deprecated and will no longer receive updates. Please migrate to actions/setup-java@v5.
build	Setup Java 17	2026-10-09T16:52:27.1216492Z ##[group]Installed distributions
build	Setup Java 17	2026-10-09T16:52:27.1257041Z Resolved Java 17.0.20+1 from tool-cache
build	Setup Java 17	2026-10-09T16:52:27.1257611Z Setting Java 17.0.20+1 as the default
build	Setup Java 17	2026-10-09T16:52:27.1268257Z (node:2338) [DEP0040] DeprecationWarning: The `punycode` module is deprecated. Please use a userland alternative instead.
build	Setup Java 17	2026-10-09T16:52:27.1269738Z (Use `node --trace-deprecation ...` to show where the warning was created)
build	Setup Java 17	2026-10-09T16:52:27.1272495Z Creating toolchains.xml for JDK version 17 from temurin
build	Setup Java 17	2026-10-09T16:52:27.1348283Z Writing to /home/runner/.m2/toolchains.xml
build	Setup Java 17	2026-10-09T16:52:27.1348710Z 
build	Setup Java 17	2026-10-09T16:52:27.1349064Z Java configuration:
build	Setup Java 17	2026-10-09T16:52:27.1349499Z   Distribution: temurin
build	Setup Java 17	2026-10-09T16:52:27.1349890Z   Version: 17.0.20+1
build	Setup Java 17	2026-10-09T16:52:27.1350437Z   Path: /opt/hostedtoolcache/Java_Temurin-Hotspot_jdk/17.0.20-1/x64
build	Setup Java 17	2026-10-09T16:52:27.1350943Z 
build	Setup Java 17	2026-10-09T16:52:27.1351427Z ##[endgroup]
build	Setup Java 17	2026-10-09T16:52:27.1368611Z Creating settings.xml with server-id: github
build	Setup Java 17	2026-10-09T16:52:27.1404801Z Writing to /home/runner/.m2/settings.xml
build	Reassemble libyamjs.a from parts	﻿2026-10-09T16:52:27.1565071Z ##[group]Run LIB_DIR=app/src/main/jni/all_libs/YAM-G/LIBYAMJS
build	Reassemble libyamjs.a from parts	2026-10-09T16:52:27.1565643Z ^[[36;1mLIB_DIR=app/src/main/jni/all_libs/YAM-G/LIBYAMJS^[[0m
build	Reassemble libyamjs.a from parts	2026-10-09T16:52:27.1566015Z ^[[36;1mcd "$LIB_DIR"^[[0m
build	Reassemble libyamjs.a from parts	2026-10-09T16:52:27.1566260Z ^[[36;1m^[[0m
build	Reassemble libyamjs.a from parts	2026-10-09T16:52:27.1566496Z ^[[36;1mecho "=== parts available ==="^[[0m
build	Reassemble libyamjs.a from parts	2026-10-09T16:52:27.1566838Z ^[[36;1mls -la libyamjs.a.part* 2>/dev/null || {^[[0m
build	Reassemble libyamjs.a from parts	2026-10-09T16:52:27.1567188Z ^[[36;1m  echo "ERROR: no .part files found"^[[0m
build	Reassemble libyamjs.a from parts	2026-10-09T16:52:27.1567495Z ^[[36;1m  exit 1^[[0m
build	Reassemble libyamjs.a from parts	2026-10-09T16:52:27.1567707Z ^[[36;1m}^[[0m
build	Reassemble libyamjs.a from parts	2026-10-09T16:52:27.1567910Z ^[[36;1m^[[0m
build	Reassemble libyamjs.a from parts	2026-10-09T16:52:27.1568112Z ^[[36;1mecho ""^[[0m
build	Reassemble libyamjs.a from parts	2026-10-09T16:52:27.1568348Z ^[[36;1mecho "=== concatenating ==="^[[0m
build	Reassemble libyamjs.a from parts	2026-10-09T16:52:27.1568662Z ^[[36;1mcat libyamjs.a.part* > libyamjs.a^[[0m
build	Reassemble libyamjs.a from parts	2026-10-09T16:52:27.1569400Z ^[[36;1m^[[0m
build	Reassemble libyamjs.a from parts	2026-10-09T16:52:27.1569621Z ^[[36;1mecho ""^[[0m
build	Reassemble libyamjs.a from parts	2026-10-09T16:52:27.1569868Z ^[[36;1mecho "=== result ==="^[[0m
build	Reassemble libyamjs.a from parts	2026-10-09T16:52:27.1570145Z ^[[36;1mls -la libyamjs.a^[[0m
build	Reassemble libyamjs.a from parts	2026-10-09T16:52:27.1570486Z ^[[36;1mSIZE=$(stat -c%s libyamjs.a)^[[0m
build	Reassemble libyamjs.a from parts	2026-10-09T16:52:27.1570779Z ^[[36;1mecho "Size: $SIZE bytes"^[[0m
build	Reassemble libyamjs.a from parts	2026-10-09T16:52:27.1571040Z ^[[36;1m^[[0m
build	Reassemble libyamjs.a from parts	2026-10-09T16:52:27.1571265Z ^[[36;1mif [ "$SIZE" -lt 100000000 ]; then^[[0m
build	Reassemble libyamjs.a from parts	2026-10-09T16:52:27.1571599Z ^[[36;1m  echo "ERROR: reassembled file too small"^[[0m
build	Reassemble libyamjs.a from parts	2026-10-09T16:52:27.1571910Z ^[[36;1m  exit 1^[[0m
build	Reassemble libyamjs.a from parts	2026-10-09T16:52:27.1572123Z ^[[36;1mfi^[[0m
build	Reassemble libyamjs.a from parts	2026-10-09T16:52:27.1572323Z ^[[36;1m^[[0m
build	Reassemble libyamjs.a from parts	2026-10-09T16:52:27.1572526Z ^[[36;1mecho ""^[[0m
build	Reassemble libyamjs.a from parts	2026-10-09T16:52:27.1572764Z ^[[36;1mecho "=== cleanup parts ==="^[[0m
build	Reassemble libyamjs.a from parts	2026-10-09T16:52:27.1573059Z ^[[36;1mrm -f libyamjs.a.part*^[[0m
build	Reassemble libyamjs.a from parts	2026-10-09T16:52:27.1573319Z ^[[36;1m^[[0m
build	Reassemble libyamjs.a from parts	2026-10-09T16:52:27.1573518Z ^[[36;1mecho "OK"^[[0m
build	Reassemble libyamjs.a from parts	2026-10-09T16:52:27.1877530Z shell: /usr/bin/bash -e {0}
build	Reassemble libyamjs.a from parts	2026-10-09T16:52:27.1877906Z env:
build	Reassemble libyamjs.a from parts	2026-10-09T16:52:27.1878169Z   ANDROID_HOME: /usr/local/lib/android/sdk
build	Reassemble libyamjs.a from parts	2026-10-09T16:52:27.1878518Z   ANDROID_SDK_ROOT: /usr/local/lib/android/sdk
build	Reassemble libyamjs.a from parts	2026-10-09T16:52:27.1879130Z   NDK_VERSION: 26.1.10909125
build	Reassemble libyamjs.a from parts	2026-10-09T16:52:27.1879784Z   JAVA_HOME: /opt/hostedtoolcache/Java_Temurin-Hotspot_jdk/17.0.20-1/x64
build	Reassemble libyamjs.a from parts	2026-10-09T16:52:27.1880330Z   JAVA_HOME_17_X64: /opt/hostedtoolcache/Java_Temurin-Hotspot_jdk/17.0.20-1/x64
build	Reassemble libyamjs.a from parts	2026-10-09T16:52:27.1880761Z ##[endgroup]
build	Reassemble libyamjs.a from parts	2026-10-09T16:52:27.1993117Z === parts available ===
build	Reassemble libyamjs.a from parts	2026-10-09T16:52:27.2007039Z -rw-r--r-- 1 runner runner 62914560 Oct  9 16:52 libyamjs.a.part00
build	Reassemble libyamjs.a from parts	2026-10-09T16:52:27.2007670Z -rw-r--r-- 1 runner runner 58531068 Oct  9 16:52 libyamjs.a.part01
build	Reassemble libyamjs.a from parts	2026-10-09T16:52:27.2009137Z 
build	Reassemble libyamjs.a from parts	2026-10-09T16:52:27.2009515Z === concatenating ===
build	Reassemble libyamjs.a from parts	2026-10-09T16:52:27.2379748Z 
build	Reassemble libyamjs.a from parts	2026-10-09T16:52:27.2380339Z === result ===
build	Reassemble libyamjs.a from parts	2026-10-09T16:52:27.2395056Z -rw-r--r-- 1 runner runner 121445628 Oct  9 16:52 libyamjs.a
build	Reassemble libyamjs.a from parts	2026-10-09T16:52:27.2411026Z Size: 121445628 bytes
build	Reassemble libyamjs.a from parts	2026-10-09T16:52:27.2411372Z 
build	Reassemble libyamjs.a from parts	2026-10-09T16:52:27.2411573Z === cleanup parts ===
build	Reassemble libyamjs.a from parts	2026-10-09T16:52:27.2516365Z OK
build	Inspect preinstalled SDK	﻿2026-10-09T16:52:27.2558390Z ##[group]Run echo "ANDROID_HOME=$ANDROID_HOME"
build	Inspect preinstalled SDK	2026-10-09T16:52:27.2559147Z ^[[36;1mecho "ANDROID_HOME=$ANDROID_HOME"^[[0m
build	Inspect preinstalled SDK	2026-10-09T16:52:27.2559546Z ^[[36;1mls -la $ANDROID_HOME/ 2>/dev/null || echo "(no $ANDROID_HOME)"^[[0m
build	Inspect preinstalled SDK	2026-10-09T16:52:27.2559926Z ^[[36;1mecho ""^[[0m
build	Inspect preinstalled SDK	2026-10-09T16:52:27.2560193Z ^[[36;1mecho "cmdline-tools:"^[[0m
build	Inspect preinstalled SDK	2026-10-09T16:52:27.2560533Z ^[[36;1mls $ANDROID_HOME/cmdline-tools/ 2>/dev/null || echo "(none)"^[[0m
build	Inspect preinstalled SDK	2026-10-09T16:52:27.2560883Z ^[[36;1mecho ""^[[0m
build	Inspect preinstalled SDK	2026-10-09T16:52:27.2561097Z ^[[36;1mecho "ndk preinstalled:"^[[0m
build	Inspect preinstalled SDK	2026-10-09T16:52:27.2561415Z ^[[36;1mls $ANDROID_HOME/ndk/ 2>/dev/null || echo "(none)"^[[0m
build	Inspect preinstalled SDK	2026-10-09T16:52:27.2561725Z ^[[36;1mecho ""^[[0m
build	Inspect preinstalled SDK	2026-10-09T16:52:27.2561931Z ^[[36;1mecho "build-tools:"^[[0m
build	Inspect preinstalled SDK	2026-10-09T16:52:27.2562246Z ^[[36;1mls $ANDROID_HOME/build-tools/ 2>/dev/null || echo "(none)"^[[0m
build	Inspect preinstalled SDK	2026-10-09T16:52:27.2562583Z ^[[36;1mecho ""^[[0m
build	Inspect preinstalled SDK	2026-10-09T16:52:27.2562789Z ^[[36;1mecho "platforms:"^[[0m
build	Inspect preinstalled SDK	2026-10-09T16:52:27.2563093Z ^[[36;1mls $ANDROID_HOME/platforms/ 2>/dev/null || echo "(none)"^[[0m
build	Inspect preinstalled SDK	2026-10-09T16:52:27.2629018Z shell: /usr/bin/bash -e {0}
build	Inspect preinstalled SDK	2026-10-09T16:52:27.2629320Z env:
build	Inspect preinstalled SDK	2026-10-09T16:52:27.2629546Z   ANDROID_HOME: /usr/local/lib/android/sdk
build	Inspect preinstalled SDK	2026-10-09T16:52:27.2629897Z   ANDROID_SDK_ROOT: /usr/local/lib/android/sdk
build	Inspect preinstalled SDK	2026-10-09T16:52:27.2630205Z   NDK_VERSION: 26.1.10909125
build	Inspect preinstalled SDK	2026-10-09T16:52:27.2630569Z   JAVA_HOME: /opt/hostedtoolcache/Java_Temurin-Hotspot_jdk/17.0.20-1/x64
build	Inspect preinstalled SDK	2026-10-09T16:52:27.2631079Z   JAVA_HOME_17_X64: /opt/hostedtoolcache/Java_Temurin-Hotspot_jdk/17.0.20-1/x64
build	Inspect preinstalled SDK	2026-10-09T16:52:27.2631473Z ##[endgroup]
build	Inspect preinstalled SDK	2026-10-09T16:52:27.2717408Z ANDROID_HOME=/usr/local/lib/android/sdk
build	Inspect preinstalled SDK	2026-10-09T16:52:27.2745562Z total 72
build	Inspect preinstalled SDK	2026-10-09T16:52:27.2745975Z drwxrwxrwx 11 root root  4096 Oct  4 21:51 .
build	Inspect preinstalled SDK	2026-10-09T16:52:27.2746529Z drwxr-xr-x  3 root root  4096 Oct  4 21:48 ..
build	Inspect preinstalled SDK	2026-10-09T16:52:27.2747123Z -rw-r--r--  1 root root    16 Oct  4 21:51 .knownPackages
build	Inspect preinstalled SDK	2026-10-09T16:52:27.2747731Z drwxrwxrwx  2 root root  4096 Oct  4 21:51 .temp
build	Inspect preinstalled SDK	2026-10-09T16:52:27.2748377Z drwxrwxrwx  8 root root  4096 Oct  4 21:49 build-tools
build	Inspect preinstalled SDK	2026-10-09T16:52:27.2749180Z drwxrwxrwx  4 root root  4096 Oct  4 21:51 cmake
build	Inspect preinstalled SDK	2026-10-09T16:52:27.2749778Z drwxrwxrwx  3 root root  4096 Oct  4 21:48 cmdline-tools
build	Inspect preinstalled SDK	2026-10-09T16:52:27.2750372Z drwxrwxrwx  4 root root  4096 Oct  4 21:51 extras
build	Inspect preinstalled SDK	2026-10-09T16:52:27.2750932Z drwxrwxrwx  2 root root  4096 Oct  4 21:49 licenses
build	Inspect preinstalled SDK	2026-10-09T16:52:27.2751513Z drwxrwxrwx  5 root root  4096 Oct  4 21:51 ndk
build	Inspect preinstalled SDK	2026-10-09T16:52:27.2752122Z -rw-r--r--  1 root root 21987 Oct  4 21:51 packages-list.txt
build	Inspect preinstalled SDK	2026-10-09T16:52:27.2752783Z drwxrwxrwx  3 root root  4096 Oct  4 21:49 platform-tools
build	Inspect preinstalled SDK	2026-10-09T16:52:27.2753421Z drwxrwxrwx 20 root root  4096 Oct  4 21:50 platforms
build	Inspect preinstalled SDK	2026-10-09T16:52:27.2753732Z 
build	Inspect preinstalled SDK	2026-10-09T16:52:27.2753853Z cmdline-tools:
build	Inspect preinstalled SDK	2026-10-09T16:52:27.2761421Z latest
build	Inspect preinstalled SDK	2026-10-09T16:52:27.2763230Z 
build	Inspect preinstalled SDK	2026-10-09T16:52:27.2763452Z ndk preinstalled:
build	Inspect preinstalled SDK	2026-10-09T16:52:27.2776888Z 27.3.13750724
build	Inspect preinstalled SDK	2026-10-09T16:52:27.2777239Z 29.0.14206865
build	Inspect preinstalled SDK	2026-10-09T16:52:27.2777546Z 30.0.16248370
build	Inspect preinstalled SDK	2026-10-09T16:52:27.2778909Z 
build	Inspect preinstalled SDK	2026-10-09T16:52:27.2779085Z build-tools:
build	Inspect preinstalled SDK	2026-10-09T16:52:27.2792859Z 34.0.0
build	Inspect preinstalled SDK	2026-10-09T16:52:27.2793213Z 35.0.0
build	Inspect preinstalled SDK	2026-10-09T16:52:27.2793506Z 35.0.1
build	Inspect preinstalled SDK	2026-10-09T16:52:27.2793771Z 36.0.0
build	Inspect preinstalled SDK	2026-10-09T16:52:27.2793948Z 36.1.0
build	Inspect preinstalled SDK	2026-10-09T16:52:27.2794119Z 37.0.0
build	Inspect preinstalled SDK	2026-10-09T16:52:27.2794451Z 
build	Inspect preinstalled SDK	2026-10-09T16:52:27.2794619Z platforms:
build	Inspect preinstalled SDK	2026-10-09T16:52:27.2809414Z android-34
build	Inspect preinstalled SDK	2026-10-09T16:52:27.2809911Z android-34-ext10
build	Inspect preinstalled SDK	2026-10-09T16:52:27.2810281Z android-34-ext11
build	Inspect preinstalled SDK	2026-10-09T16:52:27.2810631Z android-34-ext12
build	Inspect preinstalled SDK	2026-10-09T16:52:27.2810983Z android-34-ext8
build	Inspect preinstalled SDK	2026-10-09T16:52:27.2811316Z android-35
build	Inspect preinstalled SDK	2026-10-09T16:52:27.2811658Z android-35-ext14
build	Inspect preinstalled SDK	2026-10-09T16:52:27.2811997Z android-35-ext15
build	Inspect preinstalled SDK	2026-10-09T16:52:27.2812328Z android-36
build	Inspect preinstalled SDK	2026-10-09T16:52:27.2812690Z android-36-ext18
build	Inspect preinstalled SDK	2026-10-09T16:52:27.2813051Z android-36-ext19
build	Inspect preinstalled SDK	2026-10-09T16:52:27.2813401Z android-36.1
build	Inspect preinstalled SDK	2026-10-09T16:52:27.2813650Z android-37.0
build	Inspect preinstalled SDK	2026-10-09T16:52:27.2813848Z android-37.1
build	Inspect preinstalled SDK	2026-10-09T16:52:27.2814051Z android-37.2
build	Inspect preinstalled SDK	2026-10-09T16:52:27.2814510Z android-37.2-beta1
build	Inspect preinstalled SDK	2026-10-09T16:52:27.2814734Z android-37.2-beta2
build	Inspect preinstalled SDK	2026-10-09T16:52:27.2814951Z android-37.2-beta3
build	Install NDK + Build Tools	﻿2026-10-09T16:52:27.2847467Z ##[group]Run set -e
build	Install NDK + Build Tools	2026-10-09T16:52:27.2847775Z ^[[36;1mset -e^[[0m
build	Install NDK + Build Tools	2026-10-09T16:52:27.2848001Z ^[[36;1m^[[0m
build	Install NDK + Build Tools	2026-10-09T16:52:27.2848198Z ^[[36;1mCMDPATH=""^[[0m
build	Install NDK + Build Tools	2026-10-09T16:52:27.2848463Z ^[[36;1mfor v in 19.0 18.0 17.0 16.0 15.0 latest; do^[[0m
build	Install NDK + Build Tools	2026-10-09T16:52:27.2849670Z ^[[36;1m    if [ -d "$ANDROID_HOME/cmdline-tools/$v/bin" ]; then^[[0m
build	Install NDK + Build Tools	2026-10-09T16:52:27.2850107Z ^[[36;1m        CMDPATH="$ANDROID_HOME/cmdline-tools/$v/bin"^[[0m
build	Install NDK + Build Tools	2026-10-09T16:52:27.2850440Z ^[[36;1m        break^[[0m
build	Install NDK + Build Tools	2026-10-09T16:52:27.2850662Z ^[[36;1m    fi^[[0m
build	Install NDK + Build Tools	2026-10-09T16:52:27.2850863Z ^[[36;1mdone^[[0m
build	Install NDK + Build Tools	2026-10-09T16:52:27.2851055Z ^[[36;1m^[[0m
build	Install NDK + Build Tools	2026-10-09T16:52:27.2851257Z ^[[36;1mif [ -z "$CMDPATH" ]; then^[[0m
build	Install NDK + Build Tools	2026-10-09T16:52:27.2851562Z ^[[36;1m    echo "ERROR: cmdline-tools not found"^[[0m
build	Install NDK + Build Tools	2026-10-09T16:52:27.2851950Z ^[[36;1m    find $ANDROID_HOME -name sdkmanager -type f 2>/dev/null^[[0m
build	Install NDK + Build Tools	2026-10-09T16:52:27.2852299Z ^[[36;1m    exit 1^[[0m
build	Install NDK + Build Tools	2026-10-09T16:52:27.2852522Z ^[[36;1mfi^[[0m
build	Install NDK + Build Tools	2026-10-09T16:52:27.2852707Z ^[[36;1m^[[0m
build	Install NDK + Build Tools	2026-10-09T16:52:27.2852972Z ^[[36;1mecho "Using cmdline-tools at: $CMDPATH"^[[0m
build	Install NDK + Build Tools	2026-10-09T16:52:27.2853308Z ^[[36;1mSDKMANAGER="$CMDPATH/sdkmanager"^[[0m
build	Install NDK + Build Tools	2026-10-09T16:52:27.2853587Z ^[[36;1m^[[0m
build	Install NDK + Build Tools	2026-10-09T16:52:27.2853845Z ^[[36;1myes | "$SDKMANAGER" --licenses > /dev/null 2>&1 || true^[[0m
build	Install NDK + Build Tools	2026-10-09T16:52:27.2854173Z ^[[36;1m^[[0m
build	Install NDK + Build Tools	2026-10-09T16:52:27.2854442Z ^[[36;1m"$SDKMANAGER" --install "ndk;$NDK_VERSION" 2>&1 | tail -3^[[0m
build	Install NDK + Build Tools	2026-10-09T16:52:27.2854872Z ^[[36;1m"$SDKMANAGER" --install "build-tools;34.0.0" 2>&1 | tail -3^[[0m
build	Install NDK + Build Tools	2026-10-09T16:52:27.2855307Z ^[[36;1m"$SDKMANAGER" --install "platforms;android-34" 2>&1 | tail -3^[[0m
build	Install NDK + Build Tools	2026-10-09T16:52:27.2855654Z ^[[36;1m^[[0m
build	Install NDK + Build Tools	2026-10-09T16:52:27.2855836Z ^[[36;1mecho ""^[[0m
build	Install NDK + Build Tools	2026-10-09T16:52:27.2856038Z ^[[36;1mecho "NDK:"^[[0m
build	Install NDK + Build Tools	2026-10-09T16:52:27.2856261Z ^[[36;1mls -la $ANDROID_HOME/ndk/^[[0m
build	Install NDK + Build Tools	2026-10-09T16:52:27.2856590Z ^[[36;1m$ANDROID_HOME/ndk/$NDK_VERSION/ndk-build --version^[[0m
build	Install NDK + Build Tools	2026-10-09T16:52:27.2925047Z shell: /usr/bin/bash -e {0}
build	Install NDK + Build Tools	2026-10-09T16:52:27.2925321Z env:
build	Install NDK + Build Tools	2026-10-09T16:52:27.2925549Z   ANDROID_HOME: /usr/local/lib/android/sdk
build	Install NDK + Build Tools	2026-10-09T16:52:27.2925867Z   ANDROID_SDK_ROOT: /usr/local/lib/android/sdk
build	Install NDK + Build Tools	2026-10-09T16:52:27.2926165Z   NDK_VERSION: 26.1.10909125
build	Install NDK + Build Tools	2026-10-09T16:52:27.2926517Z   JAVA_HOME: /opt/hostedtoolcache/Java_Temurin-Hotspot_jdk/17.0.20-1/x64
build	Install NDK + Build Tools	2026-10-09T16:52:27.2927022Z   JAVA_HOME_17_X64: /opt/hostedtoolcache/Java_Temurin-Hotspot_jdk/17.0.20-1/x64
build	Install NDK + Build Tools	2026-10-09T16:52:27.2927407Z ##[endgroup]
build	Install NDK + Build Tools	2026-10-09T16:52:27.3019312Z Using cmdline-tools at: /usr/local/lib/android/sdk/cmdline-tools/latest/bin
build	Install NDK + Build Tools	2026-10-09T16:52:30.0513513Z yes: standard output: Broken pipe
build	Install NDK + Build Tools	2026-10-09T16:52:44.9696394Z Loading package information...                                                  
build	Install NDK + Build Tools	2026-10-09T16:52:44.9697227Z Loading local repository...                                                     
build	Install NDK + Build Tools	2026-10-09T16:52:44.9698013Z [                                       ] 3% Loading local repository...        
build	Install NDK + Build Tools	2026-10-09T16:52:44.9699381Z [                                       ] 3% Fetch remote repository...         
build	Install NDK + Build Tools	2026-10-09T16:52:44.9699856Z [=                                      ] 3% Fetch remote repository...         
build	Install NDK + Build Tools	2026-10-09T16:52:44.9700290Z [=                                      ] 4% Fetch remote repository...         
build	Install NDK + Build Tools	2026-10-09T16:52:44.9700702Z [=                                      ] 5% Fetch remote repository...         
build	Install NDK + Build Tools	2026-10-09T16:52:44.9701109Z [==                                     ] 5% Fetch remote repository...         
build	Install NDK + Build Tools	2026-10-09T16:52:44.9701516Z [==                                     ] 6% Fetch remote repository...         
build	Install NDK + Build Tools	2026-10-09T16:52:44.9701920Z [==                                     ] 7% Fetch remote repository...         
build	Install NDK + Build Tools	2026-10-09T16:52:44.9702333Z [==                                     ] 7% Computing updates...               
build	Install NDK + Build Tools	2026-10-09T16:52:44.9702738Z [===                                    ] 8% Computing updates...               
build	Install NDK + Build Tools	2026-10-09T16:52:44.9703147Z [===                                    ] 10% Computing updates...              
build	Install NDK + Build Tools	2026-10-09T16:52:44.9703812Z [===                                    ] 10% Installing NDK (Side by side) 26.1
build	Install NDK + Build Tools	2026-10-09T16:52:44.9704229Z [===                                    ] 10% Downloading android-ndk-r26b-linux
build	Install NDK + Build Tools	2026-10-09T16:52:44.9704654Z [====                                   ] 10% Downloading android-ndk-r26b-linux
build	Install NDK + Build Tools	2026-10-09T16:52:44.9705064Z [====                                   ] 11% Downloading android-ndk-r26b-linux
build	Install NDK + Build Tools	2026-10-09T16:52:44.9705475Z [====                                   ] 12% Downloading android-ndk-r26b-linux
build	Install NDK + Build Tools	2026-10-09T16:52:44.9705890Z [=====                                  ] 13% Downloading android-ndk-r26b-linux
build	Install NDK + Build Tools	2026-10-09T16:52:44.9706302Z [=====                                  ] 14% Downloading android-ndk-r26b-linux
build	Install NDK + Build Tools	2026-10-09T16:52:44.9706713Z [=====                                  ] 15% Downloading android-ndk-r26b-linux
build	Install NDK + Build Tools	2026-10-09T16:52:44.9707123Z [======                                 ] 15% Downloading android-ndk-r26b-linux
build	Install NDK + Build Tools	2026-10-09T16:52:44.9707539Z [======                                 ] 16% Downloading android-ndk-r26b-linux
build	Install NDK + Build Tools	2026-10-09T16:52:44.9707958Z [======                                 ] 17% Downloading android-ndk-r26b-linux
build	Install NDK + Build Tools	2026-10-09T16:52:44.9708374Z [=======                                ] 18% Downloading android-ndk-r26b-linux
build	Install NDK + Build Tools	2026-10-09T16:52:44.9709119Z [=======                                ] 19% Downloading android-ndk-r26b-linux
build	Install NDK + Build Tools	2026-10-09T16:52:44.9709639Z [=======                                ] 20% Downloading android-ndk-r26b-linux
build	Install NDK + Build Tools	2026-10-09T16:52:44.9710054Z [========                               ] 20% Downloading android-ndk-r26b-linux
build	Install NDK + Build Tools	2026-10-09T16:52:44.9710528Z [========                               ] 21% Downloading android-ndk-r26b-linux
build	Install NDK + Build Tools	2026-10-09T16:52:44.9710972Z [========                               ] 22% Downloading android-ndk-r26b-linux
build	Install NDK + Build Tools	2026-10-09T16:52:44.9711385Z [=========                              ] 23% Downloading android-ndk-r26b-linux
build	Install NDK + Build Tools	2026-10-09T16:52:44.9711805Z [=========                              ] 24% Downloading android-ndk-r26b-linux
build	Install NDK + Build Tools	2026-10-09T16:52:44.9712224Z [=========                              ] 25% Downloading android-ndk-r26b-linux
build	Install NDK + Build Tools	2026-10-09T16:52:44.9712662Z [==========                             ] 25% Downloading android-ndk-r26b-linux
build	Install NDK + Build Tools	2026-10-09T16:52:44.9713074Z [==========                             ] 26% Downloading android-ndk-r26b-linux
build	Install NDK + Build Tools	2026-10-09T16:52:44.9713482Z [==========                             ] 27% Downloading android-ndk-r26b-linux
build	Install NDK + Build Tools	2026-10-09T16:52:44.9713897Z [===========                            ] 28% Downloading android-ndk-r26b-linux
build	Install NDK + Build Tools	2026-10-09T16:52:44.9714306Z [===========                            ] 29% Downloading android-ndk-r26b-linux
build	Install NDK + Build Tools	2026-10-09T16:52:44.9714715Z [===========                            ] 30% Downloading android-ndk-r26b-linux
build	Install NDK + Build Tools	2026-10-09T16:52:44.9715072Z [============                           ] 30% Downloading android-ndk-r26b-linux
build	Install NDK + Build Tools	2026-10-09T16:52:44.9715615Z [============                           ] 31% Downloading android-ndk-r26b-linux
build	Install NDK + Build Tools	2026-10-09T16:52:44.9715987Z [============                           ] 32% Downloading android-ndk-r26b-linux
build	Install NDK + Build Tools	2026-10-09T16:52:44.9716347Z [============                           ] 33% Downloading android-ndk-r26b-linux
build	Install NDK + Build Tools	2026-10-09T16:52:44.9716697Z [============                           ] 33% Unzipping...                      
build	Install NDK + Build Tools	2026-10-09T16:52:44.9717051Z [============                           ] 33% Unzipping... android-ndk-r26b/    
build	Install NDK + Build Tools	2026-10-09T16:52:44.9717408Z [============                           ] 33% Unzipping... android-ndk-r26b/CHAN
build	Install NDK + Build Tools	2026-10-09T16:52:44.9717763Z [=============                          ] 33% Unzipping... android-ndk-r26b/CHAN
build	Install NDK + Build Tools	2026-10-09T16:52:44.9718123Z [=============                          ] 33% Unzipping... android-ndk-r26b/wrap
build	Install NDK + Build Tools	2026-10-09T16:52:44.9718478Z [=============                          ] 33% Unzipping... android-ndk-r26b/preb
build	Install NDK + Build Tools	2026-10-09T16:52:44.9742704Z [=============                          ] 33% Unzipping... android-ndk-r26b/buil
build	Install NDK + Build Tools	2026-10-09T16:52:44.9743449Z [=============                          ] 33% Unzipping... android-ndk-r26b/NOTI
build	Install NDK + Build Tools	2026-10-09T16:52:44.9744415Z [=============                          ] 33% Unzipping... android-ndk-r26b/ndk-
build	Install NDK + Build Tools	2026-10-09T16:52:44.9745163Z [=============                          ] 33% Unzipping... android-ndk-r26b/NOTI
build	Install NDK + Build Tools	2026-10-09T16:52:44.9745868Z [=============                          ] 33% Unzipping... android-ndk-r26b/meta
build	Install NDK + Build Tools	2026-10-09T16:52:44.9746545Z [=============                          ] 33% Unzipping... android-ndk-r26b/ndk-
build	Install NDK + Build Tools	2026-10-09T16:52:44.9747205Z [=============                          ] 33% Unzipping... android-ndk-r26b/pyth
build	Install NDK + Build Tools	2026-10-09T16:52:44.9747884Z [=============                          ] 33% Unzipping... android-ndk-r26b/sour
build	Install NDK + Build Tools	2026-10-09T16:52:44.9748584Z [=============                          ] 33% Unzipping... android-ndk-r26b/simp
build	Install NDK + Build Tools	2026-10-09T16:52:44.9749524Z [=============                          ] 33% Unzipping... android-ndk-r26b/ndk-
build	Install NDK + Build Tools	2026-10-09T16:52:44.9750219Z [=============                          ] 33% Unzipping... android-ndk-r26b/READ
build	Install NDK + Build Tools	2026-10-09T16:52:44.9750902Z [=============                          ] 33% Unzipping... android-ndk-r26b/tool
build	Install NDK + Build Tools	2026-10-09T16:52:44.9751567Z [=============                          ] 34% Unzipping... android-ndk-r26b/tool
build	Install NDK + Build Tools	2026-10-09T16:52:44.9752250Z [=============                          ] 35% Unzipping... android-ndk-r26b/tool
build	Install NDK + Build Tools	2026-10-09T16:52:44.9752984Z [==============                         ] 35% Unzipping... android-ndk-r26b/tool
build	Install NDK + Build Tools	2026-10-09T16:52:44.9753647Z [==============                         ] 36% Unzipping... android-ndk-r26b/tool
build	Install NDK + Build Tools	2026-10-09T16:52:44.9754307Z [==============                         ] 37% Unzipping... android-ndk-r26b/tool
build	Install NDK + Build Tools	2026-10-09T16:52:44.9754990Z [===============                        ] 38% Unzipping... android-ndk-r26b/tool
build	Install NDK + Build Tools	2026-10-09T16:52:44.9755663Z [===============                        ] 39% Unzipping... android-ndk-r26b/tool
build	Install NDK + Build Tools	2026-10-09T16:52:44.9756384Z [===============                        ] 40% Unzipping... android-ndk-r26b/tool
build	Install NDK + Build Tools	2026-10-09T16:52:44.9757062Z [================                       ] 40% Unzipping... android-ndk-r26b/tool
build	Install NDK + Build Tools	2026-10-09T16:52:44.9757785Z [================                       ] 41% Unzipping... android-ndk-r26b/tool
build	Install NDK + Build Tools	2026-10-09T16:52:44.9758478Z [================                       ] 42% Unzipping... android-ndk-r26b/tool
build	Install NDK + Build Tools	2026-10-09T16:52:44.9759447Z [=================                      ] 43% Unzipping... android-ndk-r26b/tool
build	Install NDK + Build Tools	2026-10-09T16:52:44.9760153Z [=================                      ] 44% Unzipping... android-ndk-r26b/tool
build	Install NDK + Build Tools	2026-10-09T16:52:44.9760839Z [=================                      ] 45% Unzipping... android-ndk-r26b/tool
build	Install NDK + Build Tools	2026-10-09T16:52:44.9761517Z [==================                     ] 45% Unzipping... android-ndk-r26b/tool
build	Install NDK + Build Tools	2026-10-09T16:52:44.9762201Z [==================                     ] 46% Unzipping... android-ndk-r26b/tool
build	Install NDK + Build Tools	2026-10-09T16:52:44.9762877Z [==================                     ] 47% Unzipping... android-ndk-r26b/tool
build	Install NDK + Build Tools	2026-10-09T16:52:44.9763886Z [===================                    ] 48% Unzipping... android-ndk-r26b/tool
build	Install NDK + Build Tools	2026-10-09T16:52:44.9764536Z [===================                    ] 49% Unzipping... android-ndk-r26b/tool
build	Install NDK + Build Tools	2026-10-09T16:52:44.9765023Z [===================                    ] 50% Unzipping... android-ndk-r26b/tool
build	Install NDK + Build Tools	2026-10-09T16:52:44.9765411Z [====================                   ] 50% Unzipping... android-ndk-r26b/tool
build	Install NDK + Build Tools	2026-10-09T16:52:44.9765786Z [====================                   ] 51% Unzipping... android-ndk-r26b/tool
build	Install NDK + Build Tools	2026-10-09T16:52:44.9766186Z [====================                   ] 52% Unzipping... android-ndk-r26b/tool
build	Install NDK + Build Tools	2026-10-09T16:52:44.9766564Z [=====================                  ] 53% Unzipping... android-ndk-r26b/tool
build	Install NDK + Build Tools	2026-10-09T16:52:44.9766928Z [=====================                  ] 54% Unzipping... android-ndk-r26b/tool
build	Install NDK + Build Tools	2026-10-09T16:52:44.9767289Z [=====================                  ] 55% Unzipping... android-ndk-r26b/tool
build	Install NDK + Build Tools	2026-10-09T16:52:44.9767665Z [=====================                  ] 55% Unzipping... android-ndk-r26b/ndk-
build	Install NDK + Build Tools	2026-10-09T16:52:44.9768207Z [=====================                  ] 55% Unzipping... android-ndk-r26b/shad
build	Install NDK + Build Tools	2026-10-09T16:52:44.9768573Z [=======================================] 100% Unzipping... android-ndk-r26b/sha
build	Install NDK + Build Tools	2026-10-09T16:52:44.9769107Z 
build	Install NDK + Build Tools	2026-10-09T16:52:46.4069483Z Loading package information...                                                  
build	Install NDK + Build Tools	2026-10-09T16:52:46.4070538Z Loading local repository...                                                     
build	Install NDK + Build Tools	2026-10-09T16:52:46.4071002Z [                                       ] 3% Loading local repository...        
build	Install NDK + Build Tools	2026-10-09T16:52:46.4071522Z [                                       ] 3% Fetch remote repository...         
build	Install NDK + Build Tools	2026-10-09T16:52:46.4071930Z [=                                      ] 3% Fetch remote repository...         
build	Install NDK + Build Tools	2026-10-09T16:52:46.4072317Z [=                                      ] 4% Fetch remote repository...         
build	Install NDK + Build Tools	2026-10-09T16:52:46.4072724Z [=                                      ] 5% Fetch remote repository...         
build	Install NDK + Build Tools	2026-10-09T16:52:46.4073125Z [==                                     ] 5% Fetch remote repository...         
build	Install NDK + Build Tools	2026-10-09T16:52:46.4073508Z [==                                     ] 6% Fetch remote repository...         
build	Install NDK + Build Tools	2026-10-09T16:52:46.4073881Z [==                                     ] 7% Fetch remote repository...         
build	Install NDK + Build Tools	2026-10-09T16:52:46.4074267Z [==                                     ] 7% Computing updates...               
build	Install NDK + Build Tools	2026-10-09T16:52:46.4074640Z [===                                    ] 8% Computing updates...               
build	Install NDK + Build Tools	2026-10-09T16:52:46.4075023Z [===                                    ] 10% Computing updates...              
build	Install NDK + Build Tools	2026-10-09T16:52:46.4075459Z [=======================================] 100% Computing updates...             
build	Install NDK + Build Tools	2026-10-09T16:52:46.4075916Z 
build	Install NDK + Build Tools	2026-10-09T16:52:48.0217341Z Loading package information...                                                  
build	Install NDK + Build Tools	2026-10-09T16:52:48.0218261Z Loading local repository...                                                     
build	Install NDK + Build Tools	2026-10-09T16:52:48.0218998Z [                                       ] 3% Loading local repository...        
build	Install NDK + Build Tools	2026-10-09T16:52:48.0219681Z [                                       ] 3% Fetch remote repository...         
build	Install NDK + Build Tools	2026-10-09T16:52:48.0220375Z [=                                      ] 3% Fetch remote repository...         
build	Install NDK + Build Tools	2026-10-09T16:52:48.0220978Z [=                                      ] 4% Fetch remote repository...         
build	Install NDK + Build Tools	2026-10-09T16:52:48.0221606Z [=                                      ] 5% Fetch remote repository...         
build	Install NDK + Build Tools	2026-10-09T16:52:48.0222234Z [==                                     ] 5% Fetch remote repository...         
build	Install NDK + Build Tools	2026-10-09T16:52:48.0222887Z [==                                     ] 6% Fetch remote repository...         
build	Install NDK + Build Tools	2026-10-09T16:52:48.0223561Z [==                                     ] 7% Fetch remote repository...         
build	Install NDK + Build Tools	2026-10-09T16:52:48.0224463Z [==                                     ] 7% Computing updates...               
build	Install NDK + Build Tools	2026-10-09T16:52:48.0224887Z [===                                    ] 8% Computing updates...               
build	Install NDK + Build Tools	2026-10-09T16:52:48.0225312Z [===                                    ] 10% Computing updates...              
build	Install NDK + Build Tools	2026-10-09T16:52:48.0225728Z [=======================================] 100% Computing updates...             
build	Install NDK + Build Tools	2026-10-09T16:52:48.0225995Z 
build	Install NDK + Build Tools	2026-10-09T16:52:48.0226014Z 
build	Install NDK + Build Tools	2026-10-09T16:52:48.0226095Z NDK:
build	Install NDK + Build Tools	2026-10-09T16:52:48.0237941Z total 24
build	Install NDK + Build Tools	2026-10-09T16:52:48.0238347Z drwxrwxrwx  6 root   root   4096 Oct  9 16:52 .
build	Install NDK + Build Tools	2026-10-09T16:52:48.0239286Z drwxrwxrwx 11 root   root   4096 Oct  4 21:51 ..
build	Install NDK + Build Tools	2026-10-09T16:52:48.0240086Z drwxr-xr-x 11 runner runner 4096 Oct  9 16:52 26.1.10909125
build	Install NDK + Build Tools	2026-10-09T16:52:48.0240769Z drwxrwxrwx 11 root   root   4096 Oct  4 21:51 27.3.13750724
build	Install NDK + Build Tools	2026-10-09T16:52:48.0241457Z drwxrwxrwx 11 root   root   4096 Oct  4 21:51 29.0.14206865
build	Install NDK + Build Tools	2026-10-09T16:52:48.0242046Z drwxrwxrwx 10 root   root   4096 Oct  4 21:50 30.0.16248370
build	Install NDK + Build Tools	2026-10-09T16:52:48.0331680Z GNU Make 4.3
build	Install NDK + Build Tools	2026-10-09T16:52:48.0332307Z Built for x86_64-pc-linux-gnu
build	Install NDK + Build Tools	2026-10-09T16:52:48.0332744Z Copyright (C) 1988-2020 Free Software Foundation, Inc.
build	Install NDK + Build Tools	2026-10-09T16:52:48.0333212Z License GPLv3+: GNU GPL version 3 or later <http://gnu.org/licenses/gpl.html>
build	Install NDK + Build Tools	2026-10-09T16:52:48.0333712Z This is free software: you are free to change and redistribute it.
build	Install NDK + Build Tools	2026-10-09T16:52:48.0334166Z There is NO WARRANTY, to the extent permitted by law.
build	Verify project layout	﻿2026-10-09T16:52:48.0370847Z ##[group]Run echo "=== jni ==="
build	Verify project layout	2026-10-09T16:52:48.0371190Z ^[[36;1mecho "=== jni ==="^[[0m
build	Verify project layout	2026-10-09T16:52:48.0371437Z ^[[36;1mls app/src/main/jni/^[[0m
build	Verify project layout	2026-10-09T16:52:48.0371667Z ^[[36;1mecho ""^[[0m
build	Verify project layout	2026-10-09T16:52:48.0371877Z ^[[36;1mecho "=== all_libs ==="^[[0m
build	Verify project layout	2026-10-09T16:52:48.0372138Z ^[[36;1mls app/src/main/jni/all_libs/^[[0m
build	Verify project layout	2026-10-09T16:52:48.0372400Z ^[[36;1mecho ""^[[0m
build	Verify project layout	2026-10-09T16:52:48.0372609Z ^[[36;1mecho "=== YAM-G/LIBYAMJS ==="^[[0m
build	Verify project layout	2026-10-09T16:52:48.0372936Z ^[[36;1mls -la app/src/main/jni/all_libs/YAM-G/LIBYAMJS/^[[0m
build	Verify project layout	2026-10-09T16:52:48.0373261Z ^[[36;1mecho ""^[[0m
build	Verify project layout	2026-10-09T16:52:48.0373473Z ^[[36;1mecho "=== imgui ==="^[[0m
build	Verify project layout	2026-10-09T16:52:48.0373760Z ^[[36;1mls app/src/main/jni/all_libs/imgui/ | head -10^[[0m
build	Verify project layout	2026-10-09T16:52:48.0374061Z ^[[36;1mecho ""^[[0m
build	Verify project layout	2026-10-09T16:52:48.0374261Z ^[[36;1mecho "=== java ==="^[[0m
build	Verify project layout	2026-10-09T16:52:48.0374521Z ^[[36;1mls app/src/main/java/com/yamgg/modview/^[[0m
build	Verify project layout	2026-10-09T16:52:48.0374805Z ^[[36;1mecho ""^[[0m
build	Verify project layout	2026-10-09T16:52:48.0375004Z ^[[36;1mecho "=== scripts ==="^[[0m
build	Verify project layout	2026-10-09T16:52:48.0375273Z ^[[36;1mls scripts/^[[0m
build	Verify project layout	2026-10-09T16:52:48.0437086Z shell: /usr/bin/bash -e {0}
build	Verify project layout	2026-10-09T16:52:48.0437342Z env:
build	Verify project layout	2026-10-09T16:52:48.0437553Z   ANDROID_HOME: /usr/local/lib/android/sdk
build	Verify project layout	2026-10-09T16:52:48.0437871Z   ANDROID_SDK_ROOT: /usr/local/lib/android/sdk
build	Verify project layout	2026-10-09T16:52:48.0438170Z   NDK_VERSION: 26.1.10909125
build	Verify project layout	2026-10-09T16:52:48.0438514Z   JAVA_HOME: /opt/hostedtoolcache/Java_Temurin-Hotspot_jdk/17.0.20-1/x64
build	Verify project layout	2026-10-09T16:52:48.0439304Z   JAVA_HOME_17_X64: /opt/hostedtoolcache/Java_Temurin-Hotspot_jdk/17.0.20-1/x64
build	Verify project layout	2026-10-09T16:52:48.0439703Z ##[endgroup]
build	Verify project layout	2026-10-09T16:52:48.0519782Z === jni ===
build	Verify project layout	2026-10-09T16:52:48.0530695Z Android.mk
build	Verify project layout	2026-10-09T16:52:48.0531038Z Application.mk
build	Verify project layout	2026-10-09T16:52:48.0531261Z Bridge
build	Verify project layout	2026-10-09T16:52:48.0531469Z Core
build	Verify project layout	2026-10-09T16:52:48.0531666Z Includes
build	Verify project layout	2026-10-09T16:52:48.0531870Z JNI
build	Verify project layout	2026-10-09T16:52:48.0532066Z Main.cpp
build	Verify project layout	2026-10-09T16:52:48.0532259Z UI
build	Verify project layout	2026-10-09T16:52:48.0532579Z all_libs
build	Verify project layout	2026-10-09T16:52:48.0532773Z 
build	Verify project layout	2026-10-09T16:52:48.0533136Z === all_libs ===
build	Verify project layout	2026-10-09T16:52:48.0544018Z Dobby
build	Verify project layout	2026-10-09T16:52:48.0544510Z KittyMemory
build	Verify project layout	2026-10-09T16:52:48.0544724Z XDL
build	Verify project layout	2026-10-09T16:52:48.0544902Z YAM-G
build	Verify project layout	2026-10-09T16:52:48.0545083Z asmjit
build	Verify project layout	2026-10-09T16:52:48.0545413Z imgui
build	Verify project layout	2026-10-09T16:52:48.0545727Z json
build	Verify project layout	2026-10-09T16:52:48.0545914Z 
build	Verify project layout	2026-10-09T16:52:48.0546064Z === YAM-G/LIBYAMJS ===
build	Verify project layout	2026-10-09T16:52:48.0560429Z total 118616
build	Verify project layout	2026-10-09T16:52:48.0560862Z drwxr-xr-x 3 runner runner      4096 Oct  9 16:52 .
build	Verify project layout	2026-10-09T16:52:48.0561771Z drwxr-xr-x 4 runner runner      4096 Oct  9 16:52 ..
build	Verify project layout	2026-10-09T16:52:48.0562434Z -rw-r--r-- 1 runner runner       189 Oct  9 16:52 Android.mk
build	Verify project layout	2026-10-09T16:52:48.0563166Z drwxr-xr-x 2 runner runner      4096 Oct  9 16:52 include
build	Verify project layout	2026-10-09T16:52:48.0564106Z -rw-r--r-- 1 runner runner 121445628 Oct  9 16:52 libyamjs.a
build	Verify project layout	2026-10-09T16:52:48.0564656Z 
build	Verify project layout	2026-10-09T16:52:48.0564790Z === imgui ===
build	Verify project layout	2026-10-09T16:52:48.0578217Z LICENSE.txt
build	Verify project layout	2026-10-09T16:52:48.0578521Z backends
build	Verify project layout	2026-10-09T16:52:48.0578704Z docs
build	Verify project layout	2026-10-09T16:52:48.0579561Z examples
build	Verify project layout	2026-10-09T16:52:48.0579907Z imconfig.h
build	Verify project layout	2026-10-09T16:52:48.0580245Z imgui.cpp
build	Verify project layout	2026-10-09T16:52:48.0580572Z imgui.h
build	Verify project layout	2026-10-09T16:52:48.0580889Z imgui_demo.cpp
build	Verify project layout	2026-10-09T16:52:48.0581439Z imgui_draw.cpp
build	Verify project layout	2026-10-09T16:52:48.0581934Z imgui_internal.h
build	Verify project layout	2026-10-09T16:52:48.0582193Z 
build	Verify project layout	2026-10-09T16:52:48.0582276Z === java ===
build	Verify project layout	2026-10-09T16:52:48.0591104Z ModView.java
build	Verify project layout	2026-10-09T16:52:48.0591464Z ModView.java.pre_passthrough
build	Verify project layout	2026-10-09T16:52:48.0591745Z ModViewHelper.java
build	Verify project layout	2026-10-09T16:52:48.0593414Z 
build	Verify project layout	2026-10-09T16:52:48.0593689Z === scripts ===
build	Verify project layout	2026-10-09T16:52:48.0604155Z dex_to_header.py
build	Verify project layout	2026-10-09T16:52:48.0604558Z errors_only.sh
build	Verify project layout	2026-10-09T16:52:48.0604926Z generate-dex.sh
build	Verify project layout	2026-10-09T16:52:48.0605296Z git_setup.sh
build	Verify project layout	2026-10-09T16:52:48.0605529Z push.sh
build	Verify project layout	2026-10-09T16:52:48.0605741Z show_build_error.sh
build	Verify project layout	2026-10-09T16:52:48.0605984Z verify.sh
build	Verify Dobby source	﻿2026-10-09T16:52:48.0635948Z ##[group]Run echo "=== Dobby dir ==="
build	Verify Dobby source	2026-10-09T16:52:48.0636286Z ^[[36;1mecho "=== Dobby dir ==="^[[0m
build	Verify Dobby source	2026-10-09T16:52:48.0636572Z ^[[36;1mls app/src/main/jni/all_libs/Dobby/^[[0m
build	Verify Dobby source	2026-10-09T16:52:48.0636855Z ^[[36;1mecho ""^[[0m
build	Verify Dobby source	2026-10-09T16:52:48.0637061Z ^[[36;1mecho "=== source/ ==="^[[0m
build	Verify Dobby source	2026-10-09T16:52:48.0637377Z ^[[36;1mls app/src/main/jni/all_libs/Dobby/source/ | head -10^[[0m
build	Verify Dobby source	2026-10-09T16:52:48.0637706Z ^[[36;1mecho ""^[[0m
build	Verify Dobby source	2026-10-09T16:52:48.0637921Z ^[[36;1mecho "=== source file count ==="^[[0m
build	Verify Dobby source	2026-10-09T16:52:48.0638352Z ^[[36;1mfind app/src/main/jni/all_libs/Dobby/source -name "*.cc" -o -name "*.c" | wc -l^[[0m
build	Verify Dobby source	2026-10-09T16:52:48.0698428Z shell: /usr/bin/bash -e {0}
build	Verify Dobby source	2026-10-09T16:52:48.0698687Z env:
build	Verify Dobby source	2026-10-09T16:52:48.0699044Z   ANDROID_HOME: /usr/local/lib/android/sdk
build	Verify Dobby source	2026-10-09T16:52:48.0699366Z   ANDROID_SDK_ROOT: /usr/local/lib/android/sdk
build	Verify Dobby source	2026-10-09T16:52:48.0699658Z   NDK_VERSION: 26.1.10909125
build	Verify Dobby source	2026-10-09T16:52:48.0700018Z   JAVA_HOME: /opt/hostedtoolcache/Java_Temurin-Hotspot_jdk/17.0.20-1/x64
build	Verify Dobby source	2026-10-09T16:52:48.0700563Z   JAVA_HOME_17_X64: /opt/hostedtoolcache/Java_Temurin-Hotspot_jdk/17.0.20-1/x64
build	Verify Dobby source	2026-10-09T16:52:48.0700949Z ##[endgroup]
build	Verify Dobby source	2026-10-09T16:52:48.0777507Z === Dobby dir ===
build	Verify Dobby source	2026-10-09T16:52:48.0788240Z Android.mk
build	Verify Dobby source	2026-10-09T16:52:48.0788611Z builtin-plugin
build	Verify Dobby source	2026-10-09T16:52:48.0789113Z cmake
build	Verify Dobby source	2026-10-09T16:52:48.0789375Z external
build	Verify Dobby source	2026-10-09T16:52:48.0789551Z include
build	Verify Dobby source	2026-10-09T16:52:48.0789720Z source
build	Verify Dobby source	2026-10-09T16:52:48.0790260Z 
build	Verify Dobby source	2026-10-09T16:52:48.0790418Z === source/ ===
build	Verify Dobby source	2026-10-09T16:52:48.0802344Z Backend
build	Verify Dobby source	2026-10-09T16:52:48.0802829Z InstructionRelocation
build	Verify Dobby source	2026-10-09T16:52:48.0803543Z InterceptEntry.cpp
build	Verify Dobby source	2026-10-09T16:52:48.0803949Z InterceptEntry.h
build	Verify Dobby source	2026-10-09T16:52:48.0804261Z InterceptRouting
build	Verify Dobby source	2026-10-09T16:52:48.0804470Z Interceptor.cpp
build	Verify Dobby source	2026-10-09T16:52:48.0804665Z Interceptor.h
build	Verify Dobby source	2026-10-09T16:52:48.0804855Z MemoryAllocator
build	Verify Dobby source	2026-10-09T16:52:48.0805245Z PlatformUnifiedInterface
build	Verify Dobby source	2026-10-09T16:52:48.0805640Z TrampolineBridge
build	Verify Dobby source	2026-10-09T16:52:48.0805850Z 
build	Verify Dobby source	2026-10-09T16:52:48.0806011Z === source file count ===
build	Verify Dobby source	2026-10-09T16:52:48.0829222Z 83
build	Generate embedded dex	﻿2026-10-09T16:52:48.0861166Z ##[group]Run chmod +x scripts/generate-dex.sh scripts/dex_to_header.py
build	Generate embedded dex	2026-10-09T16:52:48.0861695Z ^[[36;1mchmod +x scripts/generate-dex.sh scripts/dex_to_header.py^[[0m
build	Generate embedded dex	2026-10-09T16:52:48.0862077Z ^[[36;1mbash scripts/generate-dex.sh^[[0m
build	Generate embedded dex	2026-10-09T16:52:48.0919278Z shell: /usr/bin/bash -e {0}
build	Generate embedded dex	2026-10-09T16:52:48.0919534Z env:
build	Generate embedded dex	2026-10-09T16:52:48.0919744Z   ANDROID_HOME: /usr/local/lib/android/sdk
build	Generate embedded dex	2026-10-09T16:52:48.0920062Z   ANDROID_SDK_ROOT: /usr/local/lib/android/sdk
build	Generate embedded dex	2026-10-09T16:52:48.0920519Z   NDK_VERSION: 26.1.10909125
build	Generate embedded dex	2026-10-09T16:52:48.0920865Z   JAVA_HOME: /opt/hostedtoolcache/Java_Temurin-Hotspot_jdk/17.0.20-1/x64
build	Generate embedded dex	2026-10-09T16:52:48.0921359Z   JAVA_HOME_17_X64: /opt/hostedtoolcache/Java_Temurin-Hotspot_jdk/17.0.20-1/x64
build	Generate embedded dex	2026-10-09T16:52:48.0921749Z ##[endgroup]
build	Generate embedded dex	2026-10-09T16:52:48.1112744Z Build tools: 37.0.0
build	Generate embedded dex	2026-10-09T16:52:48.1113209Z Platform: android-37.2-beta3
build	Generate embedded dex	2026-10-09T16:52:48.1113663Z Android JAR: /usr/local/lib/android/sdk/platforms/android-37.2-beta3/android.jar
build	Generate embedded dex	2026-10-09T16:52:48.1114297Z D8: /usr/local/lib/android/sdk/build-tools/37.0.0/d8
build	Generate embedded dex	2026-10-09T16:52:48.1114865Z Compiling Java sources...
build	Generate embedded dex	2026-10-09T16:52:49.0540570Z Note: /home/runner/work/YAM-GG/YAM-GG/app/src/main/java/com/yamgg/modview/ModView.java uses or overrides a deprecated API.
build	Generate embedded dex	2026-10-09T16:52:49.0541347Z Note: Recompile with -Xlint:deprecation for details.
build	Generate embedded dex	2026-10-09T16:52:49.0543985Z Compiled classes:
build	Generate embedded dex	2026-10-09T16:52:49.0559180Z /home/runner/work/YAM-GG/YAM-GG/build/dex-build/classes/com/yamgg/modview/ModView$2.class
build	Generate embedded dex	2026-10-09T16:52:49.0559970Z /home/runner/work/YAM-GG/YAM-GG/build/dex-build/classes/com/yamgg/modview/ModViewHelper.class
build	Generate embedded dex	2026-10-09T16:52:49.0560639Z /home/runner/work/YAM-GG/YAM-GG/build/dex-build/classes/com/yamgg/modview/ModView.class
build	Generate embedded dex	2026-10-09T16:52:49.0561715Z /home/runner/work/YAM-GG/YAM-GG/build/dex-build/classes/com/yamgg/modview/ModView$1.class
build	Generate embedded dex	2026-10-09T16:52:49.0562716Z Converting to DEX...
build	Generate embedded dex	2026-10-09T16:52:51.4925231Z DEX size: 7004 bytes
build	Generate embedded dex	2026-10-09T16:52:51.4925799Z Generating C header...
build	Generate embedded dex	2026-10-09T16:52:51.5117207Z Generated header:
build	Generate embedded dex	2026-10-09T16:52:51.5127218Z 454 /home/runner/work/YAM-GG/YAM-GG/app/src/main/jni/Generated/embedded_dex.h
build	Generate embedded dex	2026-10-09T16:52:51.5137651Z // Auto-generated. Do not edit.
build	Generate embedded dex	2026-10-09T16:52:51.5138232Z #ifndef YAMGG_EMBEDDED_DEX_H
build	Generate embedded dex	2026-10-09T16:52:51.5138707Z #define YAMGG_EMBEDDED_DEX_H
build	Generate embedded dex	2026-10-09T16:52:51.5139259Z 
build	Generate embedded dex	2026-10-09T16:52:51.5139428Z #include <cstddef>
build	Generate embedded dex	2026-10-09T16:52:51.5139607Z 
build	Generate embedded dex	2026-10-09T16:52:51.5139714Z namespace yamgg {
build	Generate embedded dex	2026-10-09T16:52:51.5139904Z 
build	Generate embedded dex	2026-10-09T16:52:51.5140053Z static const unsigned int kDexSize = 7004;
build	Generate embedded dex	2026-10-09T16:52:51.5140310Z 
build	Generate embedded dex	2026-10-09T16:52:51.5140425Z DEX generation complete
build	Verify dex generation	﻿2026-10-09T16:52:51.5175972Z ##[group]Run ls -la app/src/main/jni/Generated/
build	Verify dex generation	2026-10-09T16:52:51.5176414Z ^[[36;1mls -la app/src/main/jni/Generated/^[[0m
build	Verify dex generation	2026-10-09T16:52:51.5176773Z ^[[36;1mwc -l app/src/main/jni/Generated/embedded_dex.h^[[0m
build	Verify dex generation	2026-10-09T16:52:51.5177167Z ^[[36;1mhead -15 app/src/main/jni/Generated/embedded_dex.h^[[0m
build	Verify dex generation	2026-10-09T16:52:51.5238962Z shell: /usr/bin/bash -e {0}
build	Verify dex generation	2026-10-09T16:52:51.5239327Z env:
build	Verify dex generation	2026-10-09T16:52:51.5239547Z   ANDROID_HOME: /usr/local/lib/android/sdk
build	Verify dex generation	2026-10-09T16:52:51.5239862Z   ANDROID_SDK_ROOT: /usr/local/lib/android/sdk
build	Verify dex generation	2026-10-09T16:52:51.5240161Z   NDK_VERSION: 26.1.10909125
build	Verify dex generation	2026-10-09T16:52:51.5240502Z   JAVA_HOME: /opt/hostedtoolcache/Java_Temurin-Hotspot_jdk/17.0.20-1/x64
build	Verify dex generation	2026-10-09T16:52:51.5241005Z   JAVA_HOME_17_X64: /opt/hostedtoolcache/Java_Temurin-Hotspot_jdk/17.0.20-1/x64
build	Verify dex generation	2026-10-09T16:52:51.5241404Z ##[endgroup]
build	Verify dex generation	2026-10-09T16:52:51.5331649Z total 52
build	Verify dex generation	2026-10-09T16:52:51.5332197Z drwxr-xr-x 2 runner runner  4096 Oct  9 16:52 .
build	Verify dex generation	2026-10-09T16:52:51.5332934Z drwxr-xr-x 9 runner runner  4096 Oct  9 16:52 ..
build	Verify dex generation	2026-10-09T16:52:51.5333611Z -rw-r--r-- 1 runner runner 44051 Oct  9 16:52 embedded_dex.h
build	Verify dex generation	2026-10-09T16:52:51.5345225Z 454 app/src/main/jni/Generated/embedded_dex.h
build	Verify dex generation	2026-10-09T16:52:51.5356564Z // Auto-generated. Do not edit.
build	Verify dex generation	2026-10-09T16:52:51.5357201Z #ifndef YAMGG_EMBEDDED_DEX_H
build	Verify dex generation	2026-10-09T16:52:51.5357596Z #define YAMGG_EMBEDDED_DEX_H
build	Verify dex generation	2026-10-09T16:52:51.5357934Z 
build	Verify dex generation	2026-10-09T16:52:51.5358253Z #include <cstddef>
build	Verify dex generation	2026-10-09T16:52:51.5358713Z 
build	Verify dex generation	2026-10-09T16:52:51.5359155Z namespace yamgg {
build	Verify dex generation	2026-10-09T16:52:51.5359386Z 
build	Verify dex generation	2026-10-09T16:52:51.5359578Z static const unsigned int kDexSize = 7004;
build	Verify dex generation	2026-10-09T16:52:51.5359940Z 
build	Verify dex generation	2026-10-09T16:52:51.5360151Z static const unsigned char kDexBytes[] = {
build	Verify dex generation	2026-10-09T16:52:51.5360919Z     0x64, 0x65, 0x78, 0x0a, 0x30, 0x33, 0x37, 0x00, 0x46, 0xa0, 0xa7, 0x9a, 0x10, 0x97, 0x2e, 0xab,
build	Verify dex generation	2026-10-09T16:52:51.5362146Z     0x9c, 0x99, 0x62, 0x83, 0x82, 0xef, 0x49, 0xc3, 0x7b, 0x20, 0x93, 0x90, 0x60, 0x02, 0xd0, 0x71,
build	Verify dex generation	2026-10-09T16:52:51.5363100Z     0x5c, 0x1b, 0x00, 0x00, 0x70, 0x00, 0x00, 0x00, 0x78, 0x56, 0x34, 0x12, 0x00, 0x00, 0x00, 0x00,
build	Verify dex generation	2026-10-09T16:52:51.5364043Z     0x00, 0x00, 0x00, 0x00, 0x8c, 0x1a, 0x00, 0x00, 0x88, 0x00, 0x00, 0x00, 0x70, 0x00, 0x00, 0x00,
build	Build .so with ndk-build	﻿2026-10-09T16:52:51.5396409Z ##[group]Run set -e
build	Build .so with ndk-build	2026-10-09T16:52:51.5396677Z ^[[36;1mset -e^[[0m
build	Build .so with ndk-build	2026-10-09T16:52:51.5396891Z ^[[36;1mcd app/src/main/jni^[[0m
build	Build .so with ndk-build	2026-10-09T16:52:51.5397185Z ^[[36;1m$ANDROID_HOME/ndk/$NDK_VERSION/ndk-build \^[[0m
build	Build .so with ndk-build	2026-10-09T16:52:51.5397500Z ^[[36;1m  NDK_PROJECT_PATH=. \^[[0m
build	Build .so with ndk-build	2026-10-09T16:52:51.5397781Z ^[[36;1m  APP_BUILD_SCRIPT=./Android.mk \^[[0m
build	Build .so with ndk-build	2026-10-09T16:52:51.5398107Z ^[[36;1m  NDK_APPLICATION_MK=./Application.mk \^[[0m
build	Build .so with ndk-build	2026-10-09T16:52:51.5398407Z ^[[36;1m  NDK_OUT=/tmp/ndk-out \^[[0m
build	Build .so with ndk-build	2026-10-09T16:52:51.5398669Z ^[[36;1m  NDK_LIBS_OUT=/tmp/ndk-libs \^[[0m
build	Build .so with ndk-build	2026-10-09T16:52:51.5399247Z ^[[36;1m  V=1 2>&1 | tee /tmp/ndk-build.log^[[0m
build	Build .so with ndk-build	2026-10-09T16:52:51.5454262Z shell: /usr/bin/bash -e {0}
build	Build .so with ndk-build	2026-10-09T16:52:51.5454520Z env:
build	Build .so with ndk-build	2026-10-09T16:52:51.5454737Z   ANDROID_HOME: /usr/local/lib/android/sdk
build	Build .so with ndk-build	2026-10-09T16:52:51.5455051Z   ANDROID_SDK_ROOT: /usr/local/lib/android/sdk
build	Build .so with ndk-build	2026-10-09T16:52:51.5455339Z   NDK_VERSION: 26.1.10909125
build	Build .so with ndk-build	2026-10-09T16:52:51.5455694Z   JAVA_HOME: /opt/hostedtoolcache/Java_Temurin-Hotspot_jdk/17.0.20-1/x64
build	Build .so with ndk-build	2026-10-09T16:52:51.5456245Z   JAVA_HOME_17_X64: /opt/hostedtoolcache/Java_Temurin-Hotspot_jdk/17.0.20-1/x64
build	Build .so with ndk-build	2026-10-09T16:52:51.5456636Z ##[endgroup]
build	Build .so with ndk-build	2026-10-09T16:52:51.7183319Z Android NDK: WARNING:all_libs/YAM-G/wrapper/Android.mk:YAMGG: non-system libraries in linker flags: -lc++_static -lunwind    
build	Build .so with ndk-build	2026-10-09T16:52:51.7185180Z Android NDK:     This is likely to result in incorrect builds. Try using LOCAL_STATIC_LIBRARIES    
build	Build .so with ndk-build	2026-10-09T16:52:51.7186298Z Android NDK:     or LOCAL_SHARED_LIBRARIES instead to list the library dependencies of the    
build	Build .so with ndk-build	2026-10-09T16:52:51.7186999Z Android NDK:     current module    
build	Build .so with ndk-build	2026-10-09T16:52:51.7187672Z Android NDK: WARNING:all_libs/XDL/Android.mk:xdl: LOCAL_LDLIBS is always ignored for static libraries    
build	Build .so with ndk-build	2026-10-09T16:52:51.7188534Z Android NDK: WARNING:all_libs/YAM-G/wrapper/Android.mk:yamcpp: LOCAL_LDLIBS is always ignored for static libraries    
build	Build .so with ndk-build	2026-10-09T16:52:51.7190144Z Android NDK: WARNING:all_libs/YAM-G/wrapper/Android.mk:yamcpp: non-system libraries in linker flags: -lc++_static -lunwind    
build	Build .so with ndk-build	2026-10-09T16:52:51.7191039Z Android NDK:     This is likely to result in incorrect builds. Try using LOCAL_STATIC_LIBRARIES    
build	Build .so with ndk-build	2026-10-09T16:52:51.7191742Z Android NDK:     or LOCAL_SHARED_LIBRARIES instead to list the library dependencies of the    
build	Build .so with ndk-build	2026-10-09T16:52:51.7192257Z Android NDK:     current module    
build	Build .so with ndk-build	2026-10-09T16:52:51.7192554Z rm -f /tmp/ndk-libs/arm64-v8a/*
build	Build .so with ndk-build	2026-10-09T16:52:51.7226101Z [arm64-v8a] Compile++      : YAMGG <= Main.cpp
build	Build .so with ndk-build	2026-10-09T16:52:51.7227007Z rm -f /tmp/ndk-out/local/arm64-v8a/objs/YAMGG/Main.o
build	Build .so with ndk-build	2026-10-09T16:52:51.7241326Z /usr/local/lib/android/sdk/ndk/26.1.10909125/toolchains/llvm/prebuilt/linux-x86_64/bin/clang++ -MMD -MP -MF /tmp/ndk-out/local/arm64-v8a/objs/YAMGG/Main.o.d -target aarch64-none-linux-android24 -fdata-sections -ffunction-sections -fstack-protector-strong -funwind-tables -no-canonical-prefixes  --sysroot /usr/local/lib/android/sdk/ndk/26.1.10909125/toolchains/llvm/prebuilt/linux-x86_64/sysroot -g -Wno-invalid-command-line-argument -Wno-unused-command-line-argument  -D_FORTIFY_SOURCE=2 -fno-exceptions -fno-rtti -fpic -O2 -DNDEBUG  -I. -I./Core -I./UI -I./UI/Tabs -I./UI/Widgets -I./Bridge -I./JNI -I./Generated -I./Includes -I./all_libs/imgui -I./all_libs/imgui/backends -I./all_libs/json -I./all_libs/YAM-G/LIBYAMJS/include -I./all_libs/YAM-G/wrapper/include -I./all_libs/XDL -I./all_libs/XDL/include -I./all_libs/Dobby/prebuilt/include -I./all_libs/KittyMemory/KittyMemory -I./all_libs/KittyMemory/KittyMemory/Deps/Keystone/includes -Iall_libs/XDL -Iall_libs/XDL/include -Iall_libs/YAM-G/wrapper/include -Iall_libs/KittyMemory/KittyMemory/Deps/Keystone/includes -Iall_libs/YAM-G/LIBYAMJS/include -I. -O2 -DNDEBUG -w -std=c++17 -fexceptions -frtti -O2 -DNDEBUG -w  -DANDROID -w -O2 -DNDEBUG -Wformat -Werror=format-security -std=c++17 -fexceptions -frtti -fPIC -w -O2 -DNDEBUG -DIMGUI_IMPL_OPENGL_ES3=1 -DIMGUI_DISABLE_OBSOLETE_FUNCTIONS=1 -Wno-error -DYAM_ARCH_ARM64=1 -frtti -fexceptions  -c  ./Main.cpp -o /tmp/ndk-out/local/arm64-v8a/objs/YAMGG/Main.o
build	Build .so with ndk-build	2026-10-09T16:52:52.1610073Z [arm64-v8a] Compile++      : YAMGG <= NativeMethods.cpp
build	Build .so with ndk-build	2026-10-09T16:52:52.1610849Z rm -f /tmp/ndk-out/local/arm64-v8a/objs/YAMGG/JNI/NativeMethods.o
build	Build .so with ndk-build	2026-10-09T16:52:52.1625572Z /usr/local/lib/android/sdk/ndk/26.1.10909125/toolchains/llvm/prebuilt/linux-x86_64/bin/clang++ -MMD -MP -MF /tmp/ndk-out/local/arm64-v8a/objs/YAMGG/JNI/NativeMethods.o.d -target aarch64-none-linux-android24 -fdata-sections -ffunction-sections -fstack-protector-strong -funwind-tables -no-canonical-prefixes  --sysroot /usr/local/lib/android/sdk/ndk/26.1.10909125/toolchains/llvm/prebuilt/linux-x86_64/sysroot -g -Wno-invalid-command-line-argument -Wno-unused-command-line-argument  -D_FORTIFY_SOURCE=2 -fno-exceptions -fno-rtti -fpic -O2 -DNDEBUG  -I. -I./Core -I./UI -I./UI/Tabs -I./UI/Widgets -I./Bridge -I./JNI -I./Generated -I./Includes -I./all_libs/imgui -I./all_libs/imgui/backends -I./all_libs/json -I./all_libs/YAM-G/LIBYAMJS/include -I./all_libs/YAM-G/wrapper/include -I./all_libs/XDL -I./all_libs/XDL/include -I./all_libs/Dobby/prebuilt/include -I./all_libs/KittyMemory/KittyMemory -I./all_libs/KittyMemory/KittyMemory/Deps/Keystone/includes -Iall_libs/XDL -Iall_libs/XDL/include -Iall_libs/YAM-G/wrapper/include -Iall_libs/KittyMemory/KittyMemory/Deps/Keystone/includes -Iall_libs/YAM-G/LIBYAMJS/include -I. -O2 -DNDEBUG -w -std=c++17 -fexceptions -frtti -O2 -DNDEBUG -w  -DANDROID -w -O2 -DNDEBUG -Wformat -Werror=format-security -std=c++17 -fexceptions -frtti -fPIC -w -O2 -DNDEBUG -DIMGUI_IMPL_OPENGL_ES3=1 -DIMGUI_DISABLE_OBSOLETE_FUNCTIONS=1 -Wno-error -DYAM_ARCH_ARM64=1 -frtti -fexceptions  -c  ./JNI/NativeMethods.cpp -o /tmp/ndk-out/local/arm64-v8a/objs/YAMGG/JNI/NativeMethods.o
build	Build .so with ndk-build	2026-10-09T16:52:52.5629063Z [arm64-v8a] Compile++      : YAMGG <= Runtime.cpp
build	Build .so with ndk-build	2026-10-09T16:52:52.5629957Z rm -f /tmp/ndk-out/local/arm64-v8a/objs/YAMGG/Core/Runtime.o
build	Build .so with ndk-build	2026-10-09T16:52:52.5644015Z /usr/local/lib/android/sdk/ndk/26.1.10909125/toolchains/llvm/prebuilt/linux-x86_64/bin/clang++ -MMD -MP -MF /tmp/ndk-out/local/arm64-v8a/objs/YAMGG/Core/Runtime.o.d -target aarch64-none-linux-android24 -fdata-sections -ffunction-sections -fstack-protector-strong -funwind-tables -no-canonical-prefixes  --sysroot /usr/local/lib/android/sdk/ndk/26.1.10909125/toolchains/llvm/prebuilt/linux-x86_64/sysroot -g -Wno-invalid-command-line-argument -Wno-unused-command-line-argument  -D_FORTIFY_SOURCE=2 -fno-exceptions -fno-rtti -fpic -O2 -DNDEBUG  -I. -I./Core -I./UI -I./UI/Tabs -I./UI/Widgets -I./Bridge -I./JNI -I./Generated -I./Includes -I./all_libs/imgui -I./all_libs/imgui/backends -I./all_libs/json -I./all_libs/YAM-G/LIBYAMJS/include -I./all_libs/YAM-G/wrapper/include -I./all_libs/XDL -I./all_libs/XDL/include -I./all_libs/Dobby/prebuilt/include -I./all_libs/KittyMemory/KittyMemory -I./all_libs/KittyMemory/KittyMemory/Deps/Keystone/includes -Iall_libs/XDL -Iall_libs/XDL/include -Iall_libs/YAM-G/wrapper/include -Iall_libs/KittyMemory/KittyMemory/Deps/Keystone/includes -Iall_libs/YAM-G/LIBYAMJS/include -I. -O2 -DNDEBUG -w -std=c++17 -fexceptions -frtti -O2 -DNDEBUG -w  -DANDROID -w -O2 -DNDEBUG -Wformat -Werror=format-security -std=c++17 -fexceptions -frtti -fPIC -w -O2 -DNDEBUG -DIMGUI_IMPL_OPENGL_ES3=1 -DIMGUI_DISABLE_OBSOLETE_FUNCTIONS=1 -Wno-error -DYAM_ARCH_ARM64=1 -frtti -fexceptions  -c  ./Core/Runtime.cpp -o /tmp/ndk-out/local/arm64-v8a/objs/YAMGG/Core/Runtime.o
build	Build .so with ndk-build	2026-10-09T16:52:53.2834517Z [arm64-v8a] Compile++      : YAMGG <= DexLoader.cpp
build	Build .so with ndk-build	2026-10-09T16:52:53.2835801Z rm -f /tmp/ndk-out/local/arm64-v8a/objs/YAMGG/Core/DexLoader.o
build	Build .so with ndk-build	2026-10-09T16:52:53.2850742Z /usr/local/lib/android/sdk/ndk/26.1.10909125/toolchains/llvm/prebuilt/linux-x86_64/bin/clang++ -MMD -MP -MF /tmp/ndk-out/local/arm64-v8a/objs/YAMGG/Core/DexLoader.o.d -target aarch64-none-linux-android24 -fdata-sections -ffunction-sections -fstack-protector-strong -funwind-tables -no-canonical-prefixes  --sysroot /usr/local/lib/android/sdk/ndk/26.1.10909125/toolchains/llvm/prebuilt/linux-x86_64/sysroot -g -Wno-invalid-command-line-argument -Wno-unused-command-line-argument  -D_FORTIFY_SOURCE=2 -fno-exceptions -fno-rtti -fpic -O2 -DNDEBUG  -I. -I./Core -I./UI -I./UI/Tabs -I./UI/Widgets -I./Bridge -I./JNI -I./Generated -I./Includes -I./all_libs/imgui -I./all_libs/imgui/backends -I./all_libs/json -I./all_libs/YAM-G/LIBYAMJS/include -I./all_libs/YAM-G/wrapper/include -I./all_libs/XDL -I./all_libs/XDL/include -I./all_libs/Dobby/prebuilt/include -I./all_libs/KittyMemory/KittyMemory -I./all_libs/KittyMemory/KittyMemory/Deps/Keystone/includes -Iall_libs/XDL -Iall_libs/XDL/include -Iall_libs/YAM-G/wrapper/include -Iall_libs/KittyMemory/KittyMemory/Deps/Keystone/includes -Iall_libs/YAM-G/LIBYAMJS/include -I. -O2 -DNDEBUG -w -std=c++17 -fexceptions -frtti -O2 -DNDEBUG -w  -DANDROID -w -O2 -DNDEBUG -Wformat -Werror=format-security -std=c++17 -fexceptions -frtti -fPIC -w -O2 -DNDEBUG -DIMGUI_IMPL_OPENGL_ES3=1 -DIMGUI_DISABLE_OBSOLETE_FUNCTIONS=1 -Wno-error -DYAM_ARCH_ARM64=1 -frtti -fexceptions  -c  ./Core/DexLoader.cpp -o /tmp/ndk-out/local/arm64-v8a/objs/YAMGG/Core/DexLoader.o
build	Build .so with ndk-build	2026-10-09T16:52:53.6933120Z [arm64-v8a] Compile++      : YAMGG <= Renderer.cpp
build	Build .so with ndk-build	2026-10-09T16:52:53.6933801Z rm -f /tmp/ndk-out/local/arm64-v8a/objs/YAMGG/UI/Renderer.o
build	Build .so with ndk-build	2026-10-09T16:52:53.6949196Z /usr/local/lib/android/sdk/ndk/26.1.10909125/toolchains/llvm/prebuilt/linux-x86_64/bin/clang++ -MMD -MP -MF /tmp/ndk-out/local/arm64-v8a/objs/YAMGG/UI/Renderer.o.d -target aarch64-none-linux-android24 -fdata-sections -ffunction-sections -fstack-protector-strong -funwind-tables -no-canonical-prefixes  --sysroot /usr/local/lib/android/sdk/ndk/26.1.10909125/toolchains/llvm/prebuilt/linux-x86_64/sysroot -g -Wno-invalid-command-line-argument -Wno-unused-command-line-argument  -D_FORTIFY_SOURCE=2 -fno-exceptions -fno-rtti -fpic -O2 -DNDEBUG  -I. -I./Core -I./UI -I./UI/Tabs -I./UI/Widgets -I./Bridge -I./JNI -I./Generated -I./Includes -I./all_libs/imgui -I./all_libs/imgui/backends -I./all_libs/json -I./all_libs/YAM-G/LIBYAMJS/include -I./all_libs/YAM-G/wrapper/include -I./all_libs/XDL -I./all_libs/XDL/include -I./all_libs/Dobby/prebuilt/include -I./all_libs/KittyMemory/KittyMemory -I./all_libs/KittyMemory/KittyMemory/Deps/Keystone/includes -Iall_libs/XDL -Iall_libs/XDL/include -Iall_libs/YAM-G/wrapper/include -Iall_libs/KittyMemory/KittyMemory/Deps/Keystone/includes -Iall_libs/YAM-G/LIBYAMJS/include -I. -O2 -DNDEBUG -w -std=c++17 -fexceptions -frtti -O2 -DNDEBUG -w  -DANDROID -w -O2 -DNDEBUG -Wformat -Werror=format-security -std=c++17 -fexceptions -frtti -fPIC -w -O2 -DNDEBUG -DIMGUI_IMPL_OPENGL_ES3=1 -DIMGUI_DISABLE_OBSOLETE_FUNCTIONS=1 -Wno-error -DYAM_ARCH_ARM64=1 -frtti -fexceptions  -c  ./UI/Renderer.cpp -o /tmp/ndk-out/local/arm64-v8a/objs/YAMGG/UI/Renderer.o
build	Build .so with ndk-build	2026-10-09T16:52:54.1257321Z [arm64-v8a] Compile++      : YAMGG <= Theme.cpp
build	Build .so with ndk-build	2026-10-09T16:52:54.1258299Z rm -f /tmp/ndk-out/local/arm64-v8a/objs/YAMGG/UI/Theme.o
build	Build .so with ndk-build	2026-10-09T16:52:54.1272023Z /usr/local/lib/android/sdk/ndk/26.1.10909125/toolchains/llvm/prebuilt/linux-x86_64/bin/clang++ -MMD -MP -MF /tmp/ndk-out/local/arm64-v8a/objs/YAMGG/UI/Theme.o.d -target aarch64-none-linux-android24 -fdata-sections -ffunction-sections -fstack-protector-strong -funwind-tables -no-canonical-prefixes  --sysroot /usr/local/lib/android/sdk/ndk/26.1.10909125/toolchains/llvm/prebuilt/linux-x86_64/sysroot -g -Wno-invalid-command-line-argument -Wno-unused-command-line-argument  -D_FORTIFY_SOURCE=2 -fno-exceptions -fno-rtti -fpic -O2 -DNDEBUG  -I. -I./Core -I./UI -I./UI/Tabs -I./UI/Widgets -I./Bridge -I./JNI -I./Generated -I./Includes -I./all_libs/imgui -I./all_libs/imgui/backends -I./all_libs/json -I./all_libs/YAM-G/LIBYAMJS/include -I./all_libs/YAM-G/wrapper/include -I./all_libs/XDL -I./all_libs/XDL/include -I./all_libs/Dobby/prebuilt/include -I./all_libs/KittyMemory/KittyMemory -I./all_libs/KittyMemory/KittyMemory/Deps/Keystone/includes -Iall_libs/XDL -Iall_libs/XDL/include -Iall_libs/YAM-G/wrapper/include -Iall_libs/KittyMemory/KittyMemory/Deps/Keystone/includes -Iall_libs/YAM-G/LIBYAMJS/include -I. -O2 -DNDEBUG -w -std=c++17 -fexceptions -frtti -O2 -DNDEBUG -w  -DANDROID -w -O2 -DNDEBUG -Wformat -Werror=format-security -std=c++17 -fexceptions -frtti -fPIC -w -O2 -DNDEBUG -DIMGUI_IMPL_OPENGL_ES3=1 -DIMGUI_DISABLE_OBSOLETE_FUNCTIONS=1 -Wno-error -DYAM_ARCH_ARM64=1 -frtti -fexceptions  -c  ./UI/Theme.cpp -o /tmp/ndk-out/local/arm64-v8a/objs/YAMGG/UI/Theme.o
build	Build .so with ndk-build	2026-10-09T16:52:54.3391462Z [arm64-v8a] Compile++      : YAMGG <= MainWindow.cpp
build	Build .so with ndk-build	2026-10-09T16:52:54.3392308Z rm -f /tmp/ndk-out/local/arm64-v8a/objs/YAMGG/UI/MainWindow.o
build	Build .so with ndk-build	2026-10-09T16:52:54.3406631Z /usr/local/lib/android/sdk/ndk/26.1.10909125/toolchains/llvm/prebuilt/linux-x86_64/bin/clang++ -MMD -MP -MF /tmp/ndk-out/local/arm64-v8a/objs/YAMGG/UI/MainWindow.o.d -target aarch64-none-linux-android24 -fdata-sections -ffunction-sections -fstack-protector-strong -funwind-tables -no-canonical-prefixes  --sysroot /usr/local/lib/android/sdk/ndk/26.1.10909125/toolchains/llvm/prebuilt/linux-x86_64/sysroot -g -Wno-invalid-command-line-argument -Wno-unused-command-line-argument  -D_FORTIFY_SOURCE=2 -fno-exceptions -fno-rtti -fpic -O2 -DNDEBUG  -I. -I./Core -I./UI -I./UI/Tabs -I./UI/Widgets -I./Bridge -I./JNI -I./Generated -I./Includes -I./all_libs/imgui -I./all_libs/imgui/backends -I./all_libs/json -I./all_libs/YAM-G/LIBYAMJS/include -I./all_libs/YAM-G/wrapper/include -I./all_libs/XDL -I./all_libs/XDL/include -I./all_libs/Dobby/prebuilt/include -I./all_libs/KittyMemory/KittyMemory -I./all_libs/KittyMemory/KittyMemory/Deps/Keystone/includes -Iall_libs/XDL -Iall_libs/XDL/include -Iall_libs/YAM-G/wrapper/include -Iall_libs/KittyMemory/KittyMemory/Deps/Keystone/includes -Iall_libs/YAM-G/LIBYAMJS/include -I. -O2 -DNDEBUG -w -std=c++17 -fexceptions -frtti -O2 -DNDEBUG -w  -DANDROID -w -O2 -DNDEBUG -Wformat -Werror=format-security -std=c++17 -fexceptions -frtti -fPIC -w -O2 -DNDEBUG -DIMGUI_IMPL_OPENGL_ES3=1 -DIMGUI_DISABLE_OBSOLETE_FUNCTIONS=1 -Wno-error -DYAM_ARCH_ARM64=1 -frtti -fexceptions  -c  ./UI/MainWindow.cpp -o /tmp/ndk-out/local/arm64-v8a/objs/YAMGG/UI/MainWindow.o
build	Build .so with ndk-build	2026-10-09T16:52:54.8933410Z [arm64-v8a] Compile++      : YAMGG <= JSConsole.cpp
build	Build .so with ndk-build	2026-10-09T16:52:54.8934406Z rm -f /tmp/ndk-out/local/arm64-v8a/objs/YAMGG/UI/Tabs/JSConsole.o
build	Build .so with ndk-build	2026-10-09T16:52:54.8948593Z /usr/local/lib/android/sdk/ndk/26.1.10909125/toolchains/llvm/prebuilt/linux-x86_64/bin/clang++ -MMD -MP -MF /tmp/ndk-out/local/arm64-v8a/objs/YAMGG/UI/Tabs/JSConsole.o.d -target aarch64-none-linux-android24 -fdata-sections -ffunction-sections -fstack-protector-strong -funwind-tables -no-canonical-prefixes  --sysroot /usr/local/lib/android/sdk/ndk/26.1.10909125/toolchains/llvm/prebuilt/linux-x86_64/sysroot -g -Wno-invalid-command-line-argument -Wno-unused-command-line-argument  -D_FORTIFY_SOURCE=2 -fno-exceptions -fno-rtti -fpic -O2 -DNDEBUG  -I. -I./Core -I./UI -I./UI/Tabs -I./UI/Widgets -I./Bridge -I./JNI -I./Generated -I./Includes -I./all_libs/imgui -I./all_libs/imgui/backends -I./all_libs/json -I./all_libs/YAM-G/LIBYAMJS/include -I./all_libs/YAM-G/wrapper/include -I./all_libs/XDL -I./all_libs/XDL/include -I./all_libs/Dobby/prebuilt/include -I./all_libs/KittyMemory/KittyMemory -I./all_libs/KittyMemory/KittyMemory/Deps/Keystone/includes -Iall_libs/XDL -Iall_libs/XDL/include -Iall_libs/YAM-G/wrapper/include -Iall_libs/KittyMemory/KittyMemory/Deps/Keystone/includes -Iall_libs/YAM-G/LIBYAMJS/include -I. -O2 -DNDEBUG -w -std=c++17 -fexceptions -frtti -O2 -DNDEBUG -w  -DANDROID -w -O2 -DNDEBUG -Wformat -Werror=format-security -std=c++17 -fexceptions -frtti -fPIC -w -O2 -DNDEBUG -DIMGUI_IMPL_OPENGL_ES3=1 -DIMGUI_DISABLE_OBSOLETE_FUNCTIONS=1 -Wno-error -DYAM_ARCH_ARM64=1 -frtti -fexceptions  -c  ./UI/Tabs/JSConsole.cpp -o /tmp/ndk-out/local/arm64-v8a/objs/YAMGG/UI/Tabs/JSConsole.o
build	Build .so with ndk-build	2026-10-09T16:52:55.9587880Z [arm64-v8a] Compile++      : YAMGG <= ClassBrowser.cpp
build	Build .so with ndk-build	2026-10-09T16:52:55.9589285Z rm -f /tmp/ndk-out/local/arm64-v8a/objs/YAMGG/UI/Tabs/ClassBrowser.o
build	Build .so with ndk-build	2026-10-09T16:52:55.9605043Z /usr/local/lib/android/sdk/ndk/26.1.10909125/toolchains/llvm/prebuilt/linux-x86_64/bin/clang++ -MMD -MP -MF /tmp/ndk-out/local/arm64-v8a/objs/YAMGG/UI/Tabs/ClassBrowser.o.d -target aarch64-none-linux-android24 -fdata-sections -ffunction-sections -fstack-protector-strong -funwind-tables -no-canonical-prefixes  --sysroot /usr/local/lib/android/sdk/ndk/26.1.10909125/toolchains/llvm/prebuilt/linux-x86_64/sysroot -g -Wno-invalid-command-line-argument -Wno-unused-command-line-argument  -D_FORTIFY_SOURCE=2 -fno-exceptions -fno-rtti -fpic -O2 -DNDEBUG  -I. -I./Core -I./UI -I./UI/Tabs -I./UI/Widgets -I./Bridge -I./JNI -I./Generated -I./Includes -I./all_libs/imgui -I./all_libs/imgui/backends -I./all_libs/json -I./all_libs/YAM-G/LIBYAMJS/include -I./all_libs/YAM-G/wrapper/include -I./all_libs/XDL -I./all_libs/XDL/include -I./all_libs/Dobby/prebuilt/include -I./all_libs/KittyMemory/KittyMemory -I./all_libs/KittyMemory/KittyMemory/Deps/Keystone/includes -Iall_libs/XDL -Iall_libs/XDL/include -Iall_libs/YAM-G/wrapper/include -Iall_libs/KittyMemory/KittyMemory/Deps/Keystone/includes -Iall_libs/YAM-G/LIBYAMJS/include -I. -O2 -DNDEBUG -w -std=c++17 -fexceptions -frtti -O2 -DNDEBUG -w  -DANDROID -w -O2 -DNDEBUG -Wformat -Werror=format-security -std=c++17 -fexceptions -frtti -fPIC -w -O2 -DNDEBUG -DIMGUI_IMPL_OPENGL_ES3=1 -DIMGUI_DISABLE_OBSOLETE_FUNCTIONS=1 -Wno-error -DYAM_ARCH_ARM64=1 -frtti -fexceptions  -c  ./UI/Tabs/ClassBrowser.cpp -o /tmp/ndk-out/local/arm64-v8a/objs/YAMGG/UI/Tabs/ClassBrowser.o
build	Build .so with ndk-build	2026-10-09T16:52:57.7234381Z [arm64-v8a] Compile++      : YAMGG <= FileBrowser.cpp
build	Build .so with ndk-build	2026-10-09T16:52:57.7235425Z rm -f /tmp/ndk-out/local/arm64-v8a/objs/YAMGG/UI/Tabs/FileBrowser.o
build	Build .so with ndk-build	2026-10-09T16:52:57.7251914Z /usr/local/lib/android/sdk/ndk/26.1.10909125/toolchains/llvm/prebuilt/linux-x86_64/bin/clang++ -MMD -MP -MF /tmp/ndk-out/local/arm64-v8a/objs/YAMGG/UI/Tabs/FileBrowser.o.d -target aarch64-none-linux-android24 -fdata-sections -ffunction-sections -fstack-protector-strong -funwind-tables -no-canonical-prefixes  --sysroot /usr/local/lib/android/sdk/ndk/26.1.10909125/toolchains/llvm/prebuilt/linux-x86_64/sysroot -g -Wno-invalid-command-line-argument -Wno-unused-command-line-argument  -D_FORTIFY_SOURCE=2 -fno-exceptions -fno-rtti -fpic -O2 -DNDEBUG  -I. -I./Core -I./UI -I./UI/Tabs -I./UI/Widgets -I./Bridge -I./JNI -I./Generated -I./Includes -I./all_libs/imgui -I./all_libs/imgui/backends -I./all_libs/json -I./all_libs/YAM-G/LIBYAMJS/include -I./all_libs/YAM-G/wrapper/include -I./all_libs/XDL -I./all_libs/XDL/include -I./all_libs/Dobby/prebuilt/include -I./all_libs/KittyMemory/KittyMemory -I./all_libs/KittyMemory/KittyMemory/Deps/Keystone/includes -Iall_libs/XDL -Iall_libs/XDL/include -Iall_libs/YAM-G/wrapper/include -Iall_libs/KittyMemory/KittyMemory/Deps/Keystone/includes -Iall_libs/YAM-G/LIBYAMJS/include -I. -O2 -DNDEBUG -w -std=c++17 -fexceptions -frtti -O2 -DNDEBUG -w  -DANDROID -w -O2 -DNDEBUG -Wformat -Werror=format-security -std=c++17 -fexceptions -frtti -fPIC -w -O2 -DNDEBUG -DIMGUI_IMPL_OPENGL_ES3=1 -DIMGUI_DISABLE_OBSOLETE_FUNCTIONS=1 -Wno-error -DYAM_ARCH_ARM64=1 -frtti -fexceptions  -c  ./UI/Tabs/FileBrowser.cpp -o /tmp/ndk-out/local/arm64-v8a/objs/YAMGG/UI/Tabs/FileBrowser.o
build	Build .so with ndk-build	2026-10-09T16:52:58.6133969Z [arm64-v8a] Compile++      : YAMGG <= Notification.cpp
build	Build .so with ndk-build	2026-10-09T16:52:58.6134843Z rm -f /tmp/ndk-out/local/arm64-v8a/objs/YAMGG/UI/Widgets/Notification.o
build	Build .so with ndk-build	2026-10-09T16:52:58.6153126Z /usr/local/lib/android/sdk/ndk/26.1.10909125/toolchains/llvm/prebuilt/linux-x86_64/bin/clang++ -MMD -MP -MF /tmp/ndk-out/local/arm64-v8a/objs/YAMGG/UI/Widgets/Notification.o.d -target aarch64-none-linux-android24 -fdata-sections -ffunction-sections -fstack-protector-strong -funwind-tables -no-canonical-prefixes  --sysroot /usr/local/lib/android/sdk/ndk/26.1.10909125/toolchains/llvm/prebuilt/linux-x86_64/sysroot -g -Wno-invalid-command-line-argument -Wno-unused-command-line-argument  -D_FORTIFY_SOURCE=2 -fno-exceptions -fno-rtti -fpic -O2 -DNDEBUG  -I. -I./Core -I./UI -I./UI/Tabs -I./UI/Widgets -I./Bridge -I./JNI -I./Generated -I./Includes -I./all_libs/imgui -I./all_libs/imgui/backends -I./all_libs/json -I./all_libs/YAM-G/LIBYAMJS/include -I./all_libs/YAM-G/wrapper/include -I./all_libs/XDL -I./all_libs/XDL/include -I./all_libs/Dobby/prebuilt/include -I./all_libs/KittyMemory/KittyMemory -I./all_libs/KittyMemory/KittyMemory/Deps/Keystone/includes -Iall_libs/XDL -Iall_libs/XDL/include -Iall_libs/YAM-G/wrapper/include -Iall_libs/KittyMemory/KittyMemory/Deps/Keystone/includes -Iall_libs/YAM-G/LIBYAMJS/include -I. -O2 -DNDEBUG -w -std=c++17 -fexceptions -frtti -O2 -DNDEBUG -w  -DANDROID -w -O2 -DNDEBUG -Wformat -Werror=format-security -std=c++17 -fexceptions -frtti -fPIC -w -O2 -DNDEBUG -DIMGUI_IMPL_OPENGL_ES3=1 -DIMGUI_DISABLE_OBSOLETE_FUNCTIONS=1 -Wno-error -DYAM_ARCH_ARM64=1 -frtti -fexceptions  -c  ./UI/Widgets/Notification.cpp -o /tmp/ndk-out/local/arm64-v8a/objs/YAMGG/UI/Widgets/Notification.o
build	Build .so with ndk-build	2026-10-09T16:52:59.1634425Z [arm64-v8a] Compile++      : YAMGG <= YamBridge.cpp
build	Build .so with ndk-build	2026-10-09T16:52:59.1635235Z rm -f /tmp/ndk-out/local/arm64-v8a/objs/YAMGG/Bridge/YamBridge.o
build	Build .so with ndk-build	2026-10-09T16:52:59.1651251Z /usr/local/lib/android/sdk/ndk/26.1.10909125/toolchains/llvm/prebuilt/linux-x86_64/bin/clang++ -MMD -MP -MF /tmp/ndk-out/local/arm64-v8a/objs/YAMGG/Bridge/YamBridge.o.d -target aarch64-none-linux-android24 -fdata-sections -ffunction-sections -fstack-protector-strong -funwind-tables -no-canonical-prefixes  --sysroot /usr/local/lib/android/sdk/ndk/26.1.10909125/toolchains/llvm/prebuilt/linux-x86_64/sysroot -g -Wno-invalid-command-line-argument -Wno-unused-command-line-argument  -D_FORTIFY_SOURCE=2 -fno-exceptions -fno-rtti -fpic -O2 -DNDEBUG  -I. -I./Core -I./UI -I./UI/Tabs -I./UI/Widgets -I./Bridge -I./JNI -I./Generated -I./Includes -I./all_libs/imgui -I./all_libs/imgui/backends -I./all_libs/json -I./all_libs/YAM-G/LIBYAMJS/include -I./all_libs/YAM-G/wrapper/include -I./all_libs/XDL -I./all_libs/XDL/include -I./all_libs/Dobby/prebuilt/include -I./all_libs/KittyMemory/KittyMemory -I./all_libs/KittyMemory/KittyMemory/Deps/Keystone/includes -Iall_libs/XDL -Iall_libs/XDL/include -Iall_libs/YAM-G/wrapper/include -Iall_libs/KittyMemory/KittyMemory/Deps/Keystone/includes -Iall_libs/YAM-G/LIBYAMJS/include -I. -O2 -DNDEBUG -w -std=c++17 -fexceptions -frtti -O2 -DNDEBUG -w  -DANDROID -w -O2 -DNDEBUG -Wformat -Werror=format-security -std=c++17 -fexceptions -frtti -fPIC -w -O2 -DNDEBUG -DIMGUI_IMPL_OPENGL_ES3=1 -DIMGUI_DISABLE_OBSOLETE_FUNCTIONS=1 -Wno-error -DYAM_ARCH_ARM64=1 -frtti -fexceptions  -c  ./Bridge/YamBridge.cpp -o /tmp/ndk-out/local/arm64-v8a/objs/YAMGG/Bridge/YamBridge.o
build	Build .so with ndk-build	2026-10-09T16:53:01.1398840Z [arm64-v8a] Compile++      : YAMGG <= imgui.cpp
build	Build .so with ndk-build	2026-10-09T16:53:01.1399824Z rm -f /tmp/ndk-out/local/arm64-v8a/objs/YAMGG/all_libs/imgui/imgui.o
build	Build .so with ndk-build	2026-10-09T16:53:01.1413660Z /usr/local/lib/android/sdk/ndk/26.1.10909125/toolchains/llvm/prebuilt/linux-x86_64/bin/clang++ -MMD -MP -MF /tmp/ndk-out/local/arm64-v8a/objs/YAMGG/all_libs/imgui/imgui.o.d -target aarch64-none-linux-android24 -fdata-sections -ffunction-sections -fstack-protector-strong -funwind-tables -no-canonical-prefixes  --sysroot /usr/local/lib/android/sdk/ndk/26.1.10909125/toolchains/llvm/prebuilt/linux-x86_64/sysroot -g -Wno-invalid-command-line-argument -Wno-unused-command-line-argument  -D_FORTIFY_SOURCE=2 -fno-exceptions -fno-rtti -fpic -O2 -DNDEBUG  -I. -I./Core -I./UI -I./UI/Tabs -I./UI/Widgets -I./Bridge -I./JNI -I./Generated -I./Includes -I./all_libs/imgui -I./all_libs/imgui/backends -I./all_libs/json -I./all_libs/YAM-G/LIBYAMJS/include -I./all_libs/YAM-G/wrapper/include -I./all_libs/XDL -I./all_libs/XDL/include -I./all_libs/Dobby/prebuilt/include -I./all_libs/KittyMemory/KittyMemory -I./all_libs/KittyMemory/KittyMemory/Deps/Keystone/includes -Iall_libs/XDL -Iall_libs/XDL/include -Iall_libs/YAM-G/wrapper/include -Iall_libs/KittyMemory/KittyMemory/Deps/Keystone/includes -Iall_libs/YAM-G/LIBYAMJS/include -I. -O2 -DNDEBUG -w -std=c++17 -fexceptions -frtti -O2 -DNDEBUG -w  -DANDROID -w -O2 -DNDEBUG -Wformat -Werror=format-security -std=c++17 -fexceptions -frtti -fPIC -w -O2 -DNDEBUG -DIMGUI_IMPL_OPENGL_ES3=1 -DIMGUI_DISABLE_OBSOLETE_FUNCTIONS=1 -Wno-error -DYAM_ARCH_ARM64=1 -frtti -fexceptions  -c  ./all_libs/imgui/imgui.cpp -o /tmp/ndk-out/local/arm64-v8a/objs/YAMGG/all_libs/imgui/imgui.o
build	Build .so with ndk-build	2026-10-09T16:53:05.2412759Z [arm64-v8a] Compile++      : YAMGG <= imgui_draw.cpp
build	Build .so with ndk-build	2026-10-09T16:53:05.2413830Z rm -f /tmp/ndk-out/local/arm64-v8a/objs/YAMGG/all_libs/imgui/imgui_draw.o
build	Build .so with ndk-build	2026-10-09T16:53:05.2428191Z /usr/local/lib/android/sdk/ndk/26.1.10909125/toolchains/llvm/prebuilt/linux-x86_64/bin/clang++ -MMD -MP -MF /tmp/ndk-out/local/arm64-v8a/objs/YAMGG/all_libs/imgui/imgui_draw.o.d -target aarch64-none-linux-android24 -fdata-sections -ffunction-sections -fstack-protector-strong -funwind-tables -no-canonical-prefixes  --sysroot /usr/local/lib/android/sdk/ndk/26.1.10909125/toolchains/llvm/prebuilt/linux-x86_64/sysroot -g -Wno-invalid-command-line-argument -Wno-unused-command-line-argument  -D_FORTIFY_SOURCE=2 -fno-exceptions -fno-rtti -fpic -O2 -DNDEBUG  -I. -I./Core -I./UI -I./UI/Tabs -I./UI/Widgets -I./Bridge -I./JNI -I./Generated -I./Includes -I./all_libs/imgui -I./all_libs/imgui/backends -I./all_libs/json -I./all_libs/YAM-G/LIBYAMJS/include -I./all_libs/YAM-G/wrapper/include -I./all_libs/XDL -I./all_libs/XDL/include -I./all_libs/Dobby/prebuilt/include -I./all_libs/KittyMemory/KittyMemory -I./all_libs/KittyMemory/KittyMemory/Deps/Keystone/includes -Iall_libs/XDL -Iall_libs/XDL/include -Iall_libs/YAM-G/wrapper/include -Iall_libs/KittyMemory/KittyMemory/Deps/Keystone/includes -Iall_libs/YAM-G/LIBYAMJS/include -I. -O2 -DNDEBUG -w -std=c++17 -fexceptions -frtti -O2 -DNDEBUG -w  -DANDROID -w -O2 -DNDEBUG -Wformat -Werror=format-security -std=c++17 -fexceptions -frtti -fPIC -w -O2 -DNDEBUG -DIMGUI_IMPL_OPENGL_ES3=1 -DIMGUI_DISABLE_OBSOLETE_FUNCTIONS=1 -Wno-error -DYAM_ARCH_ARM64=1 -frtti -fexceptions  -c  ./all_libs/imgui/imgui_draw.cpp -o /tmp/ndk-out/local/arm64-v8a/objs/YAMGG/all_libs/imgui/imgui_draw.o
build	Build .so with ndk-build	2026-10-09T16:53:07.3694782Z [arm64-v8a] Compile++      : YAMGG <= imgui_widgets.cpp
build	Build .so with ndk-build	2026-10-09T16:53:07.3695887Z rm -f /tmp/ndk-out/local/arm64-v8a/objs/YAMGG/all_libs/imgui/imgui_widgets.o
build	Build .so with ndk-build	2026-10-09T16:53:07.3710224Z /usr/local/lib/android/sdk/ndk/26.1.10909125/toolchains/llvm/prebuilt/linux-x86_64/bin/clang++ -MMD -MP -MF /tmp/ndk-out/local/arm64-v8a/objs/YAMGG/all_libs/imgui/imgui_widgets.o.d -target aarch64-none-linux-android24 -fdata-sections -ffunction-sections -fstack-protector-strong -funwind-tables -no-canonical-prefixes  --sysroot /usr/local/lib/android/sdk/ndk/26.1.10909125/toolchains/llvm/prebuilt/linux-x86_64/sysroot -g -Wno-invalid-command-line-argument -Wno-unused-command-line-argument  -D_FORTIFY_SOURCE=2 -fno-exceptions -fno-rtti -fpic -O2 -DNDEBUG  -I. -I./Core -I./UI -I./UI/Tabs -I./UI/Widgets -I./Bridge -I./JNI -I./Generated -I./Includes -I./all_libs/imgui -I./all_libs/imgui/backends -I./all_libs/json -I./all_libs/YAM-G/LIBYAMJS/include -I./all_libs/YAM-G/wrapper/include -I./all_libs/XDL -I./all_libs/XDL/include -I./all_libs/Dobby/prebuilt/include -I./all_libs/KittyMemory/KittyMemory -I./all_libs/KittyMemory/KittyMemory/Deps/Keystone/includes -Iall_libs/XDL -Iall_libs/XDL/include -Iall_libs/YAM-G/wrapper/include -Iall_libs/KittyMemory/KittyMemory/Deps/Keystone/includes -Iall_libs/YAM-G/LIBYAMJS/include -I. -O2 -DNDEBUG -w -std=c++17 -fexceptions -frtti -O2 -DNDEBUG -w  -DANDROID -w -O2 -DNDEBUG -Wformat -Werror=format-security -std=c++17 -fexceptions -frtti -fPIC -w -O2 -DNDEBUG -DIMGUI_IMPL_OPENGL_ES3=1 -DIMGUI_DISABLE_OBSOLETE_FUNCTIONS=1 -Wno-error -DYAM_ARCH_ARM64=1 -frtti -fexceptions  -c  ./all_libs/imgui/imgui_widgets.cpp -o /tmp/ndk-out/local/arm64-v8a/objs/YAMGG/all_libs/imgui/imgui_widgets.o
build	Build .so with ndk-build	2026-10-09T16:53:09.6727337Z [arm64-v8a] Compile++      : YAMGG <= imgui_tables.cpp
build	Build .so with ndk-build	2026-10-09T16:53:09.6728237Z rm -f /tmp/ndk-out/local/arm64-v8a/objs/YAMGG/all_libs/imgui/imgui_tables.o
build	Build .so with ndk-build	2026-10-09T16:53:09.6743452Z /usr/local/lib/android/sdk/ndk/26.1.10909125/toolchains/llvm/prebuilt/linux-x86_64/bin/clang++ -MMD -MP -MF /tmp/ndk-out/local/arm64-v8a/objs/YAMGG/all_libs/imgui/imgui_tables.o.d -target aarch64-none-linux-android24 -fdata-sections -ffunction-sections -fstack-protector-strong -funwind-tables -no-canonical-prefixes  --sysroot /usr/local/lib/android/sdk/ndk/26.1.10909125/toolchains/llvm/prebuilt/linux-x86_64/sysroot -g -Wno-invalid-command-line-argument -Wno-unused-command-line-argument  -D_FORTIFY_SOURCE=2 -fno-exceptions -fno-rtti -fpic -O2 -DNDEBUG  -I. -I./Core -I./UI -I./UI/Tabs -I./UI/Widgets -I./Bridge -I./JNI -I./Generated -I./Includes -I./all_libs/imgui -I./all_libs/imgui/backends -I./all_libs/json -I./all_libs/YAM-G/LIBYAMJS/include -I./all_libs/YAM-G/wrapper/include -I./all_libs/XDL -I./all_libs/XDL/include -I./all_libs/Dobby/prebuilt/include -I./all_libs/KittyMemory/KittyMemory -I./all_libs/KittyMemory/KittyMemory/Deps/Keystone/includes -Iall_libs/XDL -Iall_libs/XDL/include -Iall_libs/YAM-G/wrapper/include -Iall_libs/KittyMemory/KittyMemory/Deps/Keystone/includes -Iall_libs/YAM-G/LIBYAMJS/include -I. -O2 -DNDEBUG -w -std=c++17 -fexceptions -frtti -O2 -DNDEBUG -w  -DANDROID -w -O2 -DNDEBUG -Wformat -Werror=format-security -std=c++17 -fexceptions -frtti -fPIC -w -O2 -DNDEBUG -DIMGUI_IMPL_OPENGL_ES3=1 -DIMGUI_DISABLE_OBSOLETE_FUNCTIONS=1 -Wno-error -DYAM_ARCH_ARM64=1 -frtti -fexceptions  -c  ./all_libs/imgui/imgui_tables.cpp -o /tmp/ndk-out/local/arm64-v8a/objs/YAMGG/all_libs/imgui/imgui_tables.o
build	Build .so with ndk-build	2026-10-09T16:53:10.5635565Z [arm64-v8a] Compile++      : YAMGG <= imgui_impl_opengl3.cpp
build	Build .so with ndk-build	2026-10-09T16:53:10.5637609Z rm -f /tmp/ndk-out/local/arm64-v8a/objs/YAMGG/all_libs/imgui/backends/imgui_impl_opengl3.o
build	Build .so with ndk-build	2026-10-09T16:53:10.5652295Z /usr/local/lib/android/sdk/ndk/26.1.10909125/toolchains/llvm/prebuilt/linux-x86_64/bin/clang++ -MMD -MP -MF /tmp/ndk-out/local/arm64-v8a/objs/YAMGG/all_libs/imgui/backends/imgui_impl_opengl3.o.d -target aarch64-none-linux-android24 -fdata-sections -ffunction-sections -fstack-protector-strong -funwind-tables -no-canonical-prefixes  --sysroot /usr/local/lib/android/sdk/ndk/26.1.10909125/toolchains/llvm/prebuilt/linux-x86_64/sysroot -g -Wno-invalid-command-line-argument -Wno-unused-command-line-argument  -D_FORTIFY_SOURCE=2 -fno-exceptions -fno-rtti -fpic -O2 -DNDEBUG  -I. -I./Core -I./UI -I./UI/Tabs -I./UI/Widgets -I./Bridge -I./JNI -I./Generated -I./Includes -I./all_libs/imgui -I./all_libs/imgui/backends -I./all_libs/json -I./all_libs/YAM-G/LIBYAMJS/include -I./all_libs/YAM-G/wrapper/include -I./all_libs/XDL -I./all_libs/XDL/include -I./all_libs/Dobby/prebuilt/include -I./all_libs/KittyMemory/KittyMemory -I./all_libs/KittyMemory/KittyMemory/Deps/Keystone/includes -Iall_libs/XDL -Iall_libs/XDL/include -Iall_libs/YAM-G/wrapper/include -Iall_libs/KittyMemory/KittyMemory/Deps/Keystone/includes -Iall_libs/YAM-G/LIBYAMJS/include -I. -O2 -DNDEBUG -w -std=c++17 -fexceptions -frtti -O2 -DNDEBUG -w  -DANDROID -w -O2 -DNDEBUG -Wformat -Werror=format-security -std=c++17 -fexceptions -frtti -fPIC -w -O2 -DNDEBUG -DIMGUI_IMPL_OPENGL_ES3=1 -DIMGUI_DISABLE_OBSOLETE_FUNCTIONS=1 -Wno-error -DYAM_ARCH_ARM64=1 -frtti -fexceptions  -c  ./all_libs/imgui/backends/imgui_impl_opengl3.cpp -o /tmp/ndk-out/local/arm64-v8a/objs/YAMGG/all_libs/imgui/backends/imgui_impl_opengl3.o
build	Build .so with ndk-build	2026-10-09T16:53:10.6592016Z [arm64-v8a] Compile++      : asmjit <= archtraits.cpp
build	Build .so with ndk-build	2026-10-09T16:53:10.6592621Z rm -f /tmp/ndk-out/local/arm64-v8a/objs/asmjit/core/archtraits.o
build	Build .so with ndk-build	2026-10-09T16:53:10.6603584Z /usr/local/lib/android/sdk/ndk/26.1.10909125/toolchains/llvm/prebuilt/linux-x86_64/bin/clang++ -MMD -MP -MF /tmp/ndk-out/local/arm64-v8a/objs/asmjit/core/archtraits.o.d -target aarch64-none-linux-android24 -fdata-sections -ffunction-sections -fstack-protector-strong -funwind-tables -no-canonical-prefixes  --sysroot /usr/local/lib/android/sdk/ndk/26.1.10909125/toolchains/llvm/prebuilt/linux-x86_64/sysroot -g -Wno-invalid-command-line-argument -Wno-unused-command-line-argument  -D_FORTIFY_SOURCE=2 -fno-exceptions -fno-rtti -fpic -O2 -DNDEBUG  -Iall_libs/asmjit -Iall_libs/asmjit -O2 -DNDEBUG -w -std=c++17 -fexceptions -frtti -O2 -DNDEBUG -w  -DANDROID -w -std=c++17 -fno-exceptions -fno-rtti -march=armv8-a -DASMJIT_STATIC -DASMJIT_NO_X86 -DASMJIT_NO_FOREIGN -DASMJIT_NO_DEPRECATED -DASMJIT_NO_TEXT -DASMJIT_NO_LOGGING -DASMJIT_NO_INTROSPECTION -DASMJIT_NO_VALIDATION -Wformat -Werror=format-security -w -std=c++17 -fno-exceptions -fno-rtti -march=armv8-a  -c  all_libs/asmjit/core/archtraits.cpp -o /tmp/ndk-out/local/arm64-v8a/objs/asmjit/core/archtraits.o
build	Build .so with ndk-build	2026-10-09T16:53:10.8333110Z [arm64-v8a] Compile++      : asmjit <= assembler.cpp
build	Build .so with ndk-build	2026-10-09T16:53:10.8335310Z rm -f /tmp/ndk-out/local/arm64-v8a/objs/asmjit/core/assembler.o
build	Build .so with ndk-build	2026-10-09T16:53:10.8347947Z /usr/local/lib/android/sdk/ndk/26.1.10909125/toolchains/llvm/prebuilt/linux-x86_64/bin/clang++ -MMD -MP -MF /tmp/ndk-out/local/arm64-v8a/objs/asmjit/core/assembler.o.d -target aarch64-none-linux-android24 -fdata-sections -ffunction-sections -fstack-protector-strong -funwind-tables -no-canonical-prefixes  --sysroot /usr/local/lib/android/sdk/ndk/26.1.10909125/toolchains/llvm/prebuilt/linux-x86_64/sysroot -g -Wno-invalid-command-line-argument -Wno-unused-command-line-argument  -D_FORTIFY_SOURCE=2 -fno-exceptions -fno-rtti -fpic -O2 -DNDEBUG  -Iall_libs/asmjit -Iall_libs/asmjit -O2 -DNDEBUG -w -std=c++17 -fexceptions -frtti -O2 -DNDEBUG -w  -DANDROID -w -std=c++17 -fno-exceptions -fno-rtti -march=armv8-a -DASMJIT_STATIC -DASMJIT_NO_X86 -DASMJIT_NO_FOREIGN -DASMJIT_NO_DEPRECATED -DASMJIT_NO_TEXT -DASMJIT_NO_LOGGING -DASMJIT_NO_INTROSPECTION -DASMJIT_NO_VALIDATION -Wformat -Werror=format-security -w -std=c++17 -fno-exceptions -fno-rtti -march=armv8-a  -c  all_libs/asmjit/core/assembler.cpp -o /tmp/ndk-out/local/arm64-v8a/objs/asmjit/core/assembler.o
build	Build .so with ndk-build	2026-10-09T16:53:11.0513575Z [arm64-v8a] Compile++      : asmjit <= builder.cpp
build	Build .so with ndk-build	2026-10-09T16:53:11.0514289Z rm -f /tmp/ndk-out/local/arm64-v8a/objs/asmjit/core/builder.o
build	Build .so with ndk-build	2026-10-09T16:53:11.0531693Z /usr/local/lib/android/sdk/ndk/26.1.10909125/toolchains/llvm/prebuilt/linux-x86_64/bin/clang++ -MMD -MP -MF /tmp/ndk-out/local/arm64-v8a/objs/asmjit/core/builder.o.d -target aarch64-none-linux-android24 -fdata-sections -ffunction-sections -fstack-protector-strong -funwind-tables -no-canonical-prefixes  --sysroot /usr/local/lib/android/sdk/ndk/26.1.10909125/toolchains/llvm/prebuilt/linux-x86_64/sysroot -g -Wno-invalid-command-line-argument -Wno-unused-command-line-argument  -D_FORTIFY_SOURCE=2 -fno-exceptions -fno-rtti -fpic -O2 -DNDEBUG  -Iall_libs/asmjit -Iall_libs/asmjit -O2 -DNDEBUG -w -std=c++17 -fexceptions -frtti -O2 -DNDEBUG -w  -DANDROID -w -std=c++17 -fno-exceptions -fno-rtti -march=armv8-a -DASMJIT_STATIC -DASMJIT_NO_X86 -DASMJIT_NO_FOREIGN -DASMJIT_NO_DEPRECATED -DASMJIT_NO_TEXT -DASMJIT_NO_LOGGING -DASMJIT_NO_INTROSPECTION -DASMJIT_NO_VALIDATION -Wformat -Werror=format-security -w -std=c++17 -fno-exceptions -fno-rtti -march=armv8-a  -c  all_libs/asmjit/core/builder.cpp -o /tmp/ndk-out/local/arm64-v8a/objs/asmjit/core/builder.o
build	Build .so with ndk-build	2026-10-09T16:53:11.3987579Z [arm64-v8a] Compile++      : asmjit <= codeholder.cpp
build	Build .so with ndk-build	2026-10-09T16:53:11.3988111Z rm -f /tmp/ndk-out/local/arm64-v8a/objs/asmjit/core/codeholder.o
build	Build .so with ndk-build	2026-10-09T16:53:11.4004468Z /usr/local/lib/android/sdk/ndk/26.1.10909125/toolchains/llvm/prebuilt/linux-x86_64/bin/clang++ -MMD -MP -MF /tmp/ndk-out/local/arm64-v8a/objs/asmjit/core/codeholder.o.d -target aarch64-none-linux-android24 -fdata-sections -ffunction-sections -fstack-protector-strong -funwind-tables -no-canonical-prefixes  --sysroot /usr/local/lib/android/sdk/ndk/26.1.10909125/toolchains/llvm/prebuilt/linux-x86_64/sysroot -g -Wno-invalid-command-line-argument -Wno-unused-command-line-argument  -D_FORTIFY_SOURCE=2 -fno-exceptions -fno-rtti -fpic -O2 -DNDEBUG  -Iall_libs/asmjit -Iall_libs/asmjit -O2 -DNDEBUG -w -std=c++17 -fexceptions -frtti -O2 -DNDEBUG -w  -DANDROID -w -std=c++17 -fno-exceptions -fno-rtti -march=armv8-a -DASMJIT_STATIC -DASMJIT_NO_X86 -DASMJIT_NO_FOREIGN -DASMJIT_NO_DEPRECATED -DASMJIT_NO_TEXT -DASMJIT_NO_LOGGING -DASMJIT_NO_INTROSPECTION -DASMJIT_NO_VALIDATION -Wformat -Werror=format-security -w -std=c++17 -fno-exceptions -fno-rtti -march=armv8-a  -c  all_libs/asmjit/core/codeholder.cpp -o /tmp/ndk-out/local/arm64-v8a/objs/asmjit/core/codeholder.o
build	Build .so with ndk-build	2026-10-09T16:53:12.0176247Z [arm64-v8a] Compile++      : asmjit <= codewriter.cpp
build	Build .so with ndk-build	2026-10-09T16:53:12.0177393Z rm -f /tmp/ndk-out/local/arm64-v8a/objs/asmjit/core/codewriter.o
build	Build .so with ndk-build	2026-10-09T16:53:12.0191748Z /usr/local/lib/android/sdk/ndk/26.1.10909125/toolchains/llvm/prebuilt/linux-x86_64/bin/clang++ -MMD -MP -MF /tmp/ndk-out/local/arm64-v8a/objs/asmjit/core/codewriter.o.d -target aarch64-none-linux-android24 -fdata-sections -ffunction-sections -fstack-protector-strong -funwind-tables -no-canonical-prefixes  --sysroot /usr/local/lib/android/sdk/ndk/26.1.10909125/toolchains/llvm/prebuilt/linux-x86_64/sysroot -g -Wno-invalid-command-line-argument -Wno-unused-command-line-argument  -D_FORTIFY_SOURCE=2 -fno-exceptions -fno-rtti -fpic -O2 -DNDEBUG  -Iall_libs/asmjit -Iall_libs/asmjit -O2 -DNDEBUG -w -std=c++17 -fexceptions -frtti -O2 -DNDEBUG -w  -DANDROID -w -std=c++17 -fno-exceptions -fno-rtti -march=armv8-a -DASMJIT_STATIC -DASMJIT_NO_X86 -DASMJIT_NO_FOREIGN -DASMJIT_NO_DEPRECATED -DASMJIT_NO_TEXT -DASMJIT_NO_LOGGING -DASMJIT_NO_INTROSPECTION -DASMJIT_NO_VALIDATION -Wformat -Werror=format-security -w -std=c++17 -fno-exceptions -fno-rtti -march=armv8-a  -c  all_libs/asmjit/core/codewriter.cpp -o /tmp/ndk-out/local/arm64-v8a/objs/asmjit/core/codewriter.o
build	Build .so with ndk-build	2026-10-09T16:53:12.2077626Z [arm64-v8a] Compile++      : asmjit <= compiler.cpp
build	Build .so with ndk-build	2026-10-09T16:53:12.2078572Z rm -f /tmp/ndk-out/local/arm64-v8a/objs/asmjit/core/compiler.o
build	Build .so with ndk-build	2026-10-09T16:53:12.2095346Z /usr/local/lib/android/sdk/ndk/26.1.10909125/toolchains/llvm/prebuilt/linux-x86_64/bin/clang++ -MMD -MP -MF /tmp/ndk-out/local/arm64-v8a/objs/asmjit/core/compiler.o.d -target aarch64-none-linux-android24 -fdata-sections -ffunction-sections -fstack-protector-strong -funwind-tables -no-canonical-prefixes  --sysroot /usr/local/lib/android/sdk/ndk/26.1.10909125/toolchains/llvm/prebuilt/linux-x86_64/sysroot -g -Wno-invalid-command-line-argument -Wno-unused-command-line-argument  -D_FORTIFY_SOURCE=2 -fno-exceptions -fno-rtti -fpic -O2 -DNDEBUG  -Iall_libs/asmjit -Iall_libs/asmjit -O2 -DNDEBUG -w -std=c++17 -fexceptions -frtti -O2 -DNDEBUG -w  -DANDROID -w -std=c++17 -fno-exceptions -fno-rtti -march=armv8-a -DASMJIT_STATIC -DASMJIT_NO_X86 -DASMJIT_NO_FOREIGN -DASMJIT_NO_DEPRECATED -DASMJIT_NO_TEXT -DASMJIT_NO_LOGGING -DASMJIT_NO_INTROSPECTION -DASMJIT_NO_VALIDATION -Wformat -Werror=format-security -w -std=c++17 -fno-exceptions -fno-rtti -march=armv8-a  -c  all_libs/asmjit/core/compiler.cpp -o /tmp/ndk-out/local/arm64-v8a/objs/asmjit/core/compiler.o
build	Build .so with ndk-build	2026-10-09T16:53:12.5287501Z [arm64-v8a] Compile++      : asmjit <= constpool.cpp
build	Build .so with ndk-build	2026-10-09T16:53:12.5288329Z rm -f /tmp/ndk-out/local/arm64-v8a/objs/asmjit/core/constpool.o
build	Build .so with ndk-build	2026-10-09T16:53:12.5302705Z /usr/local/lib/android/sdk/ndk/26.1.10909125/toolchains/llvm/prebuilt/linux-x86_64/bin/clang++ -MMD -MP -MF /tmp/ndk-out/local/arm64-v8a/objs/asmjit/core/constpool.o.d -target aarch64-none-linux-android24 -fdata-sections -ffunction-sections -fstack-protector-strong -funwind-tables -no-canonical-prefixes  --sysroot /usr/local/lib/android/sdk/ndk/26.1.10909125/toolchains/llvm/prebuilt/linux-x86_64/sysroot -g -Wno-invalid-command-line-argument -Wno-unused-command-line-argument  -D_FORTIFY_SOURCE=2 -fno-exceptions -fno-rtti -fpic -O2 -DNDEBUG  -Iall_libs/asmjit -Iall_libs/asmjit -O2 -DNDEBUG -w -std=c++17 -fexceptions -frtti -O2 -DNDEBUG -w  -DANDROID -w -std=c++17 -fno-exceptions -fno-rtti -march=armv8-a -DASMJIT_STATIC -DASMJIT_NO_X86 -DASMJIT_NO_FOREIGN -DASMJIT_NO_DEPRECATED -DASMJIT_NO_TEXT -DASMJIT_NO_LOGGING -DASMJIT_NO_INTROSPECTION -DASMJIT_NO_VALIDATION -Wformat -Werror=format-security -w -std=c++17 -fno-exceptions -fno-rtti -march=armv8-a  -c  all_libs/asmjit/core/constpool.cpp -o /tmp/ndk-out/local/arm64-v8a/objs/asmjit/core/constpool.o
build	Build .so with ndk-build	2026-10-09T16:53:12.6731148Z [arm64-v8a] Compile++      : asmjit <= cpuinfo.cpp
build	Build .so with ndk-build	2026-10-09T16:53:12.6731980Z rm -f /tmp/ndk-out/local/arm64-v8a/objs/asmjit/core/cpuinfo.o
build	Build .so with ndk-build	2026-10-09T16:53:12.6745349Z /usr/local/lib/android/sdk/ndk/26.1.10909125/toolchains/llvm/prebuilt/linux-x86_64/bin/clang++ -MMD -MP -MF /tmp/ndk-out/local/arm64-v8a/objs/asmjit/core/cpuinfo.o.d -target aarch64-none-linux-android24 -fdata-sections -ffunction-sections -fstack-protector-strong -funwind-tables -no-canonical-prefixes  --sysroot /usr/local/lib/android/sdk/ndk/26.1.10909125/toolchains/llvm/prebuilt/linux-x86_64/sysroot -g -Wno-invalid-command-line-argument -Wno-unused-command-line-argument  -D_FORTIFY_SOURCE=2 -fno-exceptions -fno-rtti -fpic -O2 -DNDEBUG  -Iall_libs/asmjit -Iall_libs/asmjit -O2 -DNDEBUG -w -std=c++17 -fexceptions -frtti -O2 -DNDEBUG -w  -DANDROID -w -std=c++17 -fno-exceptions -fno-rtti -march=armv8-a -DASMJIT_STATIC -DASMJIT_NO_X86 -DASMJIT_NO_FOREIGN -DASMJIT_NO_DEPRECATED -DASMJIT_NO_TEXT -DASMJIT_NO_LOGGING -DASMJIT_NO_INTROSPECTION -DASMJIT_NO_VALIDATION -Wformat -Werror=format-security -w -std=c++17 -fno-exceptions -fno-rtti -march=armv8-a  -c  all_libs/asmjit/core/cpuinfo.cpp -o /tmp/ndk-out/local/arm64-v8a/objs/asmjit/core/cpuinfo.o
build	Build .so with ndk-build	2026-10-09T16:53:12.8204299Z [arm64-v8a] Compile++      : asmjit <= emithelper.cpp
build	Build .so with ndk-build	2026-10-09T16:53:12.8205152Z rm -f /tmp/ndk-out/local/arm64-v8a/objs/asmjit/core/emithelper.o
build	Build .so with ndk-build	2026-10-09T16:53:12.8218636Z /usr/local/lib/android/sdk/ndk/26.1.10909125/toolchains/llvm/prebuilt/linux-x86_64/bin/clang++ -MMD -MP -MF /tmp/ndk-out/local/arm64-v8a/objs/asmjit/core/emithelper.o.d -target aarch64-none-linux-android24 -fdata-sections -ffunction-sections -fstack-protector-strong -funwind-tables -no-canonical-prefixes  --sysroot /usr/local/lib/android/sdk/ndk/26.1.10909125/toolchains/llvm/prebuilt/linux-x86_64/sysroot -g -Wno-invalid-command-line-argument -Wno-unused-command-line-argument  -D_FORTIFY_SOURCE=2 -fno-exceptions -fno-rtti -fpic -O2 -DNDEBUG  -Iall_libs/asmjit -Iall_libs/asmjit -O2 -DNDEBUG -w -std=c++17 -fexceptions -frtti -O2 -DNDEBUG -w  -DANDROID -w -std=c++17 -fno-exceptions -fno-rtti -march=armv8-a -DASMJIT_STATIC -DASMJIT_NO_X86 -DASMJIT_NO_FOREIGN -DASMJIT_NO_DEPRECATED -DASMJIT_NO_TEXT -DASMJIT_NO_LOGGING -DASMJIT_NO_INTROSPECTION -DASMJIT_NO_VALIDATION -Wformat -Werror=format-security -w -std=c++17 -fno-exceptions -fno-rtti -march=armv8-a  -c  all_libs/asmjit/core/emithelper.cpp -o /tmp/ndk-out/local/arm64-v8a/objs/asmjit/core/emithelper.o
build	Build .so with ndk-build	2026-10-09T16:53:13.0579531Z [arm64-v8a] Compile++      : asmjit <= emitter.cpp
build	Build .so with ndk-build	2026-10-09T16:53:13.0580516Z rm -f /tmp/ndk-out/local/arm64-v8a/objs/asmjit/core/emitter.o
build	Build .so with ndk-build	2026-10-09T16:53:13.0594160Z /usr/local/lib/android/sdk/ndk/26.1.10909125/toolchains/llvm/prebuilt/linux-x86_64/bin/clang++ -MMD -MP -MF /tmp/ndk-out/local/arm64-v8a/objs/asmjit/core/emitter.o.d -target aarch64-none-linux-android24 -fdata-sections -ffunction-sections -fstack-protector-strong -funwind-tables -no-canonical-prefixes  --sysroot /usr/local/lib/android/sdk/ndk/26.1.10909125/toolchains/llvm/prebuilt/linux-x86_64/sysroot -g -Wno-invalid-command-line-argument -Wno-unused-command-line-argument  -D_FORTIFY_SOURCE=2 -fno-exceptions -fno-rtti -fpic -O2 -DNDEBUG  -Iall_libs/asmjit -Iall_libs/asmjit -O2 -DNDEBUG -w -std=c++17 -fexceptions -frtti -O2 -DNDEBUG -w  -DANDROID -w -std=c++17 -fno-exceptions -fno-rtti -march=armv8-a -DASMJIT_STATIC -DASMJIT_NO_X86 -DASMJIT_NO_FOREIGN -DASMJIT_NO_DEPRECATED -DASMJIT_NO_TEXT -DASMJIT_NO_LOGGING -DASMJIT_NO_INTROSPECTION -DASMJIT_NO_VALIDATION -Wformat -Werror=format-security -w -std=c++17 -fno-exceptions -fno-rtti -march=armv8-a  -c  all_libs/asmjit/core/emitter.cpp -o /tmp/ndk-out/local/arm64-v8a/objs/asmjit/core/emitter.o
build	Build .so with ndk-build	2026-10-09T16:53:13.2602843Z [arm64-v8a] Compile++      : asmjit <= emitterutils.cpp
build	Build .so with ndk-build	2026-10-09T16:53:13.2604924Z rm -f /tmp/ndk-out/local/arm64-v8a/objs/asmjit/core/emitterutils.o
build	Build .so with ndk-build	2026-10-09T16:53:13.2621203Z /usr/local/lib/android/sdk/ndk/26.1.10909125/toolchains/llvm/prebuilt/linux-x86_64/bin/clang++ -MMD -MP -MF /tmp/ndk-out/local/arm64-v8a/objs/asmjit/core/emitterutils.o.d -target aarch64-none-linux-android24 -fdata-sections -ffunction-sections -fstack-protector-strong -funwind-tables -no-canonical-prefixes  --sysroot /usr/local/lib/android/sdk/ndk/26.1.10909125/toolchains/llvm/prebuilt/linux-x86_64/sysroot -g -Wno-invalid-command-line-argument -Wno-unused-command-line-argument  -D_FORTIFY_SOURCE=2 -fno-exceptions -fno-rtti -fpic -O2 -DNDEBUG  -Iall_libs/asmjit -Iall_libs/asmjit -O2 -DNDEBUG -w -std=c++17 -fexceptions -frtti -O2 -DNDEBUG -w  -DANDROID -w -std=c++17 -fno-exceptions -fno-rtti -march=armv8-a -DASMJIT_STATIC -DASMJIT_NO_X86 -DASMJIT_NO_FOREIGN -DASMJIT_NO_DEPRECATED -DASMJIT_NO_TEXT -DASMJIT_NO_LOGGING -DASMJIT_NO_INTROSPECTION -DASMJIT_NO_VALIDATION -Wformat -Werror=format-security -w -std=c++17 -fno-exceptions -fno-rtti -march=armv8-a  -c  all_libs/asmjit/core/emitterutils.cpp -o /tmp/ndk-out/local/arm64-v8a/objs/asmjit/core/emitterutils.o
build	Build .so with ndk-build	2026-10-09T16:53:13.4172291Z [arm64-v8a] Compile++      : asmjit <= environment.cpp
build	Build .so with ndk-build	2026-10-09T16:53:13.4174898Z rm -f /tmp/ndk-out/local/arm64-v8a/objs/asmjit/core/environment.o
build	Build .so with ndk-build	2026-10-09T16:53:13.4188661Z /usr/local/lib/android/sdk/ndk/26.1.10909125/toolchains/llvm/prebuilt/linux-x86_64/bin/clang++ -MMD -MP -MF /tmp/ndk-out/local/arm64-v8a/objs/asmjit/core/environment.o.d -target aarch64-none-linux-android24 -fdata-sections -ffunction-sections -fstack-protector-strong -funwind-tables -no-canonical-prefixes  --sysroot /usr/local/lib/android/sdk/ndk/26.1.10909125/toolchains/llvm/prebuilt/linux-x86_64/sysroot -g -Wno-invalid-command-line-argument -Wno-unused-command-line-argument  -D_FORTIFY_SOURCE=2 -fno-exceptions -fno-rtti -fpic -O2 -DNDEBUG  -Iall_libs/asmjit -Iall_libs/asmjit -O2 -DNDEBUG -w -std=c++17 -fexceptions -frtti -O2 -DNDEBUG -w  -DANDROID -w -std=c++17 -fno-exceptions -fno-rtti -march=armv8-a -DASMJIT_STATIC -DASMJIT_NO_X86 -DASMJIT_NO_FOREIGN -DASMJIT_NO_DEPRECATED -DASMJIT_NO_TEXT -DASMJIT_NO_LOGGING -DASMJIT_NO_INTROSPECTION -DASMJIT_NO_VALIDATION -Wformat -Werror=format-security -w -std=c++17 -fno-exceptions -fno-rtti -march=armv8-a  -c  all_libs/asmjit/core/environment.cpp -o /tmp/ndk-out/local/arm64-v8a/objs/asmjit/core/environment.o
build	Build .so with ndk-build	2026-10-09T16:53:13.5266638Z [arm64-v8a] Compile++      : asmjit <= errorhandler.cpp
build	Build .so with ndk-build	2026-10-09T16:53:13.5267561Z rm -f /tmp/ndk-out/local/arm64-v8a/objs/asmjit/core/errorhandler.o
build	Build .so with ndk-build	2026-10-09T16:53:13.5281781Z /usr/local/lib/android/sdk/ndk/26.1.10909125/toolchains/llvm/prebuilt/linux-x86_64/bin/clang++ -MMD -MP -MF /tmp/ndk-out/local/arm64-v8a/objs/asmjit/core/errorhandler.o.d -target aarch64-none-linux-android24 -fdata-sections -ffunction-sections -fstack-protector-strong -funwind-tables -no-canonical-prefixes  --sysroot /usr/local/lib/android/sdk/ndk/26.1.10909125/toolchains/llvm/prebuilt/linux-x86_64/sysroot -g -Wno-invalid-command-line-argument -Wno-unused-command-line-argument  -D_FORTIFY_SOURCE=2 -fno-exceptions -fno-rtti -fpic -O2 -DNDEBUG  -Iall_libs/asmjit -Iall_libs/asmjit -O2 -DNDEBUG -w -std=c++17 -fexceptions -frtti -O2 -DNDEBUG -w  -DANDROID -w -std=c++17 -fno-exceptions -fno-rtti -march=armv8-a -DASMJIT_STATIC -DASMJIT_NO_X86 -DASMJIT_NO_FOREIGN -DASMJIT_NO_DEPRECATED -DASMJIT_NO_TEXT -DASMJIT_NO_LOGGING -DASMJIT_NO_INTROSPECTION -DASMJIT_NO_VALIDATION -Wformat -Werror=format-security -w -std=c++17 -fno-exceptions -fno-rtti -march=armv8-a  -c  all_libs/asmjit/core/errorhandler.cpp -o /tmp/ndk-out/local/arm64-v8a/objs/asmjit/core/errorhandler.o
build	Build .so with ndk-build	2026-10-09T16:53:13.6009844Z [arm64-v8a] Compile++      : asmjit <= formatter.cpp
build	Build .so with ndk-build	2026-10-09T16:53:13.6010653Z rm -f /tmp/ndk-out/local/arm64-v8a/objs/asmjit/core/formatter.o
build	Build .so with ndk-build	2026-10-09T16:53:13.6023997Z /usr/local/lib/android/sdk/ndk/26.1.10909125/toolchains/llvm/prebuilt/linux-x86_64/bin/clang++ -MMD -MP -MF /tmp/ndk-out/local/arm64-v8a/objs/asmjit/core/formatter.o.d -target aarch64-none-linux-android24 -fdata-sections -ffunction-sections -fstack-protector-strong -funwind-tables -no-canonical-prefixes  --sysroot /usr/local/lib/android/sdk/ndk/26.1.10909125/toolchains/llvm/prebuilt/linux-x86_64/sysroot -g -Wno-invalid-command-line-argument -Wno-unused-command-line-argument  -D_FORTIFY_SOURCE=2 -fno-exceptions -fno-rtti -fpic -O2 -DNDEBUG  -Iall_libs/asmjit -Iall_libs/asmjit -O2 -DNDEBUG -w -std=c++17 -fexceptions -frtti -O2 -DNDEBUG -w  -DANDROID -w -std=c++17 -fno-exceptions -fno-rtti -march=armv8-a -DASMJIT_STATIC -DASMJIT_NO_X86 -DASMJIT_NO_FOREIGN -DASMJIT_NO_DEPRECATED -DASMJIT_NO_TEXT -DASMJIT_NO_LOGGING -DASMJIT_NO_INTROSPECTION -DASMJIT_NO_VALIDATION -Wformat -Werror=format-security -w -std=c++17 -fno-exceptions -fno-rtti -march=armv8-a  -c  all_libs/asmjit/core/formatter.cpp -o /tmp/ndk-out/local/arm64-v8a/objs/asmjit/core/formatter.o
build	Build .so with ndk-build	2026-10-09T16:53:13.6713155Z [arm64-v8a] Compile++      : asmjit <= func.cpp
build	Build .so with ndk-build	2026-10-09T16:53:13.6714393Z rm -f /tmp/ndk-out/local/arm64-v8a/objs/asmjit/core/func.o
build	Build .so with ndk-build	2026-10-09T16:53:13.6728663Z /usr/local/lib/android/sdk/ndk/26.1.10909125/toolchains/llvm/prebuilt/linux-x86_64/bin/clang++ -MMD -MP -MF /tmp/ndk-out/local/arm64-v8a/objs/asmjit/core/func.o.d -target aarch64-none-linux-android24 -fdata-sections -ffunction-sections -fstack-protector-strong -funwind-tables -no-canonical-prefixes  --sysroot /usr/local/lib/android/sdk/ndk/26.1.10909125/toolchains/llvm/prebuilt/linux-x86_64/sysroot -g -Wno-invalid-command-line-argument -Wno-unused-command-line-argument  -D_FORTIFY_SOURCE=2 -fno-exceptions -fno-rtti -fpic -O2 -DNDEBUG  -Iall_libs/asmjit -Iall_libs/asmjit -O2 -DNDEBUG -w -std=c++17 -fexceptions -frtti -O2 -DNDEBUG -w  -DANDROID -w -std=c++17 -fno-exceptions -fno-rtti -march=armv8-a -DASMJIT_STATIC -DASMJIT_NO_X86 -DASMJIT_NO_FOREIGN -DASMJIT_NO_DEPRECATED -DASMJIT_NO_TEXT -DASMJIT_NO_LOGGING -DASMJIT_NO_INTROSPECTION -DASMJIT_NO_VALIDATION -Wformat -Werror=format-security -w -std=c++17 -fno-exceptions -fno-rtti -march=armv8-a  -c  all_libs/asmjit/core/func.cpp -o /tmp/ndk-out/local/arm64-v8a/objs/asmjit/core/func.o
build	Build .so with ndk-build	2026-10-09T16:53:13.8683038Z [arm64-v8a] Compile++      : asmjit <= funcargscontext.cpp
build	Build .so with ndk-build	2026-10-09T16:53:13.8683712Z rm -f /tmp/ndk-out/local/arm64-v8a/objs/asmjit/core/funcargscontext.o
build	Build .so with ndk-build	2026-10-09T16:53:13.8697559Z /usr/local/lib/android/sdk/ndk/26.1.10909125/toolchains/llvm/prebuilt/linux-x86_64/bin/clang++ -MMD -MP -MF /tmp/ndk-out/local/arm64-v8a/objs/asmjit/core/funcargscontext.o.d -target aarch64-none-linux-android24 -fdata-sections -ffunction-sections -fstack-protector-strong -funwind-tables -no-canonical-prefixes  --sysroot /usr/local/lib/android/sdk/ndk/26.1.10909125/toolchains/llvm/prebuilt/linux-x86_64/sysroot -g -Wno-invalid-command-line-argument -Wno-unused-command-line-argument  -D_FORTIFY_SOURCE=2 -fno-exceptions -fno-rtti -fpic -O2 -DNDEBUG  -Iall_libs/asmjit -Iall_libs/asmjit -O2 -DNDEBUG -w -std=c++17 -fexceptions -frtti -O2 -DNDEBUG -w  -DANDROID -w -std=c++17 -fno-exceptions -fno-rtti -march=armv8-a -DASMJIT_STATIC -DASMJIT_NO_X86 -DASMJIT_NO_FOREIGN -DASMJIT_NO_DEPRECATED -DASMJIT_NO_TEXT -DASMJIT_NO_LOGGING -DASMJIT_NO_INTROSPECTION -DASMJIT_NO_VALIDATION -Wformat -Werror=format-security -w -std=c++17 -fno-exceptions -fno-rtti -march=armv8-a  -c  all_libs/asmjit/core/funcargscontext.cpp -o /tmp/ndk-out/local/arm64-v8a/objs/asmjit/core/funcargscontext.o
build	Build .so with ndk-build	2026-10-09T16:53:14.0929323Z [arm64-v8a] Compile++      : asmjit <= globals.cpp
build	Build .so with ndk-build	2026-10-09T16:53:14.0930028Z rm -f /tmp/ndk-out/local/arm64-v8a/objs/asmjit/core/globals.o
build	Build .so with ndk-build	2026-10-09T16:53:14.0946872Z /usr/local/lib/android/sdk/ndk/26.1.10909125/toolchains/llvm/prebuilt/linux-x86_64/bin/clang++ -MMD -MP -MF /tmp/ndk-out/local/arm64-v8a/objs/asmjit/core/globals.o.d -target aarch64-none-linux-android24 -fdata-sections -ffunction-sections -fstack-protector-strong -funwind-tables -no-canonical-prefixes  --sysroot /usr/local/lib/android/sdk/ndk/26.1.10909125/toolchains/llvm/prebuilt/linux-x86_64/sysroot -g -Wno-invalid-command-line-argument -Wno-unused-command-line-argument  -D_FORTIFY_SOURCE=2 -fno-exceptions -fno-rtti -fpic -O2 -DNDEBUG  -Iall_libs/asmjit -Iall_libs/asmjit -O2 -DNDEBUG -w -std=c++17 -fexceptions -frtti -O2 -DNDEBUG -w  -DANDROID -w -std=c++17 -fno-exceptions -fno-rtti -march=armv8-a -DASMJIT_STATIC -DASMJIT_NO_X86 -DASMJIT_NO_FOREIGN -DASMJIT_NO_DEPRECATED -DASMJIT_NO_TEXT -DASMJIT_NO_LOGGING -DASMJIT_NO_INTROSPECTION -DASMJIT_NO_VALIDATION -Wformat -Werror=format-security -w -std=c++17 -fno-exceptions -fno-rtti -march=armv8-a  -c  all_libs/asmjit/core/globals.cpp -o /tmp/ndk-out/local/arm64-v8a/objs/asmjit/core/globals.o
build	Build .so with ndk-build	2026-10-09T16:53:14.1819912Z [arm64-v8a] Compile++      : asmjit <= inst.cpp
build	Build .so with ndk-build	2026-10-09T16:53:14.1820667Z rm -f /tmp/ndk-out/local/arm64-v8a/objs/asmjit/core/inst.o
build	Build .so with ndk-build	2026-10-09T16:53:14.1837233Z /usr/local/lib/android/sdk/ndk/26.1.10909125/toolchains/llvm/prebuilt/linux-x86_64/bin/clang++ -MMD -MP -MF /tmp/ndk-out/local/arm64-v8a/objs/asmjit/core/inst.o.d -target aarch64-none-linux-android24 -fdata-sections -ffunction-sections -fstack-protector-strong -funwind-tables -no-canonical-prefixes  --sysroot /usr/local/lib/android/sdk/ndk/26.1.10909125/toolchains/llvm/prebuilt/linux-x86_64/sysroot -g -Wno-invalid-command-line-argument -Wno-unused-command-line-argument  -D_FORTIFY_SOURCE=2 -fno-exceptions -fno-rtti -fpic -O2 -DNDEBUG  -Iall_libs/asmjit -Iall_libs/asmjit -O2 -DNDEBUG -w -std=c++17 -fexceptions -frtti -O2 -DNDEBUG -w  -DANDROID -w -std=c++17 -fno-exceptions -fno-rtti -march=armv8-a -DASMJIT_STATIC -DASMJIT_NO_X86 -DASMJIT_NO_FOREIGN -DASMJIT_NO_DEPRECATED -DASMJIT_NO_TEXT -DASMJIT_NO_LOGGING -DASMJIT_NO_INTROSPECTION -DASMJIT_NO_VALIDATION -Wformat -Werror=format-security -w -std=c++17 -fno-exceptions -fno-rtti -march=armv8-a  -c  all_libs/asmjit/core/inst.cpp -o /tmp/ndk-out/local/arm64-v8a/objs/asmjit/core/inst.o
build	Build .so with ndk-build	2026-10-09T16:53:14.3118175Z [arm64-v8a] Compile++      : asmjit <= instdb.cpp
build	Build .so with ndk-build	2026-10-09T16:53:14.3119268Z rm -f /tmp/ndk-out/local/arm64-v8a/objs/asmjit/core/instdb.o
build	Build .so with ndk-build	2026-10-09T16:53:14.3134779Z /usr/local/lib/android/sdk/ndk/26.1.10909125/toolchains/llvm/prebuilt/linux-x86_64/bin/clang++ -MMD -MP -MF /tmp/ndk-out/local/arm64-v8a/objs/asmjit/core/instdb.o.d -target aarch64-none-linux-android24 -fdata-sections -ffunction-sections -fstack-protector-strong -funwind-tables -no-canonical-prefixes  --sysroot /usr/local/lib/android/sdk/ndk/26.1.10909125/toolchains/llvm/prebuilt/linux-x86_64/sysroot -g -Wno-invalid-command-line-argument -Wno-unused-command-line-argument  -D_FORTIFY_SOURCE=2 -fno-exceptions -fno-rtti -fpic -O2 -DNDEBUG  -Iall_libs/asmjit -Iall_libs/asmjit -O2 -DNDEBUG -w -std=c++17 -fexceptions -frtti -O2 -DNDEBUG -w  -DANDROID -w -std=c++17 -fno-exceptions -fno-rtti -march=armv8-a -DASMJIT_STATIC -DASMJIT_NO_X86 -DASMJIT_NO_FOREIGN -DASMJIT_NO_DEPRECATED -DASMJIT_NO_TEXT -DASMJIT_NO_LOGGING -DASMJIT_NO_INTROSPECTION -DASMJIT_NO_VALIDATION -Wformat -Werror=format-security -w -std=c++17 -fno-exceptions -fno-rtti -march=armv8-a  -c  all_libs/asmjit/core/instdb.cpp -o /tmp/ndk-out/local/arm64-v8a/objs/asmjit/core/instdb.o
build	Build .so with ndk-build	2026-10-09T16:53:14.4612169Z [arm64-v8a] Compile++      : asmjit <= jitallocator.cpp
build	Build .so with ndk-build	2026-10-09T16:53:14.4613973Z rm -f /tmp/ndk-out/local/arm64-v8a/objs/asmjit/core/jitallocator.o
build	Build .so with ndk-build	2026-10-09T16:53:14.4627508Z /usr/local/lib/android/sdk/ndk/26.1.10909125/toolchains/llvm/prebuilt/linux-x86_64/bin/clang++ -MMD -MP -MF /tmp/ndk-out/local/arm64-v8a/objs/asmjit/core/jitallocator.o.d -target aarch64-none-linux-android24 -fdata-sections -ffunction-sections -fstack-protector-strong -funwind-tables -no-canonical-prefixes  --sysroot /usr/local/lib/android/sdk/ndk/26.1.10909125/toolchains/llvm/prebuilt/linux-x86_64/sysroot -g -Wno-invalid-command-line-argument -Wno-unused-command-line-argument  -D_FORTIFY_SOURCE=2 -fno-exceptions -fno-rtti -fpic -O2 -DNDEBUG  -Iall_libs/asmjit -Iall_libs/asmjit -O2 -DNDEBUG -w -std=c++17 -fexceptions -frtti -O2 -DNDEBUG -w  -DANDROID -w -std=c++17 -fno-exceptions -fno-rtti -march=armv8-a -DASMJIT_STATIC -DASMJIT_NO_X86 -DASMJIT_NO_FOREIGN -DASMJIT_NO_DEPRECATED -DASMJIT_NO_TEXT -DASMJIT_NO_LOGGING -DASMJIT_NO_INTROSPECTION -DASMJIT_NO_VALIDATION -Wformat -Werror=format-security -w -std=c++17 -fno-exceptions -fno-rtti -march=armv8-a  -c  all_libs/asmjit/core/jitallocator.cpp -o /tmp/ndk-out/local/arm64-v8a/objs/asmjit/core/jitallocator.o
build	Build .so with ndk-build	2026-10-09T16:53:14.7801637Z [arm64-v8a] Compile++      : asmjit <= jitruntime.cpp
build	Build .so with ndk-build	2026-10-09T16:53:14.7802595Z rm -f /tmp/ndk-out/local/arm64-v8a/objs/asmjit/core/jitruntime.o
build	Build .so with ndk-build	2026-10-09T16:53:14.7816493Z /usr/local/lib/android/sdk/ndk/26.1.10909125/toolchains/llvm/prebuilt/linux-x86_64/bin/clang++ -MMD -MP -MF /tmp/ndk-out/local/arm64-v8a/objs/asmjit/core/jitruntime.o.d -target aarch64-none-linux-android24 -fdata-sections -ffunction-sections -fstack-protector-strong -funwind-tables -no-canonical-prefixes  --sysroot /usr/local/lib/android/sdk/ndk/26.1.10909125/toolchains/llvm/prebuilt/linux-x86_64/sysroot -g -Wno-invalid-command-line-argument -Wno-unused-command-line-argument  -D_FORTIFY_SOURCE=2 -fno-exceptions -fno-rtti -fpic -O2 -DNDEBUG  -Iall_libs/asmjit -Iall_libs/asmjit -O2 -DNDEBUG -w -std=c++17 -fexceptions -frtti -O2 -DNDEBUG -w  -DANDROID -w -std=c++17 -fno-exceptions -fno-rtti -march=armv8-a -DASMJIT_STATIC -DASMJIT_NO_X86 -DASMJIT_NO_FOREIGN -DASMJIT_NO_DEPRECATED -DASMJIT_NO_TEXT -DASMJIT_NO_LOGGING -DASMJIT_NO_INTROSPECTION -DASMJIT_NO_VALIDATION -Wformat -Werror=format-security -w -std=c++17 -fno-exceptions -fno-rtti -march=armv8-a  -c  all_libs/asmjit/core/jitruntime.cpp -o /tmp/ndk-out/local/arm64-v8a/objs/asmjit/core/jitruntime.o
build	Build .so with ndk-build	2026-10-09T16:53:14.9447045Z [arm64-v8a] Compile++      : asmjit <= logger.cpp
build	Build .so with ndk-build	2026-10-09T16:53:14.9448036Z rm -f /tmp/ndk-out/local/arm64-v8a/objs/asmjit/core/logger.o
build	Build .so with ndk-build	2026-10-09T16:53:14.9464730Z /usr/local/lib/android/sdk/ndk/26.1.10909125/toolchains/llvm/prebuilt/linux-x86_64/bin/clang++ -MMD -MP -MF /tmp/ndk-out/local/arm64-v8a/objs/asmjit/core/logger.o.d -target aarch64-none-linux-android24 -fdata-sections -ffunction-sections -fstack-protector-strong -funwind-tables -no-canonical-prefixes  --sysroot /usr/local/lib/android/sdk/ndk/26.1.10909125/toolchains/llvm/prebuilt/linux-x86_64/sysroot -g -Wno-invalid-command-line-argument -Wno-unused-command-line-argument  -D_FORTIFY_SOURCE=2 -fno-exceptions -fno-rtti -fpic -O2 -DNDEBUG  -Iall_libs/asmjit -Iall_libs/asmjit -O2 -DNDEBUG -w -std=c++17 -fexceptions -frtti -O2 -DNDEBUG -w  -DANDROID -w -std=c++17 -fno-exceptions -fno-rtti -march=armv8-a -DASMJIT_STATIC -DASMJIT_NO_X86 -DASMJIT_NO_FOREIGN -DASMJIT_NO_DEPRECATED -DASMJIT_NO_TEXT -DASMJIT_NO_LOGGING -DASMJIT_NO_INTROSPECTION -DASMJIT_NO_VALIDATION -Wformat -Werror=format-security -w -std=c++17 -fno-exceptions -fno-rtti -march=armv8-a  -c  all_libs/asmjit/core/logger.cpp -o /tmp/ndk-out/local/arm64-v8a/objs/asmjit/core/logger.o
build	Build .so with ndk-build	2026-10-09T16:53:15.0153623Z [arm64-v8a] Compile++      : asmjit <= operand.cpp
build	Build .so with ndk-build	2026-10-09T16:53:15.0154662Z rm -f /tmp/ndk-out/local/arm64-v8a/objs/asmjit/core/operand.o
build	Build .so with ndk-build	2026-10-09T16:53:15.0169081Z /usr/local/lib/android/sdk/ndk/26.1.10909125/toolchains/llvm/prebuilt/linux-x86_64/bin/clang++ -MMD -MP -MF /tmp/ndk-out/local/arm64-v8a/objs/asmjit/core/operand.o.d -target aarch64-none-linux-android24 -fdata-sections -ffunction-sections -fstack-protector-strong -funwind-tables -no-canonical-prefixes  --sysroot /usr/local/lib/android/sdk/ndk/26.1.10909125/toolchains/llvm/prebuilt/linux-x86_64/sysroot -g -Wno-invalid-command-line-argument -Wno-unused-command-line-argument  -D_FORTIFY_SOURCE=2 -fno-exceptions -fno-rtti -fpic -O2 -DNDEBUG  -Iall_libs/asmjit -Iall_libs/asmjit -O2 -DNDEBUG -w -std=c++17 -fexceptions -frtti -O2 -DNDEBUG -w  -DANDROID -w -std=c++17 -fno-exceptions -fno-rtti -march=armv8-a -DASMJIT_STATIC -DASMJIT_NO_X86 -DASMJIT_NO_FOREIGN -DASMJIT_NO_DEPRECATED -DASMJIT_NO_TEXT -DASMJIT_NO_LOGGING -DASMJIT_NO_INTROSPECTION -DASMJIT_NO_VALIDATION -Wformat -Werror=format-security -w -std=c++17 -fno-exceptions -fno-rtti -march=armv8-a  -c  all_libs/asmjit/core/operand.cpp -o /tmp/ndk-out/local/arm64-v8a/objs/asmjit/core/operand.o
build	Build .so with ndk-build	2026-10-09T16:53:15.1160952Z [arm64-v8a] Compile++      : asmjit <= osutils.cpp
build	Build .so with ndk-build	2026-10-09T16:53:15.1162013Z rm -f /tmp/ndk-out/local/arm64-v8a/objs/asmjit/core/osutils.o
build	Build .so with ndk-build	2026-10-09T16:53:15.1174788Z /usr/local/lib/android/sdk/ndk/26.1.10909125/toolchains/llvm/prebuilt/linux-x86_64/bin/clang++ -MMD -MP -MF /tmp/ndk-out/local/arm64-v8a/objs/asmjit/core/osutils.o.d -target aarch64-none-linux-android24 -fdata-sections -ffunction-sections -fstack-protector-strong -funwind-tables -no-canonical-prefixes  --sysroot /usr/local/lib/android/sdk/ndk/26.1.10909125/toolchains/llvm/prebuilt/linux-x86_64/sysroot -g -Wno-invalid-command-line-argument -Wno-unused-command-line-argument  -D_FORTIFY_SOURCE=2 -fno-exceptions -fno-rtti -fpic -O2 -DNDEBUG  -Iall_libs/asmjit -Iall_libs/asmjit -O2 -DNDEBUG -w -std=c++17 -fexceptions -frtti -O2 -DNDEBUG -w  -DANDROID -w -std=c++17 -fno-exceptions -fno-rtti -march=armv8-a -DASMJIT_STATIC -DASMJIT_NO_X86 -DASMJIT_NO_FOREIGN -DASMJIT_NO_DEPRECATED -DASMJIT_NO_TEXT -DASMJIT_NO_LOGGING -DASMJIT_NO_INTROSPECTION -DASMJIT_NO_VALIDATION -Wformat -Werror=format-security -w -std=c++17 -fno-exceptions -fno-rtti -march=armv8-a  -c  all_libs/asmjit/core/osutils.cpp -o /tmp/ndk-out/local/arm64-v8a/objs/asmjit/core/osutils.o
build	Build .so with ndk-build	2026-10-09T16:53:15.2152207Z [arm64-v8a] Compile++      : asmjit <= ralocal.cpp
build	Build .so with ndk-build	2026-10-09T16:53:15.2152971Z rm -f /tmp/ndk-out/local/arm64-v8a/objs/asmjit/core/ralocal.o
build	Build .so with ndk-build	2026-10-09T16:53:15.2167376Z /usr/local/lib/android/sdk/ndk/26.1.10909125/toolchains/llvm/prebuilt/linux-x86_64/bin/clang++ -MMD -MP -MF /tmp/ndk-out/local/arm64-v8a/objs/asmjit/core/ralocal.o.d -target aarch64-none-linux-android24 -fdata-sections -ffunction-sections -fstack-protector-strong -funwind-tables -no-canonical-prefixes  --sysroot /usr/local/lib/android/sdk/ndk/26.1.10909125/toolchains/llvm/prebuilt/linux-x86_64/sysroot -g -Wno-invalid-command-line-argument -Wno-unused-command-line-argument  -D_FORTIFY_SOURCE=2 -fno-exceptions -fno-rtti -fpic -O2 -DNDEBUG  -Iall_libs/asmjit -Iall_libs/asmjit -O2 -DNDEBUG -w -std=c++17 -fexceptions -frtti -O2 -DNDEBUG -w  -DANDROID -w -std=c++17 -fno-exceptions -fno-rtti -march=armv8-a -DASMJIT_STATIC -DASMJIT_NO_X86 -DASMJIT_NO_FOREIGN -DASMJIT_NO_DEPRECATED -DASMJIT_NO_TEXT -DASMJIT_NO_LOGGING -DASMJIT_NO_INTROSPECTION -DASMJIT_NO_VALIDATION -Wformat -Werror=format-security -w -std=c++17 -fno-exceptions -fno-rtti -march=armv8-a  -c  all_libs/asmjit/core/ralocal.cpp -o /tmp/ndk-out/local/arm64-v8a/objs/asmjit/core/ralocal.o
build	Build .so with ndk-build	2026-10-09T16:53:15.6944679Z [arm64-v8a] Compile++      : asmjit <= rapass.cpp
build	Build .so with ndk-build	2026-10-09T16:53:15.6945327Z rm -f /tmp/ndk-out/local/arm64-v8a/objs/asmjit/core/rapass.o
build	Build .so with ndk-build	2026-10-09T16:53:15.6959645Z /usr/local/lib/android/sdk/ndk/26.1.10909125/toolchains/llvm/prebuilt/linux-x86_64/bin/clang++ -MMD -MP -MF /tmp/ndk-out/local/arm64-v8a/objs/asmjit/core/rapass.o.d -target aarch64-none-linux-android24 -fdata-sections -ffunction-sections -fstack-protector-strong -funwind-tables -no-canonical-prefixes  --sysroot /usr/local/lib/android/sdk/ndk/26.1.10909125/toolchains/llvm/prebuilt/linux-x86_64/sysroot -g -Wno-invalid-command-line-argument -Wno-unused-command-line-argument  -D_FORTIFY_SOURCE=2 -fno-exceptions -fno-rtti -fpic -O2 -DNDEBUG  -Iall_libs/asmjit -Iall_libs/asmjit -O2 -DNDEBUG -w -std=c++17 -fexceptions -frtti -O2 -DNDEBUG -w  -DANDROID -w -std=c++17 -fno-exceptions -fno-rtti -march=armv8-a -DASMJIT_STATIC -DASMJIT_NO_X86 -DASMJIT_NO_FOREIGN -DASMJIT_NO_DEPRECATED -DASMJIT_NO_TEXT -DASMJIT_NO_LOGGING -DASMJIT_NO_INTROSPECTION -DASMJIT_NO_VALIDATION -Wformat -Werror=format-security -w -std=c++17 -fno-exceptions -fno-rtti -march=armv8-a  -c  all_libs/asmjit/core/rapass.cpp -o /tmp/ndk-out/local/arm64-v8a/objs/asmjit/core/rapass.o
build	Build .so with ndk-build	2026-10-09T16:53:16.4143292Z [arm64-v8a] Compile++      : asmjit <= rastack.cpp
build	Build .so with ndk-build	2026-10-09T16:53:16.4144116Z rm -f /tmp/ndk-out/local/arm64-v8a/objs/asmjit/core/rastack.o
build	Build .so with ndk-build	2026-10-09T16:53:16.4156872Z /usr/local/lib/android/sdk/ndk/26.1.10909125/toolchains/llvm/prebuilt/linux-x86_64/bin/clang++ -MMD -MP -MF /tmp/ndk-out/local/arm64-v8a/objs/asmjit/core/rastack.o.d -target aarch64-none-linux-android24 -fdata-sections -ffunction-sections -fstack-protector-strong -funwind-tables -no-canonical-prefixes  --sysroot /usr/local/lib/android/sdk/ndk/26.1.10909125/toolchains/llvm/prebuilt/linux-x86_64/sysroot -g -Wno-invalid-command-line-argument -Wno-unused-command-line-argument  -D_FORTIFY_SOURCE=2 -fno-exceptions -fno-rtti -fpic -O2 -DNDEBUG  -Iall_libs/asmjit -Iall_libs/asmjit -O2 -DNDEBUG -w -std=c++17 -fexceptions -frtti -O2 -DNDEBUG -w  -DANDROID -w -std=c++17 -fno-exceptions -fno-rtti -march=armv8-a -DASMJIT_STATIC -DASMJIT_NO_X86 -DASMJIT_NO_FOREIGN -DASMJIT_NO_DEPRECATED -DASMJIT_NO_TEXT -DASMJIT_NO_LOGGING -DASMJIT_NO_INTROSPECTION -DASMJIT_NO_VALIDATION -Wformat -Werror=format-security -w -std=c++17 -fno-exceptions -fno-rtti -march=armv8-a  -c  all_libs/asmjit/core/rastack.cpp -o /tmp/ndk-out/local/arm64-v8a/objs/asmjit/core/rastack.o
build	Build .so with ndk-build	2026-10-09T16:53:16.6093003Z [arm64-v8a] Compile++      : asmjit <= string.cpp
build	Build .so with ndk-build	2026-10-09T16:53:16.6093764Z rm -f /tmp/ndk-out/local/arm64-v8a/objs/asmjit/core/string.o
build	Build .so with ndk-build	2026-10-09T16:53:16.6109920Z /usr/local/lib/android/sdk/ndk/26.1.10909125/toolchains/llvm/prebuilt/linux-x86_64/bin/clang++ -MMD -MP -MF /tmp/ndk-out/local/arm64-v8a/objs/asmjit/core/string.o.d -target aarch64-none-linux-android24 -fdata-sections -ffunction-sections -fstack-protector-strong -funwind-tables -no-canonical-prefixes  --sysroot /usr/local/lib/android/sdk/ndk/26.1.10909125/toolchains/llvm/prebuilt/linux-x86_64/sysroot -g -Wno-invalid-command-line-argument -Wno-unused-command-line-argument  -D_FORTIFY_SOURCE=2 -fno-exceptions -fno-rtti -fpic -O2 -DNDEBUG  -Iall_libs/asmjit -Iall_libs/asmjit -O2 -DNDEBUG -w -std=c++17 -fexceptions -frtti -O2 -DNDEBUG -w  -DANDROID -w -std=c++17 -fno-exceptions -fno-rtti -march=armv8-a -DASMJIT_STATIC -DASMJIT_NO_X86 -DASMJIT_NO_FOREIGN -DASMJIT_NO_DEPRECATED -DASMJIT_NO_TEXT -DASMJIT_NO_LOGGING -DASMJIT_NO_INTROSPECTION -DASMJIT_NO_VALIDATION -Wformat -Werror=format-security -w -std=c++17 -fno-exceptions -fno-rtti -march=armv8-a  -c  all_libs/asmjit/core/string.cpp -o /tmp/ndk-out/local/arm64-v8a/objs/asmjit/core/string.o
build	Build .so with ndk-build	2026-10-09T16:53:16.7501167Z [arm64-v8a] Compile++      : asmjit <= support.cpp
build	Build .so with ndk-build	2026-10-09T16:53:16.7501994Z rm -f /tmp/ndk-out/local/arm64-v8a/objs/asmjit/core/support.o
build	Build .so with ndk-build	2026-10-09T16:53:16.7518280Z /usr/local/lib/android/sdk/ndk/26.1.10909125/toolchains/llvm/prebuilt/linux-x86_64/bin/clang++ -MMD -MP -MF /tmp/ndk-out/local/arm64-v8a/objs/asmjit/core/support.o.d -target aarch64-none-linux-android24 -fdata-sections -ffunction-sections -fstack-protector-strong -funwind-tables -no-canonical-prefixes  --sysroot /usr/local/lib/android/sdk/ndk/26.1.10909125/toolchains/llvm/prebuilt/linux-x86_64/sysroot -g -Wno-invalid-command-line-argument -Wno-unused-command-line-argument  -D_FORTIFY_SOURCE=2 -fno-exceptions -fno-rtti -fpic -O2 -DNDEBUG  -Iall_libs/asmjit -Iall_libs/asmjit -O2 -DNDEBUG -w -std=c++17 -fexceptions -frtti -O2 -DNDEBUG -w  -DANDROID -w -std=c++17 -fno-exceptions -fno-rtti -march=armv8-a -DASMJIT_STATIC -DASMJIT_NO_X86 -DASMJIT_NO_FOREIGN -DASMJIT_NO_DEPRECATED -DASMJIT_NO_TEXT -DASMJIT_NO_LOGGING -DASMJIT_NO_INTROSPECTION -DASMJIT_NO_VALIDATION -Wformat -Werror=format-security -w -std=c++17 -fno-exceptions -fno-rtti -march=armv8-a  -c  all_libs/asmjit/core/support.cpp -o /tmp/ndk-out/local/arm64-v8a/objs/asmjit/core/support.o
build	Build .so with ndk-build	2026-10-09T16:53:16.8328564Z [arm64-v8a] Compile++      : asmjit <= target.cpp
build	Build .so with ndk-build	2026-10-09T16:53:16.8329415Z rm -f /tmp/ndk-out/local/arm64-v8a/objs/asmjit/core/target.o
build	Build .so with ndk-build	2026-10-09T16:53:16.8343871Z /usr/local/lib/android/sdk/ndk/26.1.10909125/toolchains/llvm/prebuilt/linux-x86_64/bin/clang++ -MMD -MP -MF /tmp/ndk-out/local/arm64-v8a/objs/asmjit/core/target.o.d -target aarch64-none-linux-android24 -fdata-sections -ffunction-sections -fstack-protector-strong -funwind-tables -no-canonical-prefixes  --sysroot /usr/local/lib/android/sdk/ndk/26.1.10909125/toolchains/llvm/prebuilt/linux-x86_64/sysroot -g -Wno-invalid-command-line-argument -Wno-unused-command-line-argument  -D_FORTIFY_SOURCE=2 -fno-exceptions -fno-rtti -fpic -O2 -DNDEBUG  -Iall_libs/asmjit -Iall_libs/asmjit -O2 -DNDEBUG -w -std=c++17 -fexceptions -frtti -O2 -DNDEBUG -w  -DANDROID -w -std=c++17 -fno-exceptions -fno-rtti -march=armv8-a -DASMJIT_STATIC -DASMJIT_NO_X86 -DASMJIT_NO_FOREIGN -DASMJIT_NO_DEPRECATED -DASMJIT_NO_TEXT -DASMJIT_NO_LOGGING -DASMJIT_NO_INTROSPECTION -DASMJIT_NO_VALIDATION -Wformat -Werror=format-security -w -std=c++17 -fno-exceptions -fno-rtti -march=armv8-a  -c  all_libs/asmjit/core/target.cpp -o /tmp/ndk-out/local/arm64-v8a/objs/asmjit/core/target.o
build	Build .so with ndk-build	2026-10-09T16:53:16.9647079Z [arm64-v8a] Compile++      : asmjit <= type.cpp
build	Build .so with ndk-build	2026-10-09T16:53:16.9647830Z rm -f /tmp/ndk-out/local/arm64-v8a/objs/asmjit/core/type.o
build	Build .so with ndk-build	2026-10-09T16:53:16.9661483Z /usr/local/lib/android/sdk/ndk/26.1.10909125/toolchains/llvm/prebuilt/linux-x86_64/bin/clang++ -MMD -MP -MF /tmp/ndk-out/local/arm64-v8a/objs/asmjit/core/type.o.d -target aarch64-none-linux-android24 -fdata-sections -ffunction-sections -fstack-protector-strong -funwind-tables -no-canonical-prefixes  --sysroot /usr/local/lib/android/sdk/ndk/26.1.10909125/toolchains/llvm/prebuilt/linux-x86_64/sysroot -g -Wno-invalid-command-line-argument -Wno-unused-command-line-argument  -D_FORTIFY_SOURCE=2 -fno-exceptions -fno-rtti -fpic -O2 -DNDEBUG  -Iall_libs/asmjit -Iall_libs/asmjit -O2 -DNDEBUG -w -std=c++17 -fexceptions -frtti -O2 -DNDEBUG -w  -DANDROID -w -std=c++17 -fno-exceptions -fno-rtti -march=armv8-a -DASMJIT_STATIC -DASMJIT_NO_X86 -DASMJIT_NO_FOREIGN -DASMJIT_NO_DEPRECATED -DASMJIT_NO_TEXT -DASMJIT_NO_LOGGING -DASMJIT_NO_INTROSPECTION -DASMJIT_NO_VALIDATION -Wformat -Werror=format-security -w -std=c++17 -fno-exceptions -fno-rtti -march=armv8-a  -c  all_libs/asmjit/core/type.cpp -o /tmp/ndk-out/local/arm64-v8a/objs/asmjit/core/type.o
build	Build .so with ndk-build	2026-10-09T16:53:17.1090345Z [arm64-v8a] Compile++      : asmjit <= virtmem.cpp
build	Build .so with ndk-build	2026-10-09T16:53:17.1091280Z rm -f /tmp/ndk-out/local/arm64-v8a/objs/asmjit/core/virtmem.o
build	Build .so with ndk-build	2026-10-09T16:53:17.1105605Z /usr/local/lib/android/sdk/ndk/26.1.10909125/toolchains/llvm/prebuilt/linux-x86_64/bin/clang++ -MMD -MP -MF /tmp/ndk-out/local/arm64-v8a/objs/asmjit/core/virtmem.o.d -target aarch64-none-linux-android24 -fdata-sections -ffunction-sections -fstack-protector-strong -funwind-tables -no-canonical-prefixes  --sysroot /usr/local/lib/android/sdk/ndk/26.1.10909125/toolchains/llvm/prebuilt/linux-x86_64/sysroot -g -Wno-invalid-command-line-argument -Wno-unused-command-line-argument  -D_FORTIFY_SOURCE=2 -fno-exceptions -fno-rtti -fpic -O2 -DNDEBUG  -Iall_libs/asmjit -Iall_libs/asmjit -O2 -DNDEBUG -w -std=c++17 -fexceptions -frtti -O2 -DNDEBUG -w  -DANDROID -w -std=c++17 -fno-exceptions -fno-rtti -march=armv8-a -DASMJIT_STATIC -DASMJIT_NO_X86 -DASMJIT_NO_FOREIGN -DASMJIT_NO_DEPRECATED -DASMJIT_NO_TEXT -DASMJIT_NO_LOGGING -DASMJIT_NO_INTROSPECTION -DASMJIT_NO_VALIDATION -Wformat -Werror=format-security -w -std=c++17 -fno-exceptions -fno-rtti -march=armv8-a  -c  all_libs/asmjit/core/virtmem.cpp -o /tmp/ndk-out/local/arm64-v8a/objs/asmjit/core/virtmem.o
build	Build .so with ndk-build	2026-10-09T16:53:17.2966125Z [arm64-v8a] Compile++      : asmjit <= zone.cpp
build	Build .so with ndk-build	2026-10-09T16:53:17.2967023Z rm -f /tmp/ndk-out/local/arm64-v8a/objs/asmjit/core/zone.o
build	Build .so with ndk-build	2026-10-09T16:53:17.2980187Z /usr/local/lib/android/sdk/ndk/26.1.10909125/toolchains/llvm/prebuilt/linux-x86_64/bin/clang++ -MMD -MP -MF /tmp/ndk-out/local/arm64-v8a/objs/asmjit/core/zone.o.d -target aarch64-none-linux-android24 -fdata-sections -ffunction-sections -fstack-protector-strong -funwind-tables -no-canonical-prefixes  --sysroot /usr/local/lib/android/sdk/ndk/26.1.10909125/toolchains/llvm/prebuilt/linux-x86_64/sysroot -g -Wno-invalid-command-line-argument -Wno-unused-command-line-argument  -D_FORTIFY_SOURCE=2 -fno-exceptions -fno-rtti -fpic -O2 -DNDEBUG  -Iall_libs/asmjit -Iall_libs/asmjit -O2 -DNDEBUG -w -std=c++17 -fexceptions -frtti -O2 -DNDEBUG -w  -DANDROID -w -std=c++17 -fno-exceptions -fno-rtti -march=armv8-a -DASMJIT_STATIC -DASMJIT_NO_X86 -DASMJIT_NO_FOREIGN -DASMJIT_NO_DEPRECATED -DASMJIT_NO_TEXT -DASMJIT_NO_LOGGING -DASMJIT_NO_INTROSPECTION -DASMJIT_NO_VALIDATION -Wformat -Werror=format-security -w -std=c++17 -fno-exceptions -fno-rtti -march=armv8-a  -c  all_libs/asmjit/core/zone.cpp -o /tmp/ndk-out/local/arm64-v8a/objs/asmjit/core/zone.o
build	Build .so with ndk-build	2026-10-09T16:53:17.4217663Z [arm64-v8a] Compile++      : asmjit <= zonehash.cpp
build	Build .so with ndk-build	2026-10-09T16:53:17.4218471Z rm -f /tmp/ndk-out/local/arm64-v8a/objs/asmjit/core/zonehash.o
build	Build .so with ndk-build	2026-10-09T16:53:17.4232656Z /usr/local/lib/android/sdk/ndk/26.1.10909125/toolchains/llvm/prebuilt/linux-x86_64/bin/clang++ -MMD -MP -MF /tmp/ndk-out/local/arm64-v8a/objs/asmjit/core/zonehash.o.d -target aarch64-none-linux-android24 -fdata-sections -ffunction-sections -fstack-protector-strong -funwind-tables -no-canonical-prefixes  --sysroot /usr/local/lib/android/sdk/ndk/26.1.10909125/toolchains/llvm/prebuilt/linux-x86_64/sysroot -g -Wno-invalid-command-line-argument -Wno-unused-command-line-argument  -D_FORTIFY_SOURCE=2 -fno-exceptions -fno-rtti -fpic -O2 -DNDEBUG  -Iall_libs/asmjit -Iall_libs/asmjit -O2 -DNDEBUG -w -std=c++17 -fexceptions -frtti -O2 -DNDEBUG -w  -DANDROID -w -std=c++17 -fno-exceptions -fno-rtti -march=armv8-a -DASMJIT_STATIC -DASMJIT_NO_X86 -DASMJIT_NO_FOREIGN -DASMJIT_NO_DEPRECATED -DASMJIT_NO_TEXT -DASMJIT_NO_LOGGING -DASMJIT_NO_INTROSPECTION -DASMJIT_NO_VALIDATION -Wformat -Werror=format-security -w -std=c++17 -fno-exceptions -fno-rtti -march=armv8-a  -c  all_libs/asmjit/core/zonehash.cpp -o /tmp/ndk-out/local/arm64-v8a/objs/asmjit/core/zonehash.o
build	Build .so with ndk-build	2026-10-09T16:53:17.5246854Z [arm64-v8a] Compile++      : asmjit <= zonelist.cpp
build	Build .so with ndk-build	2026-10-09T16:53:17.5247710Z rm -f /tmp/ndk-out/local/arm64-v8a/objs/asmjit/core/zonelist.o
build	Build .so with ndk-build	2026-10-09T16:53:17.5261024Z /usr/local/lib/android/sdk/ndk/26.1.10909125/toolchains/llvm/prebuilt/linux-x86_64/bin/clang++ -MMD -MP -MF /tmp/ndk-out/local/arm64-v8a/objs/asmjit/core/zonelist.o.d -target aarch64-none-linux-android24 -fdata-sections -ffunction-sections -fstack-protector-strong -funwind-tables -no-canonical-prefixes  --sysroot /usr/local/lib/android/sdk/ndk/26.1.10909125/toolchains/llvm/prebuilt/linux-x86_64/sysroot -g -Wno-invalid-command-line-argument -Wno-unused-command-line-argument  -D_FORTIFY_SOURCE=2 -fno-exceptions -fno-rtti -fpic -O2 -DNDEBUG  -Iall_libs/asmjit -Iall_libs/asmjit -O2 -DNDEBUG -w -std=c++17 -fexceptions -frtti -O2 -DNDEBUG -w  -DANDROID -w -std=c++17 -fno-exceptions -fno-rtti -march=armv8-a -DASMJIT_STATIC -DASMJIT_NO_X86 -DASMJIT_NO_FOREIGN -DASMJIT_NO_DEPRECATED -DASMJIT_NO_TEXT -DASMJIT_NO_LOGGING -DASMJIT_NO_INTROSPECTION -DASMJIT_NO_VALIDATION -Wformat -Werror=format-security -w -std=c++17 -fno-exceptions -fno-rtti -march=armv8-a  -c  all_libs/asmjit/core/zonelist.cpp -o /tmp/ndk-out/local/arm64-v8a/objs/asmjit/core/zonelist.o
build	Build .so with ndk-build	2026-10-09T16:53:17.6119943Z [arm64-v8a] Compile++      : asmjit <= zonestack.cpp
build	Build .so with ndk-build	2026-10-09T16:53:17.6120729Z rm -f /tmp/ndk-out/local/arm64-v8a/objs/asmjit/core/zonestack.o
build	Build .so with ndk-build	2026-10-09T16:53:17.6133811Z /usr/local/lib/android/sdk/ndk/26.1.10909125/toolchains/llvm/prebuilt/linux-x86_64/bin/clang++ -MMD -MP -MF /tmp/ndk-out/local/arm64-v8a/objs/asmjit/core/zonestack.o.d -target aarch64-none-linux-android24 -fdata-sections -ffunction-sections -fstack-protector-strong -funwind-tables -no-canonical-prefixes  --sysroot /usr/local/lib/android/sdk/ndk/26.1.10909125/toolchains/llvm/prebuilt/linux-x86_64/sysroot -g -Wno-invalid-command-line-argument -Wno-unused-command-line-argument  -D_FORTIFY_SOURCE=2 -fno-exceptions -fno-rtti -fpic -O2 -DNDEBUG  -Iall_libs/asmjit -Iall_libs/asmjit -O2 -DNDEBUG -w -std=c++17 -fexceptions -frtti -O2 -DNDEBUG -w  -DANDROID -w -std=c++17 -fno-exceptions -fno-rtti -march=armv8-a -DASMJIT_STATIC -DASMJIT_NO_X86 -DASMJIT_NO_FOREIGN -DASMJIT_NO_DEPRECATED -DASMJIT_NO_TEXT -DASMJIT_NO_LOGGING -DASMJIT_NO_INTROSPECTION -DASMJIT_NO_VALIDATION -Wformat -Werror=format-security -w -std=c++17 -fno-exceptions -fno-rtti -march=armv8-a  -c  all_libs/asmjit/core/zonestack.cpp -o /tmp/ndk-out/local/arm64-v8a/objs/asmjit/core/zonestack.o
build	Build .so with ndk-build	2026-10-09T16:53:17.7084093Z [arm64-v8a] Compile++      : asmjit <= zonetree.cpp
build	Build .so with ndk-build	2026-10-09T16:53:17.7084857Z rm -f /tmp/ndk-out/local/arm64-v8a/objs/asmjit/core/zonetree.o
build	Build .so with ndk-build	2026-10-09T16:53:17.7098701Z /usr/local/lib/android/sdk/ndk/26.1.10909125/toolchains/llvm/prebuilt/linux-x86_64/bin/clang++ -MMD -MP -MF /tmp/ndk-out/local/arm64-v8a/objs/asmjit/core/zonetree.o.d -target aarch64-none-linux-android24 -fdata-sections -ffunction-sections -fstack-protector-strong -funwind-tables -no-canonical-prefixes  --sysroot /usr/local/lib/android/sdk/ndk/26.1.10909125/toolchains/llvm/prebuilt/linux-x86_64/sysroot -g -Wno-invalid-command-line-argument -Wno-unused-command-line-argument  -D_FORTIFY_SOURCE=2 -fno-exceptions -fno-rtti -fpic -O2 -DNDEBUG  -Iall_libs/asmjit -Iall_libs/asmjit -O2 -DNDEBUG -w -std=c++17 -fexceptions -frtti -O2 -DNDEBUG -w  -DANDROID -w -std=c++17 -fno-exceptions -fno-rtti -march=armv8-a -DASMJIT_STATIC -DASMJIT_NO_X86 -DASMJIT_NO_FOREIGN -DASMJIT_NO_DEPRECATED -DASMJIT_NO_TEXT -DASMJIT_NO_LOGGING -DASMJIT_NO_INTROSPECTION -DASMJIT_NO_VALIDATION -Wformat -Werror=format-security -w -std=c++17 -fno-exceptions -fno-rtti -march=armv8-a  -c  all_libs/asmjit/core/zonetree.cpp -o /tmp/ndk-out/local/arm64-v8a/objs/asmjit/core/zonetree.o
build	Build .so with ndk-build	2026-10-09T16:53:17.7950869Z [arm64-v8a] Compile++      : asmjit <= zonevector.cpp
build	Build .so with ndk-build	2026-10-09T16:53:17.7951650Z rm -f /tmp/ndk-out/local/arm64-v8a/objs/asmjit/core/zonevector.o
build	Build .so with ndk-build	2026-10-09T16:53:17.7966975Z /usr/local/lib/android/sdk/ndk/26.1.10909125/toolchains/llvm/prebuilt/linux-x86_64/bin/clang++ -MMD -MP -MF /tmp/ndk-out/local/arm64-v8a/objs/asmjit/core/zonevector.o.d -target aarch64-none-linux-android24 -fdata-sections -ffunction-sections -fstack-protector-strong -funwind-tables -no-canonical-prefixes  --sysroot /usr/local/lib/android/sdk/ndk/26.1.10909125/toolchains/llvm/prebuilt/linux-x86_64/sysroot -g -Wno-invalid-command-line-argument -Wno-unused-command-line-argument  -D_FORTIFY_SOURCE=2 -fno-exceptions -fno-rtti -fpic -O2 -DNDEBUG  -Iall_libs/asmjit -Iall_libs/asmjit -O2 -DNDEBUG -w -std=c++17 -fexceptions -frtti -O2 -DNDEBUG -w  -DANDROID -w -std=c++17 -fno-exceptions -fno-rtti -march=armv8-a -DASMJIT_STATIC -DASMJIT_NO_X86 -DASMJIT_NO_FOREIGN -DASMJIT_NO_DEPRECATED -DASMJIT_NO_TEXT -DASMJIT_NO_LOGGING -DASMJIT_NO_INTROSPECTION -DASMJIT_NO_VALIDATION -Wformat -Werror=format-security -w -std=c++17 -fno-exceptions -fno-rtti -march=armv8-a  -c  all_libs/asmjit/core/zonevector.cpp -o /tmp/ndk-out/local/arm64-v8a/objs/asmjit/core/zonevector.o
build	Build .so with ndk-build	2026-10-09T16:53:17.9248548Z [arm64-v8a] Compile++      : asmjit <= armformatter.cpp
build	Build .so with ndk-build	2026-10-09T16:53:17.9249618Z rm -f /tmp/ndk-out/local/arm64-v8a/objs/asmjit/arm/armformatter.o
build	Build .so with ndk-build	2026-10-09T16:53:17.9264499Z /usr/local/lib/android/sdk/ndk/26.1.10909125/toolchains/llvm/prebuilt/linux-x86_64/bin/clang++ -MMD -MP -MF /tmp/ndk-out/local/arm64-v8a/objs/asmjit/arm/armformatter.o.d -target aarch64-none-linux-android24 -fdata-sections -ffunction-sections -fstack-protector-strong -funwind-tables -no-canonical-prefixes  --sysroot /usr/local/lib/android/sdk/ndk/26.1.10909125/toolchains/llvm/prebuilt/linux-x86_64/sysroot -g -Wno-invalid-command-line-argument -Wno-unused-command-line-argument  -D_FORTIFY_SOURCE=2 -fno-exceptions -fno-rtti -fpic -O2 -DNDEBUG  -Iall_libs/asmjit -Iall_libs/asmjit -O2 -DNDEBUG -w -std=c++17 -fexceptions -frtti -O2 -DNDEBUG -w  -DANDROID -w -std=c++17 -fno-exceptions -fno-rtti -march=armv8-a -DASMJIT_STATIC -DASMJIT_NO_X86 -DASMJIT_NO_FOREIGN -DASMJIT_NO_DEPRECATED -DASMJIT_NO_TEXT -DASMJIT_NO_LOGGING -DASMJIT_NO_INTROSPECTION -DASMJIT_NO_VALIDATION -Wformat -Werror=format-security -w -std=c++17 -fno-exceptions -fno-rtti -march=armv8-a  -c  all_libs/asmjit/arm/armformatter.cpp -o /tmp/ndk-out/local/arm64-v8a/objs/asmjit/arm/armformatter.o
build	Build .so with ndk-build	2026-10-09T16:53:17.9955663Z [arm64-v8a] Compile++      : asmjit <= a64assembler.cpp
build	Build .so with ndk-build	2026-10-09T16:53:17.9956488Z rm -f /tmp/ndk-out/local/arm64-v8a/objs/asmjit/arm/a64assembler.o
build	Build .so with ndk-build	2026-10-09T16:53:17.9969639Z /usr/local/lib/android/sdk/ndk/26.1.10909125/toolchains/llvm/prebuilt/linux-x86_64/bin/clang++ -MMD -MP -MF /tmp/ndk-out/local/arm64-v8a/objs/asmjit/arm/a64assembler.o.d -target aarch64-none-linux-android24 -fdata-sections -ffunction-sections -fstack-protector-strong -funwind-tables -no-canonical-prefixes  --sysroot /usr/local/lib/android/sdk/ndk/26.1.10909125/toolchains/llvm/prebuilt/linux-x86_64/sysroot -g -Wno-invalid-command-line-argument -Wno-unused-command-line-argument  -D_FORTIFY_SOURCE=2 -fno-exceptions -fno-rtti -fpic -O2 -DNDEBUG  -Iall_libs/asmjit -Iall_libs/asmjit -O2 -DNDEBUG -w -std=c++17 -fexceptions -frtti -O2 -DNDEBUG -w  -DANDROID -w -std=c++17 -fno-exceptions -fno-rtti -march=armv8-a -DASMJIT_STATIC -DASMJIT_NO_X86 -DASMJIT_NO_FOREIGN -DASMJIT_NO_DEPRECATED -DASMJIT_NO_TEXT -DASMJIT_NO_LOGGING -DASMJIT_NO_INTROSPECTION -DASMJIT_NO_VALIDATION -Wformat -Werror=format-security -w -std=c++17 -fno-exceptions -fno-rtti -march=armv8-a  -c  all_libs/asmjit/arm/a64assembler.cpp -o /tmp/ndk-out/local/arm64-v8a/objs/asmjit/arm/a64assembler.o
build	Build .so with ndk-build	2026-10-09T16:53:18.9315707Z [arm64-v8a] Compile++      : asmjit <= a64builder.cpp
build	Build .so with ndk-build	2026-10-09T16:53:18.9316283Z rm -f /tmp/ndk-out/local/arm64-v8a/objs/asmjit/arm/a64builder.o
build	Build .so with ndk-build	2026-10-09T16:53:18.9330744Z /usr/local/lib/android/sdk/ndk/26.1.10909125/toolchains/llvm/prebuilt/linux-x86_64/bin/clang++ -MMD -MP -MF /tmp/ndk-out/local/arm64-v8a/objs/asmjit/arm/a64builder.o.d -target aarch64-none-linux-android24 -fdata-sections -ffunction-sections -fstack-protector-strong -funwind-tables -no-canonical-prefixes  --sysroot /usr/local/lib/android/sdk/ndk/26.1.10909125/toolchains/llvm/prebuilt/linux-x86_64/sysroot -g -Wno-invalid-command-line-argument -Wno-unused-command-line-argument  -D_FORTIFY_SOURCE=2 -fno-exceptions -fno-rtti -fpic -O2 -DNDEBUG  -Iall_libs/asmjit -Iall_libs/asmjit -O2 -DNDEBUG -w -std=c++17 -fexceptions -frtti -O2 -DNDEBUG -w  -DANDROID -w -std=c++17 -fno-exceptions -fno-rtti -march=armv8-a -DASMJIT_STATIC -DASMJIT_NO_X86 -DASMJIT_NO_FOREIGN -DASMJIT_NO_DEPRECATED -DASMJIT_NO_TEXT -DASMJIT_NO_LOGGING -DASMJIT_NO_INTROSPECTION -DASMJIT_NO_VALIDATION -Wformat -Werror=format-security -w -std=c++17 -fno-exceptions -fno-rtti -march=armv8-a  -c  all_libs/asmjit/arm/a64builder.cpp -o /tmp/ndk-out/local/arm64-v8a/objs/asmjit/arm/a64builder.o
build	Build .so with ndk-build	2026-10-09T16:53:19.1601766Z [arm64-v8a] Compile++      : asmjit <= a64compiler.cpp
build	Build .so with ndk-build	2026-10-09T16:53:19.1602605Z rm -f /tmp/ndk-out/local/arm64-v8a/objs/asmjit/arm/a64compiler.o
build	Build .so with ndk-build	2026-10-09T16:53:19.1616971Z /usr/local/lib/android/sdk/ndk/26.1.10909125/toolchains/llvm/prebuilt/linux-x86_64/bin/clang++ -MMD -MP -MF /tmp/ndk-out/local/arm64-v8a/objs/asmjit/arm/a64compiler.o.d -target aarch64-none-linux-android24 -fdata-sections -ffunction-sections -fstack-protector-strong -funwind-tables -no-canonical-prefixes  --sysroot /usr/local/lib/android/sdk/ndk/26.1.10909125/toolchains/llvm/prebuilt/linux-x86_64/sysroot -g -Wno-invalid-command-line-argument -Wno-unused-command-line-argument  -D_FORTIFY_SOURCE=2 -fno-exceptions -fno-rtti -fpic -O2 -DNDEBUG  -Iall_libs/asmjit -Iall_libs/asmjit -O2 -DNDEBUG -w -std=c++17 -fexceptions -frtti -O2 -DNDEBUG -w  -DANDROID -w -std=c++17 -fno-exceptions -fno-rtti -march=armv8-a -DASMJIT_STATIC -DASMJIT_NO_X86 -DASMJIT_NO_FOREIGN -DASMJIT_NO_DEPRECATED -DASMJIT_NO_TEXT -DASMJIT_NO_LOGGING -DASMJIT_NO_INTROSPECTION -DASMJIT_NO_VALIDATION -Wformat -Werror=format-security -w -std=c++17 -fno-exceptions -fno-rtti -march=armv8-a  -c  all_libs/asmjit/arm/a64compiler.cpp -o /tmp/ndk-out/local/arm64-v8a/objs/asmjit/arm/a64compiler.o
build	Build .so with ndk-build	2026-10-09T16:53:19.4272488Z [arm64-v8a] Compile++      : asmjit <= a64emithelper.cpp
build	Build .so with ndk-build	2026-10-09T16:53:19.4273524Z rm -f /tmp/ndk-out/local/arm64-v8a/objs/asmjit/arm/a64emithelper.o
build	Build .so with ndk-build	2026-10-09T16:53:19.4286100Z /usr/local/lib/android/sdk/ndk/26.1.10909125/toolchains/llvm/prebuilt/linux-x86_64/bin/clang++ -MMD -MP -MF /tmp/ndk-out/local/arm64-v8a/objs/asmjit/arm/a64emithelper.o.d -target aarch64-none-linux-android24 -fdata-sections -ffunction-sections -fstack-protector-strong -funwind-tables -no-canonical-prefixes  --sysroot /usr/local/lib/android/sdk/ndk/26.1.10909125/toolchains/llvm/prebuilt/linux-x86_64/sysroot -g -Wno-invalid-command-line-argument -Wno-unused-command-line-argument  -D_FORTIFY_SOURCE=2 -fno-exceptions -fno-rtti -fpic -O2 -DNDEBUG  -Iall_libs/asmjit -Iall_libs/asmjit -O2 -DNDEBUG -w -std=c++17 -fexceptions -frtti -O2 -DNDEBUG -w  -DANDROID -w -std=c++17 -fno-exceptions -fno-rtti -march=armv8-a -DASMJIT_STATIC -DASMJIT_NO_X86 -DASMJIT_NO_FOREIGN -DASMJIT_NO_DEPRECATED -DASMJIT_NO_TEXT -DASMJIT_NO_LOGGING -DASMJIT_NO_INTROSPECTION -DASMJIT_NO_VALIDATION -Wformat -Werror=format-security -w -std=c++17 -fno-exceptions -fno-rtti -march=armv8-a  -c  all_libs/asmjit/arm/a64emithelper.cpp -o /tmp/ndk-out/local/arm64-v8a/objs/asmjit/arm/a64emithelper.o
build	Build .so with ndk-build	2026-10-09T16:53:19.7298513Z [arm64-v8a] Compile++      : asmjit <= a64formatter.cpp
build	Build .so with ndk-build	2026-10-09T16:53:19.7299587Z rm -f /tmp/ndk-out/local/arm64-v8a/objs/asmjit/arm/a64formatter.o
build	Build .so with ndk-build	2026-10-09T16:53:19.7317329Z /usr/local/lib/android/sdk/ndk/26.1.10909125/toolchains/llvm/prebuilt/linux-x86_64/bin/clang++ -MMD -MP -MF /tmp/ndk-out/local/arm64-v8a/objs/asmjit/arm/a64formatter.o.d -target aarch64-none-linux-android24 -fdata-sections -ffunction-sections -fstack-protector-strong -funwind-tables -no-canonical-prefixes  --sysroot /usr/local/lib/android/sdk/ndk/26.1.10909125/toolchains/llvm/prebuilt/linux-x86_64/sysroot -g -Wno-invalid-command-line-argument -Wno-unused-command-line-argument  -D_FORTIFY_SOURCE=2 -fno-exceptions -fno-rtti -fpic -O2 -DNDEBUG  -Iall_libs/asmjit -Iall_libs/asmjit -O2 -DNDEBUG -w -std=c++17 -fexceptions -frtti -O2 -DNDEBUG -w  -DANDROID -w -std=c++17 -fno-exceptions -fno-rtti -march=armv8-a -DASMJIT_STATIC -DASMJIT_NO_X86 -DASMJIT_NO_FOREIGN -DASMJIT_NO_DEPRECATED -DASMJIT_NO_TEXT -DASMJIT_NO_LOGGING -DASMJIT_NO_INTROSPECTION -DASMJIT_NO_VALIDATION -Wformat -Werror=format-security -w -std=c++17 -fno-exceptions -fno-rtti -march=armv8-a  -c  all_libs/asmjit/arm/a64formatter.cpp -o /tmp/ndk-out/local/arm64-v8a/objs/asmjit/arm/a64formatter.o
build	Build .so with ndk-build	2026-10-09T16:53:19.8025397Z [arm64-v8a] Compile++      : asmjit <= a64func.cpp
build	Build .so with ndk-build	2026-10-09T16:53:19.8026132Z rm -f /tmp/ndk-out/local/arm64-v8a/objs/asmjit/arm/a64func.o
build	Build .so with ndk-build	2026-10-09T16:53:19.8041935Z /usr/local/lib/android/sdk/ndk/26.1.10909125/toolchains/llvm/prebuilt/linux-x86_64/bin/clang++ -MMD -MP -MF /tmp/ndk-out/local/arm64-v8a/objs/asmjit/arm/a64func.o.d -target aarch64-none-linux-android24 -fdata-sections -ffunction-sections -fstack-protector-strong -funwind-tables -no-canonical-prefixes  --sysroot /usr/local/lib/android/sdk/ndk/26.1.10909125/toolchains/llvm/prebuilt/linux-x86_64/sysroot -g -Wno-invalid-command-line-argument -Wno-unused-command-line-argument  -D_FORTIFY_SOURCE=2 -fno-exceptions -fno-rtti -fpic -O2 -DNDEBUG  -Iall_libs/asmjit -Iall_libs/asmjit -O2 -DNDEBUG -w -std=c++17 -fexceptions -frtti -O2 -DNDEBUG -w  -DANDROID -w -std=c++17 -fno-exceptions -fno-rtti -march=armv8-a -DASMJIT_STATIC -DASMJIT_NO_X86 -DASMJIT_NO_FOREIGN -DASMJIT_NO_DEPRECATED -DASMJIT_NO_TEXT -DASMJIT_NO_LOGGING -DASMJIT_NO_INTROSPECTION -DASMJIT_NO_VALIDATION -Wformat -Werror=format-security -w -std=c++17 -fno-exceptions -fno-rtti -march=armv8-a  -c  all_libs/asmjit/arm/a64func.cpp -o /tmp/ndk-out/local/arm64-v8a/objs/asmjit/arm/a64func.o
build	Build .so with ndk-build	2026-10-09T16:53:19.9998533Z [arm64-v8a] Compile++      : asmjit <= a64instapi.cpp
build	Build .so with ndk-build	2026-10-09T16:53:19.9999883Z rm -f /tmp/ndk-out/local/arm64-v8a/objs/asmjit/arm/a64instapi.o
build	Build .so with ndk-build	2026-10-09T16:53:20.0015490Z /usr/local/lib/android/sdk/ndk/26.1.10909125/toolchains/llvm/prebuilt/linux-x86_64/bin/clang++ -MMD -MP -MF /tmp/ndk-out/local/arm64-v8a/objs/asmjit/arm/a64instapi.o.d -target aarch64-none-linux-android24 -fdata-sections -ffunction-sections -fstack-protector-strong -funwind-tables -no-canonical-prefixes  --sysroot /usr/local/lib/android/sdk/ndk/26.1.10909125/toolchains/llvm/prebuilt/linux-x86_64/sysroot -g -Wno-invalid-command-line-argument -Wno-unused-command-line-argument  -D_FORTIFY_SOURCE=2 -fno-exceptions -fno-rtti -fpic -O2 -DNDEBUG  -Iall_libs/asmjit -Iall_libs/asmjit -O2 -DNDEBUG -w -std=c++17 -fexceptions -frtti -O2 -DNDEBUG -w  -DANDROID -w -std=c++17 -fno-exceptions -fno-rtti -march=armv8-a -DASMJIT_STATIC -DASMJIT_NO_X86 -DASMJIT_NO_FOREIGN -DASMJIT_NO_DEPRECATED -DASMJIT_NO_TEXT -DASMJIT_NO_LOGGING -DASMJIT_NO_INTROSPECTION -DASMJIT_NO_VALIDATION -Wformat -Werror=format-security -w -std=c++17 -fno-exceptions -fno-rtti -march=armv8-a  -c  all_libs/asmjit/arm/a64instapi.cpp -o /tmp/ndk-out/local/arm64-v8a/objs/asmjit/arm/a64instapi.o
build	Build .so with ndk-build	2026-10-09T16:53:20.2060856Z [arm64-v8a] Compile++      : asmjit <= a64instdb.cpp
build	Build .so with ndk-build	2026-10-09T16:53:20.2061665Z rm -f /tmp/ndk-out/local/arm64-v8a/objs/asmjit/arm/a64instdb.o
build	Build .so with ndk-build	2026-10-09T16:53:20.2077909Z /usr/local/lib/android/sdk/ndk/26.1.10909125/toolchains/llvm/prebuilt/linux-x86_64/bin/clang++ -MMD -MP -MF /tmp/ndk-out/local/arm64-v8a/objs/asmjit/arm/a64instdb.o.d -target aarch64-none-linux-android24 -fdata-sections -ffunction-sections -fstack-protector-strong -funwind-tables -no-canonical-prefixes  --sysroot /usr/local/lib/android/sdk/ndk/26.1.10909125/toolchains/llvm/prebuilt/linux-x86_64/sysroot -g -Wno-invalid-command-line-argument -Wno-unused-command-line-argument  -D_FORTIFY_SOURCE=2 -fno-exceptions -fno-rtti -fpic -O2 -DNDEBUG  -Iall_libs/asmjit -Iall_libs/asmjit -O2 -DNDEBUG -w -std=c++17 -fexceptions -frtti -O2 -DNDEBUG -w  -DANDROID -w -std=c++17 -fno-exceptions -fno-rtti -march=armv8-a -DASMJIT_STATIC -DASMJIT_NO_X86 -DASMJIT_NO_FOREIGN -DASMJIT_NO_DEPRECATED -DASMJIT_NO_TEXT -DASMJIT_NO_LOGGING -DASMJIT_NO_INTROSPECTION -DASMJIT_NO_VALIDATION -Wformat -Werror=format-security -w -std=c++17 -fno-exceptions -fno-rtti -march=armv8-a  -c  all_libs/asmjit/arm/a64instdb.cpp -o /tmp/ndk-out/local/arm64-v8a/objs/asmjit/arm/a64instdb.o
build	Build .so with ndk-build	2026-10-09T16:53:20.4164080Z [arm64-v8a] Compile++      : asmjit <= a64operand.cpp
build	Build .so with ndk-build	2026-10-09T16:53:20.4165159Z rm -f /tmp/ndk-out/local/arm64-v8a/objs/asmjit/arm/a64operand.o
build	Build .so with ndk-build	2026-10-09T16:53:20.4179333Z /usr/local/lib/android/sdk/ndk/26.1.10909125/toolchains/llvm/prebuilt/linux-x86_64/bin/clang++ -MMD -MP -MF /tmp/ndk-out/local/arm64-v8a/objs/asmjit/arm/a64operand.o.d -target aarch64-none-linux-android24 -fdata-sections -ffunction-sections -fstack-protector-strong -funwind-tables -no-canonical-prefixes  --sysroot /usr/local/lib/android/sdk/ndk/26.1.10909125/toolchains/llvm/prebuilt/linux-x86_64/sysroot -g -Wno-invalid-command-line-argument -Wno-unused-command-line-argument  -D_FORTIFY_SOURCE=2 -fno-exceptions -fno-rtti -fpic -O2 -DNDEBUG  -Iall_libs/asmjit -Iall_libs/asmjit -O2 -DNDEBUG -w -std=c++17 -fexceptions -frtti -O2 -DNDEBUG -w  -DANDROID -w -std=c++17 -fno-exceptions -fno-rtti -march=armv8-a -DASMJIT_STATIC -DASMJIT_NO_X86 -DASMJIT_NO_FOREIGN -DASMJIT_NO_DEPRECATED -DASMJIT_NO_TEXT -DASMJIT_NO_LOGGING -DASMJIT_NO_INTROSPECTION -DASMJIT_NO_VALIDATION -Wformat -Werror=format-security -w -std=c++17 -fno-exceptions -fno-rtti -march=armv8-a  -c  all_libs/asmjit/arm/a64operand.cpp -o /tmp/ndk-out/local/arm64-v8a/objs/asmjit/arm/a64operand.o
build	Build .so with ndk-build	2026-10-09T16:53:20.5626139Z [arm64-v8a] Compile++      : asmjit <= a64rapass.cpp
build	Build .so with ndk-build	2026-10-09T16:53:20.5627359Z rm -f /tmp/ndk-out/local/arm64-v8a/objs/asmjit/arm/a64rapass.o
build	Build .so with ndk-build	2026-10-09T16:53:20.5640543Z /usr/local/lib/android/sdk/ndk/26.1.10909125/toolchains/llvm/prebuilt/linux-x86_64/bin/clang++ -MMD -MP -MF /tmp/ndk-out/local/arm64-v8a/objs/asmjit/arm/a64rapass.o.d -target aarch64-none-linux-android24 -fdata-sections -ffunction-sections -fstack-protector-strong -funwind-tables -no-canonical-prefixes  --sysroot /usr/local/lib/android/sdk/ndk/26.1.10909125/toolchains/llvm/prebuilt/linux-x86_64/sysroot -g -Wno-invalid-command-line-argument -Wno-unused-command-line-argument  -D_FORTIFY_SOURCE=2 -fno-exceptions -fno-rtti -fpic -O2 -DNDEBUG  -Iall_libs/asmjit -Iall_libs/asmjit -O2 -DNDEBUG -w -std=c++17 -fexceptions -frtti -O2 -DNDEBUG -w  -DANDROID -w -std=c++17 -fno-exceptions -fno-rtti -march=armv8-a -DASMJIT_STATIC -DASMJIT_NO_X86 -DASMJIT_NO_FOREIGN -DASMJIT_NO_DEPRECATED -DASMJIT_NO_TEXT -DASMJIT_NO_LOGGING -DASMJIT_NO_INTROSPECTION -DASMJIT_NO_VALIDATION -Wformat -Werror=format-security -w -std=c++17 -fno-exceptions -fno-rtti -march=armv8-a  -c  all_libs/asmjit/arm/a64rapass.cpp -o /tmp/ndk-out/local/arm64-v8a/objs/asmjit/arm/a64rapass.o
build	Build .so with ndk-build	2026-10-09T16:53:21.1125395Z [arm64-v8a] StaticLibrary  : libasmjit.a
build	Build .so with ndk-build	2026-10-09T16:53:21.1126508Z rm -f /tmp/ndk-out/local/arm64-v8a/libasmjit.a
build	Build .so with ndk-build	2026-10-09T16:53:21.1145608Z /usr/local/lib/android/sdk/ndk/26.1.10909125/toolchains/llvm/prebuilt/linux-x86_64/bin/llvm-ar crsDT  /tmp/ndk-out/local/arm64-v8a/libasmjit.a /tmp/ndk-out/local/arm64-v8a/objs/asmjit/core/archtraits.o /tmp/ndk-out/local/arm64-v8a/objs/asmjit/core/assembler.o /tmp/ndk-out/local/arm64-v8a/objs/asmjit/core/builder.o /tmp/ndk-out/local/arm64-v8a/objs/asmjit/core/codeholder.o /tmp/ndk-out/local/arm64-v8a/objs/asmjit/core/codewriter.o /tmp/ndk-out/local/arm64-v8a/objs/asmjit/core/compiler.o /tmp/ndk-out/local/arm64-v8a/objs/asmjit/core/constpool.o /tmp/ndk-out/local/arm64-v8a/objs/asmjit/core/cpuinfo.o /tmp/ndk-out/local/arm64-v8a/objs/asmjit/core/emithelper.o /tmp/ndk-out/local/arm64-v8a/objs/asmjit/core/emitter.o /tmp/ndk-out/local/arm64-v8a/objs/asmjit/core/emitterutils.o /tmp/ndk-out/local/arm64-v8a/objs/asmjit/core/environment.o /tmp/ndk-out/local/arm64-v8a/objs/asmjit/core/errorhandler.o /tmp/ndk-out/local/arm64-v8a/objs/asmjit/core/formatter.o /tmp/ndk-out/local/arm64-v8a/objs/asmjit/core/func.o /tmp/ndk-out/local/arm64-v8a/objs/asmjit/core/funcargscontext.o /tmp/ndk-out/local/arm64-v8a/objs/asmjit/core/globals.o /tmp/ndk-out/local/arm64-v8a/objs/asmjit/core/inst.o /tmp/ndk-out/local/arm64-v8a/objs/asmjit/core/instdb.o /tmp/ndk-out/local/arm64-v8a/objs/asmjit/core/jitallocator.o /tmp/ndk-out/local/arm64-v8a/objs/asmjit/core/jitruntime.o /tmp/ndk-out/local/arm64-v8a/objs/asmjit/core/logger.o /tmp/ndk-out/local/arm64-v8a/objs/asmjit/core/operand.o /tmp/ndk-out/local/arm64-v8a/objs/asmjit/core/osutils.o /tmp/ndk-out/local/arm64-v8a/objs/asmjit/core/ralocal.o /tmp/ndk-out/local/arm64-v8a/objs/asmjit/core/rapass.o /tmp/ndk-out/local/arm64-v8a/objs/asmjit/core/rastack.o /tmp/ndk-out/local/arm64-v8a/objs/asmjit/core/string.o /tmp/ndk-out/local/arm64-v8a/objs/asmjit/core/support.o /tmp/ndk-out/local/arm64-v8a/objs/asmjit/core/target.o /tmp/ndk-out/local/arm64-v8a/objs/asmjit/core/type.o /tmp/ndk-out/local/arm64-v8a/objs/asmjit/core/virtmem.o /tmp/ndk-out/local/arm64-v8a/objs/asmjit/core/zone.o /tmp/ndk-out/local/arm64-v8a/objs/asmjit/core/zonehash.o /tmp/ndk-out/local/arm64-v8a/objs/asmjit/core/zonelist.o /tmp/ndk-out/local/arm64-v8a/objs/asmjit/core/zonestack.o /tmp/ndk-out/local/arm64-v8a/objs/asmjit/core/zonetree.o /tmp/ndk-out/local/arm64-v8a/objs/asmjit/core/zonevector.o /tmp/ndk-out/local/arm64-v8a/objs/asmjit/arm/armformatter.o /tmp/ndk-out/local/arm64-v8a/objs/asmjit/arm/a64assembler.o /tmp/ndk-out/local/arm64-v8a/objs/asmjit/arm/a64builder.o /tmp/ndk-out/local/arm64-v8a/objs/asmjit/arm/a64compiler.o /tmp/ndk-out/local/arm64-v8a/objs/asmjit/arm/a64emithelper.o /tmp/ndk-out/local/arm64-v8a/objs/asmjit/arm/a64formatter.o /tmp/ndk-out/local/arm64-v8a/objs/asmjit/arm/a64func.o /tmp/ndk-out/local/arm64-v8a/objs/asmjit/arm/a64instapi.o /tmp/ndk-out/local/arm64-v8a/objs/asmjit/arm/a64instdb.o /tmp/ndk-out/local/arm64-v8a/objs/asmjit/arm/a64operand.o /tmp/ndk-out/local/arm64-v8a/objs/asmjit/arm/a64rapass.o
build	Build .so with ndk-build	2026-10-09T16:53:21.1217019Z [arm64-v8a] Compile++      : dobby <= CpuFeature.cc
build	Build .so with ndk-build	2026-10-09T16:53:21.1218146Z rm -f /tmp/ndk-out/local/arm64-v8a/objs/dobby/source/core/arch/CpuFeature.o
build	Build .so with ndk-build	2026-10-09T16:53:21.1235541Z /usr/local/lib/android/sdk/ndk/26.1.10909125/toolchains/llvm/prebuilt/linux-x86_64/bin/clang++ -MMD -MP -MF /tmp/ndk-out/local/arm64-v8a/objs/dobby/source/core/arch/CpuFeature.o.d -target aarch64-none-linux-android24 -fdata-sections -ffunction-sections -fstack-protector-strong -funwind-tables -no-canonical-prefixes  --sysroot /usr/local/lib/android/sdk/ndk/26.1.10909125/toolchains/llvm/prebuilt/linux-x86_64/sysroot -g -Wno-invalid-command-line-argument -Wno-unused-command-line-argument  -D_FORTIFY_SOURCE=2 -fno-exceptions -fno-rtti -fpic -O2 -DNDEBUG  -Iall_libs/Dobby -Iall_libs/Dobby/include -Iall_libs/Dobby/source -Iall_libs/Dobby/source/dobby -Iall_libs/Dobby/source/Backend/UserMode -Iall_libs/Dobby/external -Iall_libs/Dobby/external/logging -Iall_libs/Dobby/builtin-plugin -Iall_libs/Dobby/builtin-plugin/SymbolResolver -Iall_libs/Dobby -O2 -DNDEBUG -w -std=c++17 -fexceptions -frtti -O2 -DNDEBUG -w  -DANDROID -fvisibility=hidden -fexceptions -w -Wformat -Werror=format-security -std=c++11 -fvisibility=hidden -fexceptions -w -DDOBBY_LOGGING_DISABLE -DNearBranch -fexceptions  -c  all_libs/Dobby/source/core/arch/CpuFeature.cc -o /tmp/ndk-out/local/arm64-v8a/objs/dobby/source/core/arch/CpuFeature.o
build	Build .so with ndk-build	2026-10-09T16:53:21.1594330Z [arm64-v8a] Compile++      : dobby <= CpuRegister.cc
build	Build .so with ndk-build	2026-10-09T16:53:21.1595276Z rm -f /tmp/ndk-out/local/arm64-v8a/objs/dobby/source/core/arch/CpuRegister.o
build	Build .so with ndk-build	2026-10-09T16:53:21.1610574Z /usr/local/lib/android/sdk/ndk/26.1.10909125/toolchains/llvm/prebuilt/linux-x86_64/bin/clang++ -MMD -MP -MF /tmp/ndk-out/local/arm64-v8a/objs/dobby/source/core/arch/CpuRegister.o.d -target aarch64-none-linux-android24 -fdata-sections -ffunction-sections -fstack-protector-strong -funwind-tables -no-canonical-prefixes  --sysroot /usr/local/lib/android/sdk/ndk/26.1.10909125/toolchains/llvm/prebuilt/linux-x86_64/sysroot -g -Wno-invalid-command-line-argument -Wno-unused-command-line-argument  -D_FORTIFY_SOURCE=2 -fno-exceptions -fno-rtti -fpic -O2 -DNDEBUG  -Iall_libs/Dobby -Iall_libs/Dobby/include -Iall_libs/Dobby/source -Iall_libs/Dobby/source/dobby -Iall_libs/Dobby/source/Backend/UserMode -Iall_libs/Dobby/external -Iall_libs/Dobby/external/logging -Iall_libs/Dobby/builtin-plugin -Iall_libs/Dobby/builtin-plugin/SymbolResolver -Iall_libs/Dobby -O2 -DNDEBUG -w -std=c++17 -fexceptions -frtti -O2 -DNDEBUG -w  -DANDROID -fvisibility=hidden -fexceptions -w -Wformat -Werror=format-security -std=c++11 -fvisibility=hidden -fexceptions -w -DDOBBY_LOGGING_DISABLE -DNearBranch -fexceptions  -c  all_libs/Dobby/source/core/arch/CpuRegister.cc -o /tmp/ndk-out/local/arm64-v8a/objs/dobby/source/core/arch/CpuRegister.o
build	Build .so with ndk-build	2026-10-09T16:53:21.1748368Z [arm64-v8a] Compile++      : dobby <= assembler.cc
build	Build .so with ndk-build	2026-10-09T16:53:21.1749672Z rm -f /tmp/ndk-out/local/arm64-v8a/objs/dobby/source/core/assembler/assembler.o
build	Build .so with ndk-build	2026-10-09T16:53:21.1763269Z /usr/local/lib/android/sdk/ndk/26.1.10909125/toolchains/llvm/prebuilt/linux-x86_64/bin/clang++ -MMD -MP -MF /tmp/ndk-out/local/arm64-v8a/objs/dobby/source/core/assembler/assembler.o.d -target aarch64-none-linux-android24 -fdata-sections -ffunction-sections -fstack-protector-strong -funwind-tables -no-canonical-prefixes  --sysroot /usr/local/lib/android/sdk/ndk/26.1.10909125/toolchains/llvm/prebuilt/linux-x86_64/sysroot -g -Wno-invalid-command-line-argument -Wno-unused-command-line-argument  -D_FORTIFY_SOURCE=2 -fno-exceptions -fno-rtti -fpic -O2 -DNDEBUG  -Iall_libs/Dobby -Iall_libs/Dobby/include -Iall_libs/Dobby/source -Iall_libs/Dobby/source/dobby -Iall_libs/Dobby/source/Backend/UserMode -Iall_libs/Dobby/external -Iall_libs/Dobby/external/logging -Iall_libs/Dobby/builtin-plugin -Iall_libs/Dobby/builtin-plugin/SymbolResolver -Iall_libs/Dobby -O2 -DNDEBUG -w -std=c++17 -fexceptions -frtti -O2 -DNDEBUG -w  -DANDROID -fvisibility=hidden -fexceptions -w -Wformat -Werror=format-security -std=c++11 -fvisibility=hidden -fexceptions -w -DDOBBY_LOGGING_DISABLE -DNearBranch -fexceptions  -c  all_libs/Dobby/source/core/assembler/assembler.cc -o /tmp/ndk-out/local/arm64-v8a/objs/dobby/source/core/assembler/assembler.o
build	Build .so with ndk-build	2026-10-09T16:53:21.2569138Z [arm64-v8a] Compile++      : dobby <= assembler-arm64.cc
build	Build .so with ndk-build	2026-10-09T16:53:21.2570278Z rm -f /tmp/ndk-out/local/arm64-v8a/objs/dobby/source/core/assembler/assembler-arm64.o
build	Build .so with ndk-build	2026-10-09T16:53:21.2584921Z /usr/local/lib/android/sdk/ndk/26.1.10909125/toolchains/llvm/prebuilt/linux-x86_64/bin/clang++ -MMD -MP -MF /tmp/ndk-out/local/arm64-v8a/objs/dobby/source/core/assembler/assembler-arm64.o.d -target aarch64-none-linux-android24 -fdata-sections -ffunction-sections -fstack-protector-strong -funwind-tables -no-canonical-prefixes  --sysroot /usr/local/lib/android/sdk/ndk/26.1.10909125/toolchains/llvm/prebuilt/linux-x86_64/sysroot -g -Wno-invalid-command-line-argument -Wno-unused-command-line-argument  -D_FORTIFY_SOURCE=2 -fno-exceptions -fno-rtti -fpic -O2 -DNDEBUG  -Iall_libs/Dobby -Iall_libs/Dobby/include -Iall_libs/Dobby/source -Iall_libs/Dobby/source/dobby -Iall_libs/Dobby/source/Backend/UserMode -Iall_libs/Dobby/external -Iall_libs/Dobby/external/logging -Iall_libs/Dobby/builtin-plugin -Iall_libs/Dobby/builtin-plugin/SymbolResolver -Iall_libs/Dobby -O2 -DNDEBUG -w -std=c++17 -fexceptions -frtti -O2 -DNDEBUG -w  -DANDROID -fvisibility=hidden -fexceptions -w -Wformat -Werror=format-security -std=c++11 -fvisibility=hidden -fexceptions -w -DDOBBY_LOGGING_DISABLE -DNearBranch -fexceptions  -c  all_libs/Dobby/source/core/assembler/assembler-arm64.cc -o /tmp/ndk-out/local/arm64-v8a/objs/dobby/source/core/assembler/assembler-arm64.o
build	Build .so with ndk-build	2026-10-09T16:53:21.3148749Z [arm64-v8a] Compile++      : dobby <= codegen-arm64.cc
build	Build .so with ndk-build	2026-10-09T16:53:21.3150318Z rm -f /tmp/ndk-out/local/arm64-v8a/objs/dobby/source/core/codegen/codegen-arm64.o
build	Build .so with ndk-build	2026-10-09T16:53:21.3163123Z /usr/local/lib/android/sdk/ndk/26.1.10909125/toolchains/llvm/prebuilt/linux-x86_64/bin/clang++ -MMD -MP -MF /tmp/ndk-out/local/arm64-v8a/objs/dobby/source/core/codegen/codegen-arm64.o.d -target aarch64-none-linux-android24 -fdata-sections -ffunction-sections -fstack-protector-strong -funwind-tables -no-canonical-prefixes  --sysroot /usr/local/lib/android/sdk/ndk/26.1.10909125/toolchains/llvm/prebuilt/linux-x86_64/sysroot -g -Wno-invalid-command-line-argument -Wno-unused-command-line-argument  -D_FORTIFY_SOURCE=2 -fno-exceptions -fno-rtti -fpic -O2 -DNDEBUG  -Iall_libs/Dobby -Iall_libs/Dobby/include -Iall_libs/Dobby/source -Iall_libs/Dobby/source/dobby -Iall_libs/Dobby/source/Backend/UserMode -Iall_libs/Dobby/external -Iall_libs/Dobby/external/logging -Iall_libs/Dobby/builtin-plugin -Iall_libs/Dobby/builtin-plugin/SymbolResolver -Iall_libs/Dobby -O2 -DNDEBUG -w -std=c++17 -fexceptions -frtti -O2 -DNDEBUG -w  -DANDROID -fvisibility=hidden -fexceptions -w -Wformat -Werror=format-security -std=c++11 -fvisibility=hidden -fexceptions -w -DDOBBY_LOGGING_DISABLE -DNearBranch -fexceptions  -c  all_libs/Dobby/source/core/codegen/codegen-arm64.cc -o /tmp/ndk-out/local/arm64-v8a/objs/dobby/source/core/codegen/codegen-arm64.o
build	Build .so with ndk-build	2026-10-09T16:53:21.4050166Z [arm64-v8a] Compile++      : dobby <= CodeBufferBase.cc
build	Build .so with ndk-build	2026-10-09T16:53:21.4051183Z rm -f /tmp/ndk-out/local/arm64-v8a/objs/dobby/source/MemoryAllocator/CodeBuffer/CodeBufferBase.o
build	Build .so with ndk-build	2026-10-09T16:53:21.4064850Z /usr/local/lib/android/sdk/ndk/26.1.10909125/toolchains/llvm/prebuilt/linux-x86_64/bin/clang++ -MMD -MP -MF /tmp/ndk-out/local/arm64-v8a/objs/dobby/source/MemoryAllocator/CodeBuffer/CodeBufferBase.o.d -target aarch64-none-linux-android24 -fdata-sections -ffunction-sections -fstack-protector-strong -funwind-tables -no-canonical-prefixes  --sysroot /usr/local/lib/android/sdk/ndk/26.1.10909125/toolchains/llvm/prebuilt/linux-x86_64/sysroot -g -Wno-invalid-command-line-argument -Wno-unused-command-line-argument  -D_FORTIFY_SOURCE=2 -fno-exceptions -fno-rtti -fpic -O2 -DNDEBUG  -Iall_libs/Dobby -Iall_libs/Dobby/include -Iall_libs/Dobby/source -Iall_libs/Dobby/source/dobby -Iall_libs/Dobby/source/Backend/UserMode -Iall_libs/Dobby/external -Iall_libs/Dobby/external/logging -Iall_libs/Dobby/builtin-plugin -Iall_libs/Dobby/builtin-plugin/SymbolResolver -Iall_libs/Dobby -O2 -DNDEBUG -w -std=c++17 -fexceptions -frtti -O2 -DNDEBUG -w  -DANDROID -fvisibility=hidden -fexceptions -w -Wformat -Werror=format-security -std=c++11 -fvisibility=hidden -fexceptions -w -DDOBBY_LOGGING_DISABLE -DNearBranch -fexceptions  -c  all_libs/Dobby/source/MemoryAllocator/CodeBuffer/CodeBufferBase.cc -o /tmp/ndk-out/local/arm64-v8a/objs/dobby/source/MemoryAllocator/CodeBuffer/CodeBufferBase.o
build	Build .so with ndk-build	2026-10-09T16:53:21.4867858Z [arm64-v8a] Compile++      : dobby <= AssemblyCodeBuilder.cc
build	Build .so with ndk-build	2026-10-09T16:53:21.4869369Z rm -f /tmp/ndk-out/local/arm64-v8a/objs/dobby/source/MemoryAllocator/AssemblyCodeBuilder.o
build	Build .so with ndk-build	2026-10-09T16:53:21.4883091Z /usr/local/lib/android/sdk/ndk/26.1.10909125/toolchains/llvm/prebuilt/linux-x86_64/bin/clang++ -MMD -MP -MF /tmp/ndk-out/local/arm64-v8a/objs/dobby/source/MemoryAllocator/AssemblyCodeBuilder.o.d -target aarch64-none-linux-android24 -fdata-sections -ffunction-sections -fstack-protector-strong -funwind-tables -no-canonical-prefixes  --sysroot /usr/local/lib/android/sdk/ndk/26.1.10909125/toolchains/llvm/prebuilt/linux-x86_64/sysroot -g -Wno-invalid-command-line-argument -Wno-unused-command-line-argument  -D_FORTIFY_SOURCE=2 -fno-exceptions -fno-rtti -fpic -O2 -DNDEBUG  -Iall_libs/Dobby -Iall_libs/Dobby/include -Iall_libs/Dobby/source -Iall_libs/Dobby/source/dobby -Iall_libs/Dobby/source/Backend/UserMode -Iall_libs/Dobby/external -Iall_libs/Dobby/external/logging -Iall_libs/Dobby/builtin-plugin -Iall_libs/Dobby/builtin-plugin/SymbolResolver -Iall_libs/Dobby -O2 -DNDEBUG -w -std=c++17 -fexceptions -frtti -O2 -DNDEBUG -w  -DANDROID -fvisibility=hidden -fexceptions -w -Wformat -Werror=format-security -std=c++11 -fvisibility=hidden -fexceptions -w -DDOBBY_LOGGING_DISABLE -DNearBranch -fexceptions  -c  all_libs/Dobby/source/MemoryAllocator/AssemblyCodeBuilder.cc -o /tmp/ndk-out/local/arm64-v8a/objs/dobby/source/MemoryAllocator/AssemblyCodeBuilder.o
build	Build .so with ndk-build	2026-10-09T16:53:21.5311186Z [arm64-v8a] Compile++      : dobby <= MemoryAllocator.cc
build	Build .so with ndk-build	2026-10-09T16:53:21.5312394Z rm -f /tmp/ndk-out/local/arm64-v8a/objs/dobby/source/MemoryAllocator/MemoryAllocator.o
build	Build .so with ndk-build	2026-10-09T16:53:21.5327024Z /usr/local/lib/android/sdk/ndk/26.1.10909125/toolchains/llvm/prebuilt/linux-x86_64/bin/clang++ -MMD -MP -MF /tmp/ndk-out/local/arm64-v8a/objs/dobby/source/MemoryAllocator/MemoryAllocator.o.d -target aarch64-none-linux-android24 -fdata-sections -ffunction-sections -fstack-protector-strong -funwind-tables -no-canonical-prefixes  --sysroot /usr/local/lib/android/sdk/ndk/26.1.10909125/toolchains/llvm/prebuilt/linux-x86_64/sysroot -g -Wno-invalid-command-line-argument -Wno-unused-command-line-argument  -D_FORTIFY_SOURCE=2 -fno-exceptions -fno-rtti -fpic -O2 -DNDEBUG  -Iall_libs/Dobby -Iall_libs/Dobby/include -Iall_libs/Dobby/source -Iall_libs/Dobby/source/dobby -Iall_libs/Dobby/source/Backend/UserMode -Iall_libs/Dobby/external -Iall_libs/Dobby/external/logging -Iall_libs/Dobby/builtin-plugin -Iall_libs/Dobby/builtin-plugin/SymbolResolver -Iall_libs/Dobby -O2 -DNDEBUG -w -std=c++17 -fexceptions -frtti -O2 -DNDEBUG -w  -DANDROID -fvisibility=hidden -fexceptions -w -Wformat -Werror=format-security -std=c++11 -fvisibility=hidden -fexceptions -w -DDOBBY_LOGGING_DISABLE -DNearBranch -fexceptions  -c  all_libs/Dobby/source/MemoryAllocator/MemoryAllocator.cc -o /tmp/ndk-out/local/arm64-v8a/objs/dobby/source/MemoryAllocator/MemoryAllocator.o
build	Build .so with ndk-build	2026-10-09T16:53:21.6291006Z [arm64-v8a] Compile++      : dobby <= NearMemoryAllocator.cc
build	Build .so with ndk-build	2026-10-09T16:53:21.6293584Z rm -f /tmp/ndk-out/local/arm64-v8a/objs/dobby/source/MemoryAllocator/NearMemoryAllocator.o
build	Build .so with ndk-build	2026-10-09T16:53:21.6307086Z /usr/local/lib/android/sdk/ndk/26.1.10909125/toolchains/llvm/prebuilt/linux-x86_64/bin/clang++ -MMD -MP -MF /tmp/ndk-out/local/arm64-v8a/objs/dobby/source/MemoryAllocator/NearMemoryAllocator.o.d -target aarch64-none-linux-android24 -fdata-sections -ffunction-sections -fstack-protector-strong -funwind-tables -no-canonical-prefixes  --sysroot /usr/local/lib/android/sdk/ndk/26.1.10909125/toolchains/llvm/prebuilt/linux-x86_64/sysroot -g -Wno-invalid-command-line-argument -Wno-unused-command-line-argument  -D_FORTIFY_SOURCE=2 -fno-exceptions -fno-rtti -fpic -O2 -DNDEBUG  -Iall_libs/Dobby -Iall_libs/Dobby/include -Iall_libs/Dobby/source -Iall_libs/Dobby/source/dobby -Iall_libs/Dobby/source/Backend/UserMode -Iall_libs/Dobby/external -Iall_libs/Dobby/external/logging -Iall_libs/Dobby/builtin-plugin -Iall_libs/Dobby/builtin-plugin/SymbolResolver -Iall_libs/Dobby -O2 -DNDEBUG -w -std=c++17 -fexceptions -frtti -O2 -DNDEBUG -w  -DANDROID -fvisibility=hidden -fexceptions -w -Wformat -Werror=format-security -std=c++11 -fvisibility=hidden -fexceptions -w -DDOBBY_LOGGING_DISABLE -DNearBranch -fexceptions  -c  all_libs/Dobby/source/MemoryAllocator/NearMemoryAllocator.cc -o /tmp/ndk-out/local/arm64-v8a/objs/dobby/source/MemoryAllocator/NearMemoryAllocator.o
build	Build .so with ndk-build	2026-10-09T16:53:21.7635058Z [arm64-v8a] Compile++      : dobby <= InstructionRelocationARM64.cc
build	Build .so with ndk-build	2026-10-09T16:53:21.7637632Z rm -f /tmp/ndk-out/local/arm64-v8a/objs/dobby/source/InstructionRelocation/arm64/InstructionRelocationARM64.o
build	Build .so with ndk-build	2026-10-09T16:53:21.7653871Z /usr/local/lib/android/sdk/ndk/26.1.10909125/toolchains/llvm/prebuilt/linux-x86_64/bin/clang++ -MMD -MP -MF /tmp/ndk-out/local/arm64-v8a/objs/dobby/source/InstructionRelocation/arm64/InstructionRelocationARM64.o.d -target aarch64-none-linux-android24 -fdata-sections -ffunction-sections -fstack-protector-strong -funwind-tables -no-canonical-prefixes  --sysroot /usr/local/lib/android/sdk/ndk/26.1.10909125/toolchains/llvm/prebuilt/linux-x86_64/sysroot -g -Wno-invalid-command-line-argument -Wno-unused-command-line-argument  -D_FORTIFY_SOURCE=2 -fno-exceptions -fno-rtti -fpic -O2 -DNDEBUG  -Iall_libs/Dobby -Iall_libs/Dobby/include -Iall_libs/Dobby/source -Iall_libs/Dobby/source/dobby -Iall_libs/Dobby/source/Backend/UserMode -Iall_libs/Dobby/external -Iall_libs/Dobby/external/logging -Iall_libs/Dobby/builtin-plugin -Iall_libs/Dobby/builtin-plugin/SymbolResolver -Iall_libs/Dobby -O2 -DNDEBUG -w -std=c++17 -fexceptions -frtti -O2 -DNDEBUG -w  -DANDROID -fvisibility=hidden -fexceptions -w -Wformat -Werror=format-security -std=c++11 -fvisibility=hidden -fexceptions -w -DDOBBY_LOGGING_DISABLE -DNearBranch -fexceptions  -c  all_libs/Dobby/source/InstructionRelocation/arm64/InstructionRelocationARM64.cc -o /tmp/ndk-out/local/arm64-v8a/objs/dobby/source/InstructionRelocation/arm64/InstructionRelocationARM64.o
build	Build .so with ndk-build	2026-10-09T16:53:21.9746864Z [arm64-v8a] Compile++      : dobby <= InterceptRouting.cpp
build	Build .so with ndk-build	2026-10-09T16:53:21.9748038Z rm -f /tmp/ndk-out/local/arm64-v8a/objs/dobby/source/InterceptRouting/InterceptRouting.o
build	Build .so with ndk-build	2026-10-09T16:53:21.9761695Z /usr/local/lib/android/sdk/ndk/26.1.10909125/toolchains/llvm/prebuilt/linux-x86_64/bin/clang++ -MMD -MP -MF /tmp/ndk-out/local/arm64-v8a/objs/dobby/source/InterceptRouting/InterceptRouting.o.d -target aarch64-none-linux-android24 -fdata-sections -ffunction-sections -fstack-protector-strong -funwind-tables -no-canonical-prefixes  --sysroot /usr/local/lib/android/sdk/ndk/26.1.10909125/toolchains/llvm/prebuilt/linux-x86_64/sysroot -g -Wno-invalid-command-line-argument -Wno-unused-command-line-argument  -D_FORTIFY_SOURCE=2 -fno-exceptions -fno-rtti -fpic -O2 -DNDEBUG  -Iall_libs/Dobby -Iall_libs/Dobby/include -Iall_libs/Dobby/source -Iall_libs/Dobby/source/dobby -Iall_libs/Dobby/source/Backend/UserMode -Iall_libs/Dobby/external -Iall_libs/Dobby/external/logging -Iall_libs/Dobby/builtin-plugin -Iall_libs/Dobby/builtin-plugin/SymbolResolver -Iall_libs/Dobby -O2 -DNDEBUG -w -std=c++17 -fexceptions -frtti -O2 -DNDEBUG -w  -DANDROID -fvisibility=hidden -fexceptions -w -Wformat -Werror=format-security -std=c++11 -fvisibility=hidden -fexceptions -w -DDOBBY_LOGGING_DISABLE -DNearBranch -fexceptions  -c  all_libs/Dobby/source/InterceptRouting/InterceptRouting.cpp -o /tmp/ndk-out/local/arm64-v8a/objs/dobby/source/InterceptRouting/InterceptRouting.o
build	Build .so with ndk-build	2026-10-09T16:53:22.0346057Z [arm64-v8a] Compile++      : dobby <= RoutingPlugin.cc
build	Build .so with ndk-build	2026-10-09T16:53:22.0347128Z rm -f /tmp/ndk-out/local/arm64-v8a/objs/dobby/source/InterceptRouting/RoutingPlugin/RoutingPlugin.o
build	Build .so with ndk-build	2026-10-09T16:53:22.0361129Z /usr/local/lib/android/sdk/ndk/26.1.10909125/toolchains/llvm/prebuilt/linux-x86_64/bin/clang++ -MMD -MP -MF /tmp/ndk-out/local/arm64-v8a/objs/dobby/source/InterceptRouting/RoutingPlugin/RoutingPlugin.o.d -target aarch64-none-linux-android24 -fdata-sections -ffunction-sections -fstack-protector-strong -funwind-tables -no-canonical-prefixes  --sysroot /usr/local/lib/android/sdk/ndk/26.1.10909125/toolchains/llvm/prebuilt/linux-x86_64/sysroot -g -Wno-invalid-command-line-argument -Wno-unused-command-line-argument  -D_FORTIFY_SOURCE=2 -fno-exceptions -fno-rtti -fpic -O2 -DNDEBUG  -Iall_libs/Dobby -Iall_libs/Dobby/include -Iall_libs/Dobby/source -Iall_libs/Dobby/source/dobby -Iall_libs/Dobby/source/Backend/UserMode -Iall_libs/Dobby/external -Iall_libs/Dobby/external/logging -Iall_libs/Dobby/builtin-plugin -Iall_libs/Dobby/builtin-plugin/SymbolResolver -Iall_libs/Dobby -O2 -DNDEBUG -w -std=c++17 -fexceptions -frtti -O2 -DNDEBUG -w  -DANDROID -fvisibility=hidden -fexceptions -w -Wformat -Werror=format-security -std=c++11 -fvisibility=hidden -fexceptions -w -DDOBBY_LOGGING_DISABLE -DNearBranch -fexceptions  -c  all_libs/Dobby/source/InterceptRouting/RoutingPlugin/RoutingPlugin.cc -o /tmp/ndk-out/local/arm64-v8a/objs/dobby/source/InterceptRouting/RoutingPlugin/RoutingPlugin.o
build	Build .so with ndk-build	2026-10-09T16:53:22.1121459Z [arm64-v8a] Compile++      : dobby <= InstructionInstrument.cc
build	Build .so with ndk-build	2026-10-09T16:53:22.1122788Z rm -f /tmp/ndk-out/local/arm64-v8a/objs/dobby/source/InterceptRouting/Routing/InstructionInstrument/InstructionInstrument.o
build	Build .so with ndk-build	2026-10-09T16:53:22.1136297Z /usr/local/lib/android/sdk/ndk/26.1.10909125/toolchains/llvm/prebuilt/linux-x86_64/bin/clang++ -MMD -MP -MF /tmp/ndk-out/local/arm64-v8a/objs/dobby/source/InterceptRouting/Routing/InstructionInstrument/InstructionInstrument.o.d -target aarch64-none-linux-android24 -fdata-sections -ffunction-sections -fstack-protector-strong -funwind-tables -no-canonical-prefixes  --sysroot /usr/local/lib/android/sdk/ndk/26.1.10909125/toolchains/llvm/prebuilt/linux-x86_64/sysroot -g -Wno-invalid-command-line-argument -Wno-unused-command-line-argument  -D_FORTIFY_SOURCE=2 -fno-exceptions -fno-rtti -fpic -O2 -DNDEBUG  -Iall_libs/Dobby -Iall_libs/Dobby/include -Iall_libs/Dobby/source -Iall_libs/Dobby/source/dobby -Iall_libs/Dobby/source/Backend/UserMode -Iall_libs/Dobby/external -Iall_libs/Dobby/external/logging -Iall_libs/Dobby/builtin-plugin -Iall_libs/Dobby/builtin-plugin/SymbolResolver -Iall_libs/Dobby -O2 -DNDEBUG -w -std=c++17 -fexceptions -frtti -O2 -DNDEBUG -w  -DANDROID -fvisibility=hidden -fexceptions -w -Wformat -Werror=format-security -std=c++11 -fvisibility=hidden -fexceptions -w -DDOBBY_LOGGING_DISABLE -DNearBranch -fexceptions  -c  all_libs/Dobby/source/InterceptRouting/Routing/InstructionInstrument/InstructionInstrument.cc -o /tmp/ndk-out/local/arm64-v8a/objs/dobby/source/InterceptRouting/Routing/InstructionInstrument/InstructionInstrument.o
build	Build .so with ndk-build	2026-10-09T16:53:22.1582288Z [arm64-v8a] Compile++      : dobby <= RoutingImpl.cc
build	Build .so with ndk-build	2026-10-09T16:53:22.1583339Z rm -f /tmp/ndk-out/local/arm64-v8a/objs/dobby/source/InterceptRouting/Routing/InstructionInstrument/RoutingImpl.o
build	Build .so with ndk-build	2026-10-09T16:53:22.1597619Z /usr/local/lib/android/sdk/ndk/26.1.10909125/toolchains/llvm/prebuilt/linux-x86_64/bin/clang++ -MMD -MP -MF /tmp/ndk-out/local/arm64-v8a/objs/dobby/source/InterceptRouting/Routing/InstructionInstrument/RoutingImpl.o.d -target aarch64-none-linux-android24 -fdata-sections -ffunction-sections -fstack-protector-strong -funwind-tables -no-canonical-prefixes  --sysroot /usr/local/lib/android/sdk/ndk/26.1.10909125/toolchains/llvm/prebuilt/linux-x86_64/sysroot -g -Wno-invalid-command-line-argument -Wno-unused-command-line-argument  -D_FORTIFY_SOURCE=2 -fno-exceptions -fno-rtti -fpic -O2 -DNDEBUG  -Iall_libs/Dobby -Iall_libs/Dobby/include -Iall_libs/Dobby/source -Iall_libs/Dobby/source/dobby -Iall_libs/Dobby/source/Backend/UserMode -Iall_libs/Dobby/external -Iall_libs/Dobby/external/logging -Iall_libs/Dobby/builtin-plugin -Iall_libs/Dobby/builtin-plugin/SymbolResolver -Iall_libs/Dobby -O2 -DNDEBUG -w -std=c++17 -fexceptions -frtti -O2 -DNDEBUG -w  -DANDROID -fvisibility=hidden -fexceptions -w -Wformat -Werror=format-security -std=c++11 -fvisibility=hidden -fexceptions -w -DDOBBY_LOGGING_DISABLE -DNearBranch -fexceptions  -c  all_libs/Dobby/source/InterceptRouting/Routing/InstructionInstrument/RoutingImpl.cc -o /tmp/ndk-out/local/arm64-v8a/objs/dobby/source/InterceptRouting/Routing/InstructionInstrument/RoutingImpl.o
build	Build .so with ndk-build	2026-10-09T16:53:22.2021453Z [arm64-v8a] Compile++      : dobby <= instrument_routing_handler.cc
build	Build .so with ndk-build	2026-10-09T16:53:22.2023026Z rm -f /tmp/ndk-out/local/arm64-v8a/objs/dobby/source/InterceptRouting/Routing/InstructionInstrument/instrument_routing_handler.o
build	Build .so with ndk-build	2026-10-09T16:53:22.2036403Z /usr/local/lib/android/sdk/ndk/26.1.10909125/toolchains/llvm/prebuilt/linux-x86_64/bin/clang++ -MMD -MP -MF /tmp/ndk-out/local/arm64-v8a/objs/dobby/source/InterceptRouting/Routing/InstructionInstrument/instrument_routing_handler.o.d -target aarch64-none-linux-android24 -fdata-sections -ffunction-sections -fstack-protector-strong -funwind-tables -no-canonical-prefixes  --sysroot /usr/local/lib/android/sdk/ndk/26.1.10909125/toolchains/llvm/prebuilt/linux-x86_64/sysroot -g -Wno-invalid-command-line-argument -Wno-unused-command-line-argument  -D_FORTIFY_SOURCE=2 -fno-exceptions -fno-rtti -fpic -O2 -DNDEBUG  -Iall_libs/Dobby -Iall_libs/Dobby/include -Iall_libs/Dobby/source -Iall_libs/Dobby/source/dobby -Iall_libs/Dobby/source/Backend/UserMode -Iall_libs/Dobby/external -Iall_libs/Dobby/external/logging -Iall_libs/Dobby/builtin-plugin -Iall_libs/Dobby/builtin-plugin/SymbolResolver -Iall_libs/Dobby -O2 -DNDEBUG -w -std=c++17 -fexceptions -frtti -O2 -DNDEBUG -w  -DANDROID -fvisibility=hidden -fexceptions -w -Wformat -Werror=format-security -std=c++11 -fvisibility=hidden -fexceptions -w -DDOBBY_LOGGING_DISABLE -DNearBranch -fexceptions  -c  all_libs/Dobby/source/InterceptRouting/Routing/InstructionInstrument/instrument_routing_handler.cc -o /tmp/ndk-out/local/arm64-v8a/objs/dobby/source/InterceptRouting/Routing/InstructionInstrument/instrument_routing_handler.o
build	Build .so with ndk-build	2026-10-09T16:53:22.2467321Z [arm64-v8a] Compile++      : dobby <= FunctionInlineHook.cc
build	Build .so with ndk-build	2026-10-09T16:53:22.2468700Z rm -f /tmp/ndk-out/local/arm64-v8a/objs/dobby/source/InterceptRouting/Routing/FunctionInlineHook/FunctionInlineHook.o
build	Build .so with ndk-build	2026-10-09T16:53:22.2482346Z /usr/local/lib/android/sdk/ndk/26.1.10909125/toolchains/llvm/prebuilt/linux-x86_64/bin/clang++ -MMD -MP -MF /tmp/ndk-out/local/arm64-v8a/objs/dobby/source/InterceptRouting/Routing/FunctionInlineHook/FunctionInlineHook.o.d -target aarch64-none-linux-android24 -fdata-sections -ffunction-sections -fstack-protector-strong -funwind-tables -no-canonical-prefixes  --sysroot /usr/local/lib/android/sdk/ndk/26.1.10909125/toolchains/llvm/prebuilt/linux-x86_64/sysroot -g -Wno-invalid-command-line-argument -Wno-unused-command-line-argument  -D_FORTIFY_SOURCE=2 -fno-exceptions -fno-rtti -fpic -O2 -DNDEBUG  -Iall_libs/Dobby -Iall_libs/Dobby/include -Iall_libs/Dobby/source -Iall_libs/Dobby/source/dobby -Iall_libs/Dobby/source/Backend/UserMode -Iall_libs/Dobby/external -Iall_libs/Dobby/external/logging -Iall_libs/Dobby/builtin-plugin -Iall_libs/Dobby/builtin-plugin/SymbolResolver -Iall_libs/Dobby -O2 -DNDEBUG -w -std=c++17 -fexceptions -frtti -O2 -DNDEBUG -w  -DANDROID -fvisibility=hidden -fexceptions -w -Wformat -Werror=format-security -std=c++11 -fvisibility=hidden -fexceptions -w -DDOBBY_LOGGING_DISABLE -DNearBranch -fexceptions  -c  all_libs/Dobby/source/InterceptRouting/Routing/FunctionInlineHook/FunctionInlineHook.cc -o /tmp/ndk-out/local/arm64-v8a/objs/dobby/source/InterceptRouting/Routing/FunctionInlineHook/FunctionInlineHook.o
build	Build .so with ndk-build	2026-10-09T16:53:22.2920285Z [arm64-v8a] Compile++      : dobby <= RoutingImpl.cc
build	Build .so with ndk-build	2026-10-09T16:53:22.2921550Z rm -f /tmp/ndk-out/local/arm64-v8a/objs/dobby/source/InterceptRouting/Routing/FunctionInlineHook/RoutingImpl.o
build	Build .so with ndk-build	2026-10-09T16:53:22.2935003Z /usr/local/lib/android/sdk/ndk/26.1.10909125/toolchains/llvm/prebuilt/linux-x86_64/bin/clang++ -MMD -MP -MF /tmp/ndk-out/local/arm64-v8a/objs/dobby/source/InterceptRouting/Routing/FunctionInlineHook/RoutingImpl.o.d -target aarch64-none-linux-android24 -fdata-sections -ffunction-sections -fstack-protector-strong -funwind-tables -no-canonical-prefixes  --sysroot /usr/local/lib/android/sdk/ndk/26.1.10909125/toolchains/llvm/prebuilt/linux-x86_64/sysroot -g -Wno-invalid-command-line-argument -Wno-unused-command-line-argument  -D_FORTIFY_SOURCE=2 -fno-exceptions -fno-rtti -fpic -O2 -DNDEBUG  -Iall_libs/Dobby -Iall_libs/Dobby/include -Iall_libs/Dobby/source -Iall_libs/Dobby/source/dobby -Iall_libs/Dobby/source/Backend/UserMode -Iall_libs/Dobby/external -Iall_libs/Dobby/external/logging -Iall_libs/Dobby/builtin-plugin -Iall_libs/Dobby/builtin-plugin/SymbolResolver -Iall_libs/Dobby -O2 -DNDEBUG -w -std=c++17 -fexceptions -frtti -O2 -DNDEBUG -w  -DANDROID -fvisibility=hidden -fexceptions -w -Wformat -Werror=format-security -std=c++11 -fvisibility=hidden -fexceptions -w -DDOBBY_LOGGING_DISABLE -DNearBranch -fexceptions  -c  all_libs/Dobby/source/InterceptRouting/Routing/FunctionInlineHook/RoutingImpl.cc -o /tmp/ndk-out/local/arm64-v8a/objs/dobby/source/InterceptRouting/Routing/FunctionInlineHook/RoutingImpl.o
build	Build .so with ndk-build	2026-10-09T16:53:22.3356072Z [arm64-v8a] Compile++      : dobby <= NearBranchTrampoline.cc
build	Build .so with ndk-build	2026-10-09T16:53:22.3357546Z rm -f /tmp/ndk-out/local/arm64-v8a/objs/dobby/source/InterceptRouting/RoutingPlugin/NearBranchTrampoline/NearBranchTrampoline.o
build	Build .so with ndk-build	2026-10-09T16:53:22.3375550Z /usr/local/lib/android/sdk/ndk/26.1.10909125/toolchains/llvm/prebuilt/linux-x86_64/bin/clang++ -MMD -MP -MF /tmp/ndk-out/local/arm64-v8a/objs/dobby/source/InterceptRouting/RoutingPlugin/NearBranchTrampoline/NearBranchTrampoline.o.d -target aarch64-none-linux-android24 -fdata-sections -ffunction-sections -fstack-protector-strong -funwind-tables -no-canonical-prefixes  --sysroot /usr/local/lib/android/sdk/ndk/26.1.10909125/toolchains/llvm/prebuilt/linux-x86_64/sysroot -g -Wno-invalid-command-line-argument -Wno-unused-command-line-argument  -D_FORTIFY_SOURCE=2 -fno-exceptions -fno-rtti -fpic -O2 -DNDEBUG  -Iall_libs/Dobby -Iall_libs/Dobby/include -Iall_libs/Dobby/source -Iall_libs/Dobby/source/dobby -Iall_libs/Dobby/source/Backend/UserMode -Iall_libs/Dobby/external -Iall_libs/Dobby/external/logging -Iall_libs/Dobby/builtin-plugin -Iall_libs/Dobby/builtin-plugin/SymbolResolver -Iall_libs/Dobby -O2 -DNDEBUG -w -std=c++17 -fexceptions -frtti -O2 -DNDEBUG -w  -DANDROID -fvisibility=hidden -fexceptions -w -Wformat -Werror=format-security -std=c++11 -fvisibility=hidden -fexceptions -w -DDOBBY_LOGGING_DISABLE -DNearBranch -fexceptions  -c  all_libs/Dobby/source/InterceptRouting/RoutingPlugin/NearBranchTrampoline/NearBranchTrampoline.cc -o /tmp/ndk-out/local/arm64-v8a/objs/dobby/source/InterceptRouting/RoutingPlugin/NearBranchTrampoline/NearBranchTrampoline.o
build	Build .so with ndk-build	2026-10-09T16:53:22.3809732Z [arm64-v8a] Compile++      : dobby <= near_trampoline_arm64.cc
build	Build .so with ndk-build	2026-10-09T16:53:22.3811023Z rm -f /tmp/ndk-out/local/arm64-v8a/objs/dobby/source/InterceptRouting/RoutingPlugin/NearBranchTrampoline/near_trampoline_arm64.o
build	Build .so with ndk-build	2026-10-09T16:53:22.3825143Z /usr/local/lib/android/sdk/ndk/26.1.10909125/toolchains/llvm/prebuilt/linux-x86_64/bin/clang++ -MMD -MP -MF /tmp/ndk-out/local/arm64-v8a/objs/dobby/source/InterceptRouting/RoutingPlugin/NearBranchTrampoline/near_trampoline_arm64.o.d -target aarch64-none-linux-android24 -fdata-sections -ffunction-sections -fstack-protector-strong -funwind-tables -no-canonical-prefixes  --sysroot /usr/local/lib/android/sdk/ndk/26.1.10909125/toolchains/llvm/prebuilt/linux-x86_64/sysroot -g -Wno-invalid-command-line-argument -Wno-unused-command-line-argument  -D_FORTIFY_SOURCE=2 -fno-exceptions -fno-rtti -fpic -O2 -DNDEBUG  -Iall_libs/Dobby -Iall_libs/Dobby/include -Iall_libs/Dobby/source -Iall_libs/Dobby/source/dobby -Iall_libs/Dobby/source/Backend/UserMode -Iall_libs/Dobby/external -Iall_libs/Dobby/external/logging -Iall_libs/Dobby/builtin-plugin -Iall_libs/Dobby/builtin-plugin/SymbolResolver -Iall_libs/Dobby -O2 -DNDEBUG -w -std=c++17 -fexceptions -frtti -O2 -DNDEBUG -w  -DANDROID -fvisibility=hidden -fexceptions -w -Wformat -Werror=format-security -std=c++11 -fvisibility=hidden -fexceptions -w -DDOBBY_LOGGING_DISABLE -DNearBranch -fexceptions  -c  all_libs/Dobby/source/InterceptRouting/RoutingPlugin/NearBranchTrampoline/near_trampoline_arm64.cc -o /tmp/ndk-out/local/arm64-v8a/objs/dobby/source/InterceptRouting/RoutingPlugin/NearBranchTrampoline/near_trampoline_arm64.o
build	Build .so with ndk-build	2026-10-09T16:53:22.4617068Z [arm64-v8a] Compile++      : dobby <= trampoline_arm64.cc
build	Build .so with ndk-build	2026-10-09T16:53:22.4618425Z rm -f /tmp/ndk-out/local/arm64-v8a/objs/dobby/source/TrampolineBridge/Trampoline/arm64/trampoline_arm64.o
build	Build .so with ndk-build	2026-10-09T16:53:22.4632110Z /usr/local/lib/android/sdk/ndk/26.1.10909125/toolchains/llvm/prebuilt/linux-x86_64/bin/clang++ -MMD -MP -MF /tmp/ndk-out/local/arm64-v8a/objs/dobby/source/TrampolineBridge/Trampoline/arm64/trampoline_arm64.o.d -target aarch64-none-linux-android24 -fdata-sections -ffunction-sections -fstack-protector-strong -funwind-tables -no-canonical-prefixes  --sysroot /usr/local/lib/android/sdk/ndk/26.1.10909125/toolchains/llvm/prebuilt/linux-x86_64/sysroot -g -Wno-invalid-command-line-argument -Wno-unused-command-line-argument  -D_FORTIFY_SOURCE=2 -fno-exceptions -fno-rtti -fpic -O2 -DNDEBUG  -Iall_libs/Dobby -Iall_libs/Dobby/include -Iall_libs/Dobby/source -Iall_libs/Dobby/source/dobby -Iall_libs/Dobby/source/Backend/UserMode -Iall_libs/Dobby/external -Iall_libs/Dobby/external/logging -Iall_libs/Dobby/builtin-plugin -Iall_libs/Dobby/builtin-plugin/SymbolResolver -Iall_libs/Dobby -O2 -DNDEBUG -w -std=c++17 -fexceptions -frtti -O2 -DNDEBUG -w  -DANDROID -fvisibility=hidden -fexceptions -w -Wformat -Werror=format-security -std=c++11 -fvisibility=hidden -fexceptions -w -DDOBBY_LOGGING_DISABLE -DNearBranch -fexceptions  -c  all_libs/Dobby/source/TrampolineBridge/Trampoline/arm64/trampoline_arm64.cc -o /tmp/ndk-out/local/arm64-v8a/objs/dobby/source/TrampolineBridge/Trampoline/arm64/trampoline_arm64.o
build	Build .so with ndk-build	2026-10-09T16:53:22.5316413Z [arm64-v8a] Compile++      : dobby <= common_bridge_handler.cc
build	Build .so with ndk-build	2026-10-09T16:53:22.5317798Z rm -f /tmp/ndk-out/local/arm64-v8a/objs/dobby/source/TrampolineBridge/ClosureTrampolineBridge/common_bridge_handler.o
build	Build .so with ndk-build	2026-10-09T16:53:22.5335514Z /usr/local/lib/android/sdk/ndk/26.1.10909125/toolchains/llvm/prebuilt/linux-x86_64/bin/clang++ -MMD -MP -MF /tmp/ndk-out/local/arm64-v8a/objs/dobby/source/TrampolineBridge/ClosureTrampolineBridge/common_bridge_handler.o.d -target aarch64-none-linux-android24 -fdata-sections -ffunction-sections -fstack-protector-strong -funwind-tables -no-canonical-prefixes  --sysroot /usr/local/lib/android/sdk/ndk/26.1.10909125/toolchains/llvm/prebuilt/linux-x86_64/sysroot -g -Wno-invalid-command-line-argument -Wno-unused-command-line-argument  -D_FORTIFY_SOURCE=2 -fno-exceptions -fno-rtti -fpic -O2 -DNDEBUG  -Iall_libs/Dobby -Iall_libs/Dobby/include -Iall_libs/Dobby/source -Iall_libs/Dobby/source/dobby -Iall_libs/Dobby/source/Backend/UserMode -Iall_libs/Dobby/external -Iall_libs/Dobby/external/logging -Iall_libs/Dobby/builtin-plugin -Iall_libs/Dobby/builtin-plugin/SymbolResolver -Iall_libs/Dobby -O2 -DNDEBUG -w -std=c++17 -fexceptions -frtti -O2 -DNDEBUG -w  -DANDROID -fvisibility=hidden -fexceptions -w -Wformat -Werror=format-security -std=c++11 -fvisibility=hidden -fexceptions -w -DDOBBY_LOGGING_DISABLE -DNearBranch -fexceptions  -c  all_libs/Dobby/source/TrampolineBridge/ClosureTrampolineBridge/common_bridge_handler.cc -o /tmp/ndk-out/local/arm64-v8a/objs/dobby/source/TrampolineBridge/ClosureTrampolineBridge/common_bridge_handler.o
build	Build .so with ndk-build	2026-10-09T16:53:22.5744925Z [arm64-v8a] Compile++      : dobby <= helper_arm64.cc
build	Build .so with ndk-build	2026-10-09T16:53:22.5746198Z rm -f /tmp/ndk-out/local/arm64-v8a/objs/dobby/source/TrampolineBridge/ClosureTrampolineBridge/arm64/helper_arm64.o
build	Build .so with ndk-build	2026-10-09T16:53:22.5759744Z /usr/local/lib/android/sdk/ndk/26.1.10909125/toolchains/llvm/prebuilt/linux-x86_64/bin/clang++ -MMD -MP -MF /tmp/ndk-out/local/arm64-v8a/objs/dobby/source/TrampolineBridge/ClosureTrampolineBridge/arm64/helper_arm64.o.d -target aarch64-none-linux-android24 -fdata-sections -ffunction-sections -fstack-protector-strong -funwind-tables -no-canonical-prefixes  --sysroot /usr/local/lib/android/sdk/ndk/26.1.10909125/toolchains/llvm/prebuilt/linux-x86_64/sysroot -g -Wno-invalid-command-line-argument -Wno-unused-command-line-argument  -D_FORTIFY_SOURCE=2 -fno-exceptions -fno-rtti -fpic -O2 -DNDEBUG  -Iall_libs/Dobby -Iall_libs/Dobby/include -Iall_libs/Dobby/source -Iall_libs/Dobby/source/dobby -Iall_libs/Dobby/source/Backend/UserMode -Iall_libs/Dobby/external -Iall_libs/Dobby/external/logging -Iall_libs/Dobby/builtin-plugin -Iall_libs/Dobby/builtin-plugin/SymbolResolver -Iall_libs/Dobby -O2 -DNDEBUG -w -std=c++17 -fexceptions -frtti -O2 -DNDEBUG -w  -DANDROID -fvisibility=hidden -fexceptions -w -Wformat -Werror=format-security -std=c++11 -fvisibility=hidden -fexceptions -w -DDOBBY_LOGGING_DISABLE -DNearBranch -fexceptions  -c  all_libs/Dobby/source/TrampolineBridge/ClosureTrampolineBridge/arm64/helper_arm64.cc -o /tmp/ndk-out/local/arm64-v8a/objs/dobby/source/TrampolineBridge/ClosureTrampolineBridge/arm64/helper_arm64.o
build	Build .so with ndk-build	2026-10-09T16:53:22.6271125Z [arm64-v8a] Compile++      : dobby <= closure_bridge_arm64.cc
build	Build .so with ndk-build	2026-10-09T16:53:22.6272559Z rm -f /tmp/ndk-out/local/arm64-v8a/objs/dobby/source/TrampolineBridge/ClosureTrampolineBridge/arm64/closure_bridge_arm64.o
build	Build .so with ndk-build	2026-10-09T16:53:22.6285943Z /usr/local/lib/android/sdk/ndk/26.1.10909125/toolchains/llvm/prebuilt/linux-x86_64/bin/clang++ -MMD -MP -MF /tmp/ndk-out/local/arm64-v8a/objs/dobby/source/TrampolineBridge/ClosureTrampolineBridge/arm64/closure_bridge_arm64.o.d -target aarch64-none-linux-android24 -fdata-sections -ffunction-sections -fstack-protector-strong -funwind-tables -no-canonical-prefixes  --sysroot /usr/local/lib/android/sdk/ndk/26.1.10909125/toolchains/llvm/prebuilt/linux-x86_64/sysroot -g -Wno-invalid-command-line-argument -Wno-unused-command-line-argument  -D_FORTIFY_SOURCE=2 -fno-exceptions -fno-rtti -fpic -O2 -DNDEBUG  -Iall_libs/Dobby -Iall_libs/Dobby/include -Iall_libs/Dobby/source -Iall_libs/Dobby/source/dobby -Iall_libs/Dobby/source/Backend/UserMode -Iall_libs/Dobby/external -Iall_libs/Dobby/external/logging -Iall_libs/Dobby/builtin-plugin -Iall_libs/Dobby/builtin-plugin/SymbolResolver -Iall_libs/Dobby -O2 -DNDEBUG -w -std=c++17 -fexceptions -frtti -O2 -DNDEBUG -w  -DANDROID -fvisibility=hidden -fexceptions -w -Wformat -Werror=format-security -std=c++11 -fvisibility=hidden -fexceptions -w -DDOBBY_LOGGING_DISABLE -DNearBranch -fexceptions  -c  all_libs/Dobby/source/TrampolineBridge/ClosureTrampolineBridge/arm64/closure_bridge_arm64.cc -o /tmp/ndk-out/local/arm64-v8a/objs/dobby/source/TrampolineBridge/ClosureTrampolineBridge/arm64/closure_bridge_arm64.o
build	Build .so with ndk-build	2026-10-09T16:53:22.7476020Z [arm64-v8a] Compile++      : dobby <= ClosureTrampolineARM64.cc
build	Build .so with ndk-build	2026-10-09T16:53:22.7478647Z rm -f /tmp/ndk-out/local/arm64-v8a/objs/dobby/source/TrampolineBridge/ClosureTrampolineBridge/arm64/ClosureTrampolineARM64.o
build	Build .so with ndk-build	2026-10-09T16:53:22.7493335Z /usr/local/lib/android/sdk/ndk/26.1.10909125/toolchains/llvm/prebuilt/linux-x86_64/bin/clang++ -MMD -MP -MF /tmp/ndk-out/local/arm64-v8a/objs/dobby/source/TrampolineBridge/ClosureTrampolineBridge/arm64/ClosureTrampolineARM64.o.d -target aarch64-none-linux-android24 -fdata-sections -ffunction-sections -fstack-protector-strong -funwind-tables -no-canonical-prefixes  --sysroot /usr/local/lib/android/sdk/ndk/26.1.10909125/toolchains/llvm/prebuilt/linux-x86_64/sysroot -g -Wno-invalid-command-line-argument -Wno-unused-command-line-argument  -D_FORTIFY_SOURCE=2 -fno-exceptions -fno-rtti -fpic -O2 -DNDEBUG  -Iall_libs/Dobby -Iall_libs/Dobby/include -Iall_libs/Dobby/source -Iall_libs/Dobby/source/dobby -Iall_libs/Dobby/source/Backend/UserMode -Iall_libs/Dobby/external -Iall_libs/Dobby/external/logging -Iall_libs/Dobby/builtin-plugin -Iall_libs/Dobby/builtin-plugin/SymbolResolver -Iall_libs/Dobby -O2 -DNDEBUG -w -std=c++17 -fexceptions -frtti -O2 -DNDEBUG -w  -DANDROID -fvisibility=hidden -fexceptions -w -Wformat -Werror=format-security -std=c++11 -fvisibility=hidden -fexceptions -w -DDOBBY_LOGGING_DISABLE -DNearBranch -fexceptions  -c  all_libs/Dobby/source/TrampolineBridge/ClosureTrampolineBridge/arm64/ClosureTrampolineARM64.cc -o /tmp/ndk-out/local/arm64-v8a/objs/dobby/source/TrampolineBridge/ClosureTrampolineBridge/arm64/ClosureTrampolineARM64.o
build	Build .so with ndk-build	2026-10-09T16:53:22.8548156Z [arm64-v8a] Compile++      : dobby <= ProcessRuntimeUtility.cc
build	Build .so with ndk-build	2026-10-09T16:53:22.8550838Z rm -f /tmp/ndk-out/local/arm64-v8a/objs/dobby/source/Backend/UserMode/PlatformUtil/Linux/ProcessRuntimeUtility.o
build	Build .so with ndk-build	2026-10-09T16:53:22.8563868Z /usr/local/lib/android/sdk/ndk/26.1.10909125/toolchains/llvm/prebuilt/linux-x86_64/bin/clang++ -MMD -MP -MF /tmp/ndk-out/local/arm64-v8a/objs/dobby/source/Backend/UserMode/PlatformUtil/Linux/ProcessRuntimeUtility.o.d -target aarch64-none-linux-android24 -fdata-sections -ffunction-sections -fstack-protector-strong -funwind-tables -no-canonical-prefixes  --sysroot /usr/local/lib/android/sdk/ndk/26.1.10909125/toolchains/llvm/prebuilt/linux-x86_64/sysroot -g -Wno-invalid-command-line-argument -Wno-unused-command-line-argument  -D_FORTIFY_SOURCE=2 -fno-exceptions -fno-rtti -fpic -O2 -DNDEBUG  -Iall_libs/Dobby -Iall_libs/Dobby/include -Iall_libs/Dobby/source -Iall_libs/Dobby/source/dobby -Iall_libs/Dobby/source/Backend/UserMode -Iall_libs/Dobby/external -Iall_libs/Dobby/external/logging -Iall_libs/Dobby/builtin-plugin -Iall_libs/Dobby/builtin-plugin/SymbolResolver -Iall_libs/Dobby -O2 -DNDEBUG -w -std=c++17 -fexceptions -frtti -O2 -DNDEBUG -w  -DANDROID -fvisibility=hidden -fexceptions -w -Wformat -Werror=format-security -std=c++11 -fvisibility=hidden -fexceptions -w -DDOBBY_LOGGING_DISABLE -DNearBranch -fexceptions  -c  all_libs/Dobby/source/Backend/UserMode/PlatformUtil/Linux/ProcessRuntimeUtility.cc -o /tmp/ndk-out/local/arm64-v8a/objs/dobby/source/Backend/UserMode/PlatformUtil/Linux/ProcessRuntimeUtility.o
build	Build .so with ndk-build	2026-10-09T16:53:23.3550578Z [arm64-v8a] Compile++      : dobby <= platform-posix.cc
build	Build .so with ndk-build	2026-10-09T16:53:23.3551900Z rm -f /tmp/ndk-out/local/arm64-v8a/objs/dobby/source/Backend/UserMode/UnifiedInterface/platform-posix.o
build	Build .so with ndk-build	2026-10-09T16:53:23.3566104Z /usr/local/lib/android/sdk/ndk/26.1.10909125/toolchains/llvm/prebuilt/linux-x86_64/bin/clang++ -MMD -MP -MF /tmp/ndk-out/local/arm64-v8a/objs/dobby/source/Backend/UserMode/UnifiedInterface/platform-posix.o.d -target aarch64-none-linux-android24 -fdata-sections -ffunction-sections -fstack-protector-strong -funwind-tables -no-canonical-prefixes  --sysroot /usr/local/lib/android/sdk/ndk/26.1.10909125/toolchains/llvm/prebuilt/linux-x86_64/sysroot -g -Wno-invalid-command-line-argument -Wno-unused-command-line-argument  -D_FORTIFY_SOURCE=2 -fno-exceptions -fno-rtti -fpic -O2 -DNDEBUG  -Iall_libs/Dobby -Iall_libs/Dobby/include -Iall_libs/Dobby/source -Iall_libs/Dobby/source/dobby -Iall_libs/Dobby/source/Backend/UserMode -Iall_libs/Dobby/external -Iall_libs/Dobby/external/logging -Iall_libs/Dobby/builtin-plugin -Iall_libs/Dobby/builtin-plugin/SymbolResolver -Iall_libs/Dobby -O2 -DNDEBUG -w -std=c++17 -fexceptions -frtti -O2 -DNDEBUG -w  -DANDROID -fvisibility=hidden -fexceptions -w -Wformat -Werror=format-security -std=c++11 -fvisibility=hidden -fexceptions -w -DDOBBY_LOGGING_DISABLE -DNearBranch -fexceptions  -c  all_libs/Dobby/source/Backend/UserMode/UnifiedInterface/platform-posix.cc -o /tmp/ndk-out/local/arm64-v8a/objs/dobby/source/Backend/UserMode/UnifiedInterface/platform-posix.o
build	Build .so with ndk-build	2026-10-09T16:53:23.4053452Z [arm64-v8a] Compile++      : dobby <= code-patch-tool-posix.cc
build	Build .so with ndk-build	2026-10-09T16:53:23.4054489Z rm -f /tmp/ndk-out/local/arm64-v8a/objs/dobby/source/Backend/UserMode/ExecMemory/code-patch-tool-posix.o
build	Build .so with ndk-build	2026-10-09T16:53:23.4068470Z /usr/local/lib/android/sdk/ndk/26.1.10909125/toolchains/llvm/prebuilt/linux-x86_64/bin/clang++ -MMD -MP -MF /tmp/ndk-out/local/arm64-v8a/objs/dobby/source/Backend/UserMode/ExecMemory/code-patch-tool-posix.o.d -target aarch64-none-linux-android24 -fdata-sections -ffunction-sections -fstack-protector-strong -funwind-tables -no-canonical-prefixes  --sysroot /usr/local/lib/android/sdk/ndk/26.1.10909125/toolchains/llvm/prebuilt/linux-x86_64/sysroot -g -Wno-invalid-command-line-argument -Wno-unused-command-line-argument  -D_FORTIFY_SOURCE=2 -fno-exceptions -fno-rtti -fpic -O2 -DNDEBUG  -Iall_libs/Dobby -Iall_libs/Dobby/include -Iall_libs/Dobby/source -Iall_libs/Dobby/source/dobby -Iall_libs/Dobby/source/Backend/UserMode -Iall_libs/Dobby/external -Iall_libs/Dobby/external/logging -Iall_libs/Dobby/builtin-plugin -Iall_libs/Dobby/builtin-plugin/SymbolResolver -Iall_libs/Dobby -O2 -DNDEBUG -w -std=c++17 -fexceptions -frtti -O2 -DNDEBUG -w  -DANDROID -fvisibility=hidden -fexceptions -w -Wformat -Werror=format-security -std=c++11 -fvisibility=hidden -fexceptions -w -DDOBBY_LOGGING_DISABLE -DNearBranch -fexceptions  -c  all_libs/Dobby/source/Backend/UserMode/ExecMemory/code-patch-tool-posix.cc -o /tmp/ndk-out/local/arm64-v8a/objs/dobby/source/Backend/UserMode/ExecMemory/code-patch-tool-posix.o
build	Build .so with ndk-build	2026-10-09T16:53:23.4494934Z [arm64-v8a] Compile        : dobby <= clear-cache-tool-all.c
build	Build .so with ndk-build	2026-10-09T16:53:23.4496386Z rm -f /tmp/ndk-out/local/arm64-v8a/objs/dobby/source/Backend/UserMode/ExecMemory/clear-cache-tool-all.o
build	Build .so with ndk-build	2026-10-09T16:53:23.4509826Z /usr/local/lib/android/sdk/ndk/26.1.10909125/toolchains/llvm/prebuilt/linux-x86_64/bin/clang -MMD -MP -MF /tmp/ndk-out/local/arm64-v8a/objs/dobby/source/Backend/UserMode/ExecMemory/clear-cache-tool-all.o.d -target aarch64-none-linux-android24 -fdata-sections -ffunction-sections -fstack-protector-strong -funwind-tables -no-canonical-prefixes  --sysroot /usr/local/lib/android/sdk/ndk/26.1.10909125/toolchains/llvm/prebuilt/linux-x86_64/sysroot -g -Wno-invalid-command-line-argument -Wno-unused-command-line-argument  -D_FORTIFY_SOURCE=2 -fpic -O2 -DNDEBUG  -Iall_libs/Dobby -Iall_libs/Dobby/include -Iall_libs/Dobby/source -Iall_libs/Dobby/source/dobby -Iall_libs/Dobby/source/Backend/UserMode -Iall_libs/Dobby/external -Iall_libs/Dobby/external/logging -Iall_libs/Dobby/builtin-plugin -Iall_libs/Dobby/builtin-plugin/SymbolResolver -Iall_libs/Dobby -O2 -DNDEBUG -w  -DANDROID -fvisibility=hidden -fexceptions -w -Wformat -Werror=format-security  -c  all_libs/Dobby/source/Backend/UserMode/ExecMemory/clear-cache-tool-all.c -o /tmp/ndk-out/local/arm64-v8a/objs/dobby/source/Backend/UserMode/ExecMemory/clear-cache-tool-all.o
build	Build .so with ndk-build	2026-10-09T16:53:23.4734529Z [arm64-v8a] Compile++      : dobby <= logging.cc
build	Build .so with ndk-build	2026-10-09T16:53:23.4736651Z rm -f /tmp/ndk-out/local/arm64-v8a/objs/dobby/external/logging/logging.o
build	Build .so with ndk-build	2026-10-09T16:53:23.4750409Z /usr/local/lib/android/sdk/ndk/26.1.10909125/toolchains/llvm/prebuilt/linux-x86_64/bin/clang++ -MMD -MP -MF /tmp/ndk-out/local/arm64-v8a/objs/dobby/external/logging/logging.o.d -target aarch64-none-linux-android24 -fdata-sections -ffunction-sections -fstack-protector-strong -funwind-tables -no-canonical-prefixes  --sysroot /usr/local/lib/android/sdk/ndk/26.1.10909125/toolchains/llvm/prebuilt/linux-x86_64/sysroot -g -Wno-invalid-command-line-argument -Wno-unused-command-line-argument  -D_FORTIFY_SOURCE=2 -fno-exceptions -fno-rtti -fpic -O2 -DNDEBUG  -Iall_libs/Dobby -Iall_libs/Dobby/include -Iall_libs/Dobby/source -Iall_libs/Dobby/source/dobby -Iall_libs/Dobby/source/Backend/UserMode -Iall_libs/Dobby/external -Iall_libs/Dobby/external/logging -Iall_libs/Dobby/builtin-plugin -Iall_libs/Dobby/builtin-plugin/SymbolResolver -Iall_libs/Dobby -O2 -DNDEBUG -w -std=c++17 -fexceptions -frtti -O2 -DNDEBUG -w  -DANDROID -fvisibility=hidden -fexceptions -w -Wformat -Werror=format-security -std=c++11 -fvisibility=hidden -fexceptions -w -DDOBBY_LOGGING_DISABLE -DNearBranch -fexceptions  -c  all_libs/Dobby/external/logging/logging.cc -o /tmp/ndk-out/local/arm64-v8a/objs/dobby/external/logging/logging.o
build	Build .so with ndk-build	2026-10-09T16:53:23.5236244Z [arm64-v8a] Compile++      : dobby <= dobby.cpp
build	Build .so with ndk-build	2026-10-09T16:53:23.5237736Z rm -f /tmp/ndk-out/local/arm64-v8a/objs/dobby/source/dobby.o
build	Build .so with ndk-build	2026-10-09T16:53:23.5252384Z /usr/local/lib/android/sdk/ndk/26.1.10909125/toolchains/llvm/prebuilt/linux-x86_64/bin/clang++ -MMD -MP -MF /tmp/ndk-out/local/arm64-v8a/objs/dobby/source/dobby.o.d -target aarch64-none-linux-android24 -fdata-sections -ffunction-sections -fstack-protector-strong -funwind-tables -no-canonical-prefixes  --sysroot /usr/local/lib/android/sdk/ndk/26.1.10909125/toolchains/llvm/prebuilt/linux-x86_64/sysroot -g -Wno-invalid-command-line-argument -Wno-unused-command-line-argument  -D_FORTIFY_SOURCE=2 -fno-exceptions -fno-rtti -fpic -O2 -DNDEBUG  -Iall_libs/Dobby -Iall_libs/Dobby/include -Iall_libs/Dobby/source -Iall_libs/Dobby/source/dobby -Iall_libs/Dobby/source/Backend/UserMode -Iall_libs/Dobby/external -Iall_libs/Dobby/external/logging -Iall_libs/Dobby/builtin-plugin -Iall_libs/Dobby/builtin-plugin/SymbolResolver -Iall_libs/Dobby -O2 -DNDEBUG -w -std=c++17 -fexceptions -frtti -O2 -DNDEBUG -w  -DANDROID -fvisibility=hidden -fexceptions -w -Wformat -Werror=format-security -std=c++11 -fvisibility=hidden -fexceptions -w -DDOBBY_LOGGING_DISABLE -DNearBranch -fexceptions  -c  all_libs/Dobby/source/dobby.cpp -o /tmp/ndk-out/local/arm64-v8a/objs/dobby/source/dobby.o
build	Build .so with ndk-build	2026-10-09T16:53:23.5661648Z [arm64-v8a] Compile++      : dobby <= Interceptor.cpp
build	Build .so with ndk-build	2026-10-09T16:53:23.5662680Z rm -f /tmp/ndk-out/local/arm64-v8a/objs/dobby/source/Interceptor.o
build	Build .so with ndk-build	2026-10-09T16:53:23.5676562Z /usr/local/lib/android/sdk/ndk/26.1.10909125/toolchains/llvm/prebuilt/linux-x86_64/bin/clang++ -MMD -MP -MF /tmp/ndk-out/local/arm64-v8a/objs/dobby/source/Interceptor.o.d -target aarch64-none-linux-android24 -fdata-sections -ffunction-sections -fstack-protector-strong -funwind-tables -no-canonical-prefixes  --sysroot /usr/local/lib/android/sdk/ndk/26.1.10909125/toolchains/llvm/prebuilt/linux-x86_64/sysroot -g -Wno-invalid-command-line-argument -Wno-unused-command-line-argument  -D_FORTIFY_SOURCE=2 -fno-exceptions -fno-rtti -fpic -O2 -DNDEBUG  -Iall_libs/Dobby -Iall_libs/Dobby/include -Iall_libs/Dobby/source -Iall_libs/Dobby/source/dobby -Iall_libs/Dobby/source/Backend/UserMode -Iall_libs/Dobby/external -Iall_libs/Dobby/external/logging -Iall_libs/Dobby/builtin-plugin -Iall_libs/Dobby/builtin-plugin/SymbolResolver -Iall_libs/Dobby -O2 -DNDEBUG -w -std=c++17 -fexceptions -frtti -O2 -DNDEBUG -w  -DANDROID -fvisibility=hidden -fexceptions -w -Wformat -Werror=format-security -std=c++11 -fvisibility=hidden -fexceptions -w -DDOBBY_LOGGING_DISABLE -DNearBranch -fexceptions  -c  all_libs/Dobby/source/Interceptor.cpp -o /tmp/ndk-out/local/arm64-v8a/objs/dobby/source/Interceptor.o
build	Build .so with ndk-build	2026-10-09T16:53:23.6506155Z [arm64-v8a] Compile++      : dobby <= InterceptEntry.cpp
build	Build .so with ndk-build	2026-10-09T16:53:23.6507202Z rm -f /tmp/ndk-out/local/arm64-v8a/objs/dobby/source/InterceptEntry.o
build	Build .so with ndk-build	2026-10-09T16:53:23.6523192Z /usr/local/lib/android/sdk/ndk/26.1.10909125/toolchains/llvm/prebuilt/linux-x86_64/bin/clang++ -MMD -MP -MF /tmp/ndk-out/local/arm64-v8a/objs/dobby/source/InterceptEntry.o.d -target aarch64-none-linux-android24 -fdata-sections -ffunction-sections -fstack-protector-strong -funwind-tables -no-canonical-prefixes  --sysroot /usr/local/lib/android/sdk/ndk/26.1.10909125/toolchains/llvm/prebuilt/linux-x86_64/sysroot -g -Wno-invalid-command-line-argument -Wno-unused-command-line-argument  -D_FORTIFY_SOURCE=2 -fno-exceptions -fno-rtti -fpic -O2 -DNDEBUG  -Iall_libs/Dobby -Iall_libs/Dobby/include -Iall_libs/Dobby/source -Iall_libs/Dobby/source/dobby -Iall_libs/Dobby/source/Backend/UserMode -Iall_libs/Dobby/external -Iall_libs/Dobby/external/logging -Iall_libs/Dobby/builtin-plugin -Iall_libs/Dobby/builtin-plugin/SymbolResolver -Iall_libs/Dobby -O2 -DNDEBUG -w -std=c++17 -fexceptions -frtti -O2 -DNDEBUG -w  -DANDROID -fvisibility=hidden -fexceptions -w -Wformat -Werror=format-security -std=c++11 -fvisibility=hidden -fexceptions -w -DDOBBY_LOGGING_DISABLE -DNearBranch -fexceptions  -c  all_libs/Dobby/source/InterceptEntry.cpp -o /tmp/ndk-out/local/arm64-v8a/objs/dobby/source/InterceptEntry.o
build	Build .so with ndk-build	2026-10-09T16:53:23.6944323Z [arm64-v8a] Compile++      : dobby <= dobby_symbol_resolver.cc
build	Build .so with ndk-build	2026-10-09T16:53:23.6945548Z rm -f /tmp/ndk-out/local/arm64-v8a/objs/dobby/builtin-plugin/SymbolResolver/elf/dobby_symbol_resolver.o
build	Build .so with ndk-build	2026-10-09T16:53:23.6959171Z /usr/local/lib/android/sdk/ndk/26.1.10909125/toolchains/llvm/prebuilt/linux-x86_64/bin/clang++ -MMD -MP -MF /tmp/ndk-out/local/arm64-v8a/objs/dobby/builtin-plugin/SymbolResolver/elf/dobby_symbol_resolver.o.d -target aarch64-none-linux-android24 -fdata-sections -ffunction-sections -fstack-protector-strong -funwind-tables -no-canonical-prefixes  --sysroot /usr/local/lib/android/sdk/ndk/26.1.10909125/toolchains/llvm/prebuilt/linux-x86_64/sysroot -g -Wno-invalid-command-line-argument -Wno-unused-command-line-argument  -D_FORTIFY_SOURCE=2 -fno-exceptions -fno-rtti -fpic -O2 -DNDEBUG  -Iall_libs/Dobby -Iall_libs/Dobby/include -Iall_libs/Dobby/source -Iall_libs/Dobby/source/dobby -Iall_libs/Dobby/source/Backend/UserMode -Iall_libs/Dobby/external -Iall_libs/Dobby/external/logging -Iall_libs/Dobby/builtin-plugin -Iall_libs/Dobby/builtin-plugin/SymbolResolver -Iall_libs/Dobby -O2 -DNDEBUG -w -std=c++17 -fexceptions -frtti -O2 -DNDEBUG -w  -DANDROID -fvisibility=hidden -fexceptions -w -Wformat -Werror=format-security -std=c++11 -fvisibility=hidden -fexceptions -w -DDOBBY_LOGGING_DISABLE -DNearBranch -fexceptions  -c  all_libs/Dobby/builtin-plugin/SymbolResolver/elf/dobby_symbol_resolver.cc -o /tmp/ndk-out/local/arm64-v8a/objs/dobby/builtin-plugin/SymbolResolver/elf/dobby_symbol_resolver.o
build	Build .so with ndk-build	2026-10-09T16:53:24.0402187Z [arm64-v8a] StaticLibrary  : libdobby.a
build	Build .so with ndk-build	2026-10-09T16:53:24.0402888Z rm -f /tmp/ndk-out/local/arm64-v8a/libdobby.a
build	Build .so with ndk-build	2026-10-09T16:53:24.0434454Z /usr/local/lib/android/sdk/ndk/26.1.10909125/toolchains/llvm/prebuilt/linux-x86_64/bin/llvm-ar crsDT  /tmp/ndk-out/local/arm64-v8a/libdobby.a /tmp/ndk-out/local/arm64-v8a/objs/dobby/source/core/arch/CpuFeature.o /tmp/ndk-out/local/arm64-v8a/objs/dobby/source/core/arch/CpuRegister.o /tmp/ndk-out/local/arm64-v8a/objs/dobby/source/core/assembler/assembler.o /tmp/ndk-out/local/arm64-v8a/objs/dobby/source/core/assembler/assembler-arm64.o /tmp/ndk-out/local/arm64-v8a/objs/dobby/source/core/codegen/codegen-arm64.o /tmp/ndk-out/local/arm64-v8a/objs/dobby/source/MemoryAllocator/CodeBuffer/CodeBufferBase.o /tmp/ndk-out/local/arm64-v8a/objs/dobby/source/MemoryAllocator/AssemblyCodeBuilder.o /tmp/ndk-out/local/arm64-v8a/objs/dobby/source/MemoryAllocator/MemoryAllocator.o /tmp/ndk-out/local/arm64-v8a/objs/dobby/source/MemoryAllocator/NearMemoryAllocator.o /tmp/ndk-out/local/arm64-v8a/objs/dobby/source/InstructionRelocation/arm64/InstructionRelocationARM64.o /tmp/ndk-out/local/arm64-v8a/objs/dobby/source/InterceptRouting/InterceptRouting.o /tmp/ndk-out/local/arm64-v8a/objs/dobby/source/InterceptRouting/RoutingPlugin/RoutingPlugin.o /tmp/ndk-out/local/arm64-v8a/objs/dobby/source/InterceptRouting/Routing/InstructionInstrument/InstructionInstrument.o /tmp/ndk-out/local/arm64-v8a/objs/dobby/source/InterceptRouting/Routing/InstructionInstrument/RoutingImpl.o /tmp/ndk-out/local/arm64-v8a/objs/dobby/source/InterceptRouting/Routing/InstructionInstrument/instrument_routing_handler.o /tmp/ndk-out/local/arm64-v8a/objs/dobby/source/InterceptRouting/Routing/FunctionInlineHook/FunctionInlineHook.o /tmp/ndk-out/local/arm64-v8a/objs/dobby/source/InterceptRouting/Routing/FunctionInlineHook/RoutingImpl.o /tmp/ndk-out/local/arm64-v8a/objs/dobby/source/InterceptRouting/RoutingPlugin/NearBranchTrampoline/NearBranchTrampoline.o /tmp/ndk-out/local/arm64-v8a/objs/dobby/source/InterceptRouting/RoutingPlugin/NearBranchTrampoline/near_trampoline_arm64.o /tmp/ndk-out/local/arm64-v8a/objs/dobby/source/TrampolineBridge/Trampoline/arm64/trampoline_arm64.o /tmp/ndk-out/local/arm64-v8a/objs/dobby/source/TrampolineBridge/ClosureTrampolineBridge/common_bridge_handler.o /tmp/ndk-out/local/arm64-v8a/objs/dobby/source/TrampolineBridge/ClosureTrampolineBridge/arm64/helper_arm64.o /tmp/ndk-out/local/arm64-v8a/objs/dobby/source/TrampolineBridge/ClosureTrampolineBridge/arm64/closure_bridge_arm64.o /tmp/ndk-out/local/arm64-v8a/objs/dobby/source/TrampolineBridge/ClosureTrampolineBridge/arm64/ClosureTrampolineARM64.o /tmp/ndk-out/local/arm64-v8a/objs/dobby/source/Backend/UserMode/PlatformUtil/Linux/ProcessRuntimeUtility.o /tmp/ndk-out/local/arm64-v8a/objs/dobby/source/Backend/UserMode/UnifiedInterface/platform-posix.o /tmp/ndk-out/local/arm64-v8a/objs/dobby/source/Backend/UserMode/ExecMemory/code-patch-tool-posix.o /tmp/ndk-out/local/arm64-v8a/objs/dobby/source/Backend/UserMode/ExecMemory/clear-cache-tool-all.o /tmp/ndk-out/local/arm64-v8a/objs/dobby/external/logging/logging.o /tmp/ndk-out/local/arm64-v8a/objs/dobby/source/dobby.o /tmp/ndk-out/local/arm64-v8a/objs/dobby/source/Interceptor.o /tmp/ndk-out/local/arm64-v8a/objs/dobby/source/InterceptEntry.o /tmp/ndk-out/local/arm64-v8a/objs/dobby/builtin-plugin/SymbolResolver/elf/dobby_symbol_resolver.o
build	Build .so with ndk-build	2026-10-09T16:53:24.0494935Z [arm64-v8a] Compile++      : kitty_memory <= KittyMemory.cpp
build	Build .so with ndk-build	2026-10-09T16:53:24.0496197Z rm -f /tmp/ndk-out/local/arm64-v8a/objs/kitty_memory/KittyMemory/KittyMemory.o
build	Build .so with ndk-build	2026-10-09T16:53:24.0509433Z /usr/local/lib/android/sdk/ndk/26.1.10909125/toolchains/llvm/prebuilt/linux-x86_64/bin/clang++ -MMD -MP -MF /tmp/ndk-out/local/arm64-v8a/objs/kitty_memory/KittyMemory/KittyMemory.o.d -target aarch64-none-linux-android24 -fdata-sections -ffunction-sections -fstack-protector-strong -funwind-tables -no-canonical-prefixes  --sysroot /usr/local/lib/android/sdk/ndk/26.1.10909125/toolchains/llvm/prebuilt/linux-x86_64/sysroot -g -Wno-invalid-command-line-argument -Wno-unused-command-line-argument  -D_FORTIFY_SOURCE=2 -fno-exceptions -fno-rtti -fpic -O2 -DNDEBUG  -Iall_libs/KittyMemory/KittyMemory -Iall_libs/KittyMemory/KittyMemory/Deps/Keystone/includes -Iall_libs/KittyMemory/KittyMemory/Deps/Keystone/includes -Iall_libs/KittyMemory -O2 -DNDEBUG -w -std=c++17 -fexceptions -frtti -O2 -DNDEBUG -w  -DANDROID  -Wformat -Werror=format-security -w -std=c++17 -fexceptions -frtti -O2 -DNDEBUG -frtti -fexceptions  -c  all_libs/KittyMemory/KittyMemory/KittyMemory.cpp -o /tmp/ndk-out/local/arm64-v8a/objs/kitty_memory/KittyMemory/KittyMemory.o
build	Build .so with ndk-build	2026-10-09T16:53:25.2962071Z [arm64-v8a] Compile++      : kitty_memory <= MemoryPatch.cpp
build	Build .so with ndk-build	2026-10-09T16:53:25.2963377Z rm -f /tmp/ndk-out/local/arm64-v8a/objs/kitty_memory/KittyMemory/MemoryPatch.o
build	Build .so with ndk-build	2026-10-09T16:53:25.2976780Z /usr/local/lib/android/sdk/ndk/26.1.10909125/toolchains/llvm/prebuilt/linux-x86_64/bin/clang++ -MMD -MP -MF /tmp/ndk-out/local/arm64-v8a/objs/kitty_memory/KittyMemory/MemoryPatch.o.d -target aarch64-none-linux-android24 -fdata-sections -ffunction-sections -fstack-protector-strong -funwind-tables -no-canonical-prefixes  --sysroot /usr/local/lib/android/sdk/ndk/26.1.10909125/toolchains/llvm/prebuilt/linux-x86_64/sysroot -g -Wno-invalid-command-line-argument -Wno-unused-command-line-argument  -D_FORTIFY_SOURCE=2 -fno-exceptions -fno-rtti -fpic -O2 -DNDEBUG  -Iall_libs/KittyMemory/KittyMemory -Iall_libs/KittyMemory/KittyMemory/Deps/Keystone/includes -Iall_libs/KittyMemory/KittyMemory/Deps/Keystone/includes -Iall_libs/KittyMemory -O2 -DNDEBUG -w -std=c++17 -fexceptions -frtti -O2 -DNDEBUG -w  -DANDROID  -Wformat -Werror=format-security -w -std=c++17 -fexceptions -frtti -O2 -DNDEBUG -frtti -fexceptions  -c  all_libs/KittyMemory/KittyMemory/MemoryPatch.cpp -o /tmp/ndk-out/local/arm64-v8a/objs/kitty_memory/KittyMemory/MemoryPatch.o
build	Build .so with ndk-build	2026-10-09T16:53:25.9403852Z [arm64-v8a] Compile++      : kitty_memory <= MemoryBackup.cpp
build	Build .so with ndk-build	2026-10-09T16:53:25.9404858Z rm -f /tmp/ndk-out/local/arm64-v8a/objs/kitty_memory/KittyMemory/MemoryBackup.o
build	Build .so with ndk-build	2026-10-09T16:53:25.9417997Z /usr/local/lib/android/sdk/ndk/26.1.10909125/toolchains/llvm/prebuilt/linux-x86_64/bin/clang++ -MMD -MP -MF /tmp/ndk-out/local/arm64-v8a/objs/kitty_memory/KittyMemory/MemoryBackup.o.d -target aarch64-none-linux-android24 -fdata-sections -ffunction-sections -fstack-protector-strong -funwind-tables -no-canonical-prefixes  --sysroot /usr/local/lib/android/sdk/ndk/26.1.10909125/toolchains/llvm/prebuilt/linux-x86_64/sysroot -g -Wno-invalid-command-line-argument -Wno-unused-command-line-argument  -D_FORTIFY_SOURCE=2 -fno-exceptions -fno-rtti -fpic -O2 -DNDEBUG  -Iall_libs/KittyMemory/KittyMemory -Iall_libs/KittyMemory/KittyMemory/Deps/Keystone/includes -Iall_libs/KittyMemory/KittyMemory/Deps/Keystone/includes -Iall_libs/KittyMemory -O2 -DNDEBUG -w -std=c++17 -fexceptions -frtti -O2 -DNDEBUG -w  -DANDROID  -Wformat -Werror=format-security -w -std=c++17 -fexceptions -frtti -O2 -DNDEBUG -frtti -fexceptions  -c  all_libs/KittyMemory/KittyMemory/MemoryBackup.cpp -o /tmp/ndk-out/local/arm64-v8a/objs/kitty_memory/KittyMemory/MemoryBackup.o
build	Build .so with ndk-build	2026-10-09T16:53:26.5379578Z [arm64-v8a] Compile++      : kitty_memory <= KittyUtils.cpp
build	Build .so with ndk-build	2026-10-09T16:53:26.5380717Z rm -f /tmp/ndk-out/local/arm64-v8a/objs/kitty_memory/KittyMemory/KittyUtils.o
build	Build .so with ndk-build	2026-10-09T16:53:26.5393509Z /usr/local/lib/android/sdk/ndk/26.1.10909125/toolchains/llvm/prebuilt/linux-x86_64/bin/clang++ -MMD -MP -MF /tmp/ndk-out/local/arm64-v8a/objs/kitty_memory/KittyMemory/KittyUtils.o.d -target aarch64-none-linux-android24 -fdata-sections -ffunction-sections -fstack-protector-strong -funwind-tables -no-canonical-prefixes  --sysroot /usr/local/lib/android/sdk/ndk/26.1.10909125/toolchains/llvm/prebuilt/linux-x86_64/sysroot -g -Wno-invalid-command-line-argument -Wno-unused-command-line-argument  -D_FORTIFY_SOURCE=2 -fno-exceptions -fno-rtti -fpic -O2 -DNDEBUG  -Iall_libs/KittyMemory/KittyMemory -Iall_libs/KittyMemory/KittyMemory/Deps/Keystone/includes -Iall_libs/KittyMemory/KittyMemory/Deps/Keystone/includes -Iall_libs/KittyMemory -O2 -DNDEBUG -w -std=c++17 -fexceptions -frtti -O2 -DNDEBUG -w  -DANDROID  -Wformat -Werror=format-security -w -std=c++17 -fexceptions -frtti -O2 -DNDEBUG -frtti -fexceptions  -c  all_libs/KittyMemory/KittyMemory/KittyUtils.cpp -o /tmp/ndk-out/local/arm64-v8a/objs/kitty_memory/KittyMemory/KittyUtils.o
build	Build .so with ndk-build	2026-10-09T16:53:27.4980195Z [arm64-v8a] Compile++      : kitty_memory <= KittyScanner.cpp
build	Build .so with ndk-build	2026-10-09T16:53:27.4981286Z rm -f /tmp/ndk-out/local/arm64-v8a/objs/kitty_memory/KittyMemory/KittyScanner.o
build	Build .so with ndk-build	2026-10-09T16:53:27.4996125Z /usr/local/lib/android/sdk/ndk/26.1.10909125/toolchains/llvm/prebuilt/linux-x86_64/bin/clang++ -MMD -MP -MF /tmp/ndk-out/local/arm64-v8a/objs/kitty_memory/KittyMemory/KittyScanner.o.d -target aarch64-none-linux-android24 -fdata-sections -ffunction-sections -fstack-protector-strong -funwind-tables -no-canonical-prefixes  --sysroot /usr/local/lib/android/sdk/ndk/26.1.10909125/toolchains/llvm/prebuilt/linux-x86_64/sysroot -g -Wno-invalid-command-line-argument -Wno-unused-command-line-argument  -D_FORTIFY_SOURCE=2 -fno-exceptions -fno-rtti -fpic -O2 -DNDEBUG  -Iall_libs/KittyMemory/KittyMemory -Iall_libs/KittyMemory/KittyMemory/Deps/Keystone/includes -Iall_libs/KittyMemory/KittyMemory/Deps/Keystone/includes -Iall_libs/KittyMemory -O2 -DNDEBUG -w -std=c++17 -fexceptions -frtti -O2 -DNDEBUG -w  -DANDROID  -Wformat -Werror=format-security -w -std=c++17 -fexceptions -frtti -O2 -DNDEBUG -frtti -fexceptions  -c  all_libs/KittyMemory/KittyMemory/KittyScanner.cpp -o /tmp/ndk-out/local/arm64-v8a/objs/kitty_memory/KittyMemory/KittyScanner.o
build	Build .so with ndk-build	2026-10-09T16:53:30.0477278Z [arm64-v8a] Compile++      : kitty_memory <= KittyPtrValidator.cpp
build	Build .so with ndk-build	2026-10-09T16:53:30.0479808Z rm -f /tmp/ndk-out/local/arm64-v8a/objs/kitty_memory/KittyMemory/KittyPtrValidator.o
build	Build .so with ndk-build	2026-10-09T16:53:30.0492440Z /usr/local/lib/android/sdk/ndk/26.1.10909125/toolchains/llvm/prebuilt/linux-x86_64/bin/clang++ -MMD -MP -MF /tmp/ndk-out/local/arm64-v8a/objs/kitty_memory/KittyMemory/KittyPtrValidator.o.d -target aarch64-none-linux-android24 -fdata-sections -ffunction-sections -fstack-protector-strong -funwind-tables -no-canonical-prefixes  --sysroot /usr/local/lib/android/sdk/ndk/26.1.10909125/toolchains/llvm/prebuilt/linux-x86_64/sysroot -g -Wno-invalid-command-line-argument -Wno-unused-command-line-argument  -D_FORTIFY_SOURCE=2 -fno-exceptions -fno-rtti -fpic -O2 -DNDEBUG  -Iall_libs/KittyMemory/KittyMemory -Iall_libs/KittyMemory/KittyMemory/Deps/Keystone/includes -Iall_libs/KittyMemory/KittyMemory/Deps/Keystone/includes -Iall_libs/KittyMemory -O2 -DNDEBUG -w -std=c++17 -fexceptions -frtti -O2 -DNDEBUG -w  -DANDROID  -Wformat -Werror=format-security -w -std=c++17 -fexceptions -frtti -O2 -DNDEBUG -frtti -fexceptions  -c  all_libs/KittyMemory/KittyMemory/KittyPtrValidator.cpp -o /tmp/ndk-out/local/arm64-v8a/objs/kitty_memory/KittyMemory/KittyPtrValidator.o
build	Build .so with ndk-build	2026-10-09T16:53:30.7913836Z [arm64-v8a] Compile++      : kitty_memory <= KittyIOFile.cpp
build	Build .so with ndk-build	2026-10-09T16:53:30.7914747Z rm -f /tmp/ndk-out/local/arm64-v8a/objs/kitty_memory/KittyMemory/KittyIOFile.o
build	Build .so with ndk-build	2026-10-09T16:53:30.7930249Z /usr/local/lib/android/sdk/ndk/26.1.10909125/toolchains/llvm/prebuilt/linux-x86_64/bin/clang++ -MMD -MP -MF /tmp/ndk-out/local/arm64-v8a/objs/kitty_memory/KittyMemory/KittyIOFile.o.d -target aarch64-none-linux-android24 -fdata-sections -ffunction-sections -fstack-protector-strong -funwind-tables -no-canonical-prefixes  --sysroot /usr/local/lib/android/sdk/ndk/26.1.10909125/toolchains/llvm/prebuilt/linux-x86_64/sysroot -g -Wno-invalid-command-line-argument -Wno-unused-command-line-argument  -D_FORTIFY_SOURCE=2 -fno-exceptions -fno-rtti -fpic -O2 -DNDEBUG  -Iall_libs/KittyMemory/KittyMemory -Iall_libs/KittyMemory/KittyMemory/Deps/Keystone/includes -Iall_libs/KittyMemory/KittyMemory/Deps/Keystone/includes -Iall_libs/KittyMemory -O2 -DNDEBUG -w -std=c++17 -fexceptions -frtti -O2 -DNDEBUG -w  -DANDROID  -Wformat -Werror=format-security -w -std=c++17 -fexceptions -frtti -O2 -DNDEBUG -frtti -fexceptions  -c  all_libs/KittyMemory/KittyMemory/KittyIOFile.cpp -o /tmp/ndk-out/local/arm64-v8a/objs/kitty_memory/KittyMemory/KittyIOFile.o
build	Build .so with ndk-build	2026-10-09T16:53:31.5214456Z [arm64-v8a] Compile++      : kitty_memory <= KittyAsm.cpp
build	Build .so with ndk-build	2026-10-09T16:53:31.5215345Z rm -f /tmp/ndk-out/local/arm64-v8a/objs/kitty_memory/KittyMemory/KittyAsm.o
build	Build .so with ndk-build	2026-10-09T16:53:31.5228708Z /usr/local/lib/android/sdk/ndk/26.1.10909125/toolchains/llvm/prebuilt/linux-x86_64/bin/clang++ -MMD -MP -MF /tmp/ndk-out/local/arm64-v8a/objs/kitty_memory/KittyMemory/KittyAsm.o.d -target aarch64-none-linux-android24 -fdata-sections -ffunction-sections -fstack-protector-strong -funwind-tables -no-canonical-prefixes  --sysroot /usr/local/lib/android/sdk/ndk/26.1.10909125/toolchains/llvm/prebuilt/linux-x86_64/sysroot -g -Wno-invalid-command-line-argument -Wno-unused-command-line-argument  -D_FORTIFY_SOURCE=2 -fno-exceptions -fno-rtti -fpic -O2 -DNDEBUG  -Iall_libs/KittyMemory/KittyMemory -Iall_libs/KittyMemory/KittyMemory/Deps/Keystone/includes -Iall_libs/KittyMemory/KittyMemory/Deps/Keystone/includes -Iall_libs/KittyMemory -O2 -DNDEBUG -w -std=c++17 -fexceptions -frtti -O2 -DNDEBUG -w  -DANDROID  -Wformat -Werror=format-security -w -std=c++17 -fexceptions -frtti -O2 -DNDEBUG -frtti -fexceptions  -c  all_libs/KittyMemory/KittyMemory/KittyAsm.cpp -o /tmp/ndk-out/local/arm64-v8a/objs/kitty_memory/KittyMemory/KittyAsm.o
build	Build .so with ndk-build	2026-10-09T16:53:32.3122429Z [arm64-v8a] StaticLibrary  : libkitty_memory.a
build	Build .so with ndk-build	2026-10-09T16:53:32.3123063Z rm -f /tmp/ndk-out/local/arm64-v8a/libkitty_memory.a
build	Build .so with ndk-build	2026-10-09T16:53:32.3137422Z /usr/local/lib/android/sdk/ndk/26.1.10909125/toolchains/llvm/prebuilt/linux-x86_64/bin/llvm-ar crsDT  /tmp/ndk-out/local/arm64-v8a/libkitty_memory.a /tmp/ndk-out/local/arm64-v8a/objs/kitty_memory/KittyMemory/KittyMemory.o /tmp/ndk-out/local/arm64-v8a/objs/kitty_memory/KittyMemory/MemoryPatch.o /tmp/ndk-out/local/arm64-v8a/objs/kitty_memory/KittyMemory/MemoryBackup.o /tmp/ndk-out/local/arm64-v8a/objs/kitty_memory/KittyMemory/KittyUtils.o /tmp/ndk-out/local/arm64-v8a/objs/kitty_memory/KittyMemory/KittyScanner.o /tmp/ndk-out/local/arm64-v8a/objs/kitty_memory/KittyMemory/KittyPtrValidator.o /tmp/ndk-out/local/arm64-v8a/objs/kitty_memory/KittyMemory/KittyIOFile.o /tmp/ndk-out/local/arm64-v8a/objs/kitty_memory/KittyMemory/KittyAsm.o
build	Build .so with ndk-build	2026-10-09T16:53:32.3203108Z [arm64-v8a] Compile        : xdl <= xdl.c
build	Build .so with ndk-build	2026-10-09T16:53:32.3204068Z rm -f /tmp/ndk-out/local/arm64-v8a/objs/xdl/xdl.o
build	Build .so with ndk-build	2026-10-09T16:53:32.3217957Z /usr/local/lib/android/sdk/ndk/26.1.10909125/toolchains/llvm/prebuilt/linux-x86_64/bin/clang -MMD -MP -MF /tmp/ndk-out/local/arm64-v8a/objs/xdl/xdl.o.d -target aarch64-none-linux-android24 -fdata-sections -ffunction-sections -fstack-protector-strong -funwind-tables -no-canonical-prefixes  --sysroot /usr/local/lib/android/sdk/ndk/26.1.10909125/toolchains/llvm/prebuilt/linux-x86_64/sysroot -g -Wno-invalid-command-line-argument -Wno-unused-command-line-argument  -D_FORTIFY_SOURCE=2 -fpic -O2 -DNDEBUG  -Iall_libs/XDL -Iall_libs/XDL/include -Iall_libs/XDL -O2 -DNDEBUG -w  -DANDROID -w -O2 -std=c17 -Wformat -Werror=format-security  -c  all_libs/XDL/xdl.c -o /tmp/ndk-out/local/arm64-v8a/objs/xdl/xdl.o
build	Build .so with ndk-build	2026-10-09T16:53:32.4784557Z [arm64-v8a] Compile        : xdl <= xdl_iterate.c
build	Build .so with ndk-build	2026-10-09T16:53:32.4785286Z rm -f /tmp/ndk-out/local/arm64-v8a/objs/xdl/xdl_iterate.o
build	Build .so with ndk-build	2026-10-09T16:53:32.4799367Z /usr/local/lib/android/sdk/ndk/26.1.10909125/toolchains/llvm/prebuilt/linux-x86_64/bin/clang -MMD -MP -MF /tmp/ndk-out/local/arm64-v8a/objs/xdl/xdl_iterate.o.d -target aarch64-none-linux-android24 -fdata-sections -ffunction-sections -fstack-protector-strong -funwind-tables -no-canonical-prefixes  --sysroot /usr/local/lib/android/sdk/ndk/26.1.10909125/toolchains/llvm/prebuilt/linux-x86_64/sysroot -g -Wno-invalid-command-line-argument -Wno-unused-command-line-argument  -D_FORTIFY_SOURCE=2 -fpic -O2 -DNDEBUG  -Iall_libs/XDL -Iall_libs/XDL/include -Iall_libs/XDL -O2 -DNDEBUG -w  -DANDROID -w -O2 -std=c17 -Wformat -Werror=format-security  -c  all_libs/XDL/xdl_iterate.c -o /tmp/ndk-out/local/arm64-v8a/objs/xdl/xdl_iterate.o
build	Build .so with ndk-build	2026-10-09T16:53:32.5277716Z [arm64-v8a] Compile        : xdl <= xdl_linker.c
build	Build .so with ndk-build	2026-10-09T16:53:32.5278958Z rm -f /tmp/ndk-out/local/arm64-v8a/objs/xdl/xdl_linker.o
build	Build .so with ndk-build	2026-10-09T16:53:32.5292437Z /usr/local/lib/android/sdk/ndk/26.1.10909125/toolchains/llvm/prebuilt/linux-x86_64/bin/clang -MMD -MP -MF /tmp/ndk-out/local/arm64-v8a/objs/xdl/xdl_linker.o.d -target aarch64-none-linux-android24 -fdata-sections -ffunction-sections -fstack-protector-strong -funwind-tables -no-canonical-prefixes  --sysroot /usr/local/lib/android/sdk/ndk/26.1.10909125/toolchains/llvm/prebuilt/linux-x86_64/sysroot -g -Wno-invalid-command-line-argument -Wno-unused-command-line-argument  -D_FORTIFY_SOURCE=2 -fpic -O2 -DNDEBUG  -Iall_libs/XDL -Iall_libs/XDL/include -Iall_libs/XDL -O2 -DNDEBUG -w  -DANDROID -w -O2 -std=c17 -Wformat -Werror=format-security  -c  all_libs/XDL/xdl_linker.c -o /tmp/ndk-out/local/arm64-v8a/objs/xdl/xdl_linker.o
build	Build .so with ndk-build	2026-10-09T16:53:32.5717627Z [arm64-v8a] Compile        : xdl <= xdl_lzma.c
build	Build .so with ndk-build	2026-10-09T16:53:32.5718180Z rm -f /tmp/ndk-out/local/arm64-v8a/objs/xdl/xdl_lzma.o
build	Build .so with ndk-build	2026-10-09T16:53:32.5732628Z /usr/local/lib/android/sdk/ndk/26.1.10909125/toolchains/llvm/prebuilt/linux-x86_64/bin/clang -MMD -MP -MF /tmp/ndk-out/local/arm64-v8a/objs/xdl/xdl_lzma.o.d -target aarch64-none-linux-android24 -fdata-sections -ffunction-sections -fstack-protector-strong -funwind-tables -no-canonical-prefixes  --sysroot /usr/local/lib/android/sdk/ndk/26.1.10909125/toolchains/llvm/prebuilt/linux-x86_64/sysroot -g -Wno-invalid-command-line-argument -Wno-unused-command-line-argument  -D_FORTIFY_SOURCE=2 -fpic -O2 -DNDEBUG  -Iall_libs/XDL -Iall_libs/XDL/include -Iall_libs/XDL -O2 -DNDEBUG -w  -DANDROID -w -O2 -std=c17 -Wformat -Werror=format-security  -c  all_libs/XDL/xdl_lzma.c -o /tmp/ndk-out/local/arm64-v8a/objs/xdl/xdl_lzma.o
build	Build .so with ndk-build	2026-10-09T16:53:32.6117819Z [arm64-v8a] Compile        : xdl <= xdl_util.c
build	Build .so with ndk-build	2026-10-09T16:53:32.6118400Z rm -f /tmp/ndk-out/local/arm64-v8a/objs/xdl/xdl_util.o
build	Build .so with ndk-build	2026-10-09T16:53:32.6132689Z /usr/local/lib/android/sdk/ndk/26.1.10909125/toolchains/llvm/prebuilt/linux-x86_64/bin/clang -MMD -MP -MF /tmp/ndk-out/local/arm64-v8a/objs/xdl/xdl_util.o.d -target aarch64-none-linux-android24 -fdata-sections -ffunction-sections -fstack-protector-strong -funwind-tables -no-canonical-prefixes  --sysroot /usr/local/lib/android/sdk/ndk/26.1.10909125/toolchains/llvm/prebuilt/linux-x86_64/sysroot -g -Wno-invalid-command-line-argument -Wno-unused-command-line-argument  -D_FORTIFY_SOURCE=2 -fpic -O2 -DNDEBUG  -Iall_libs/XDL -Iall_libs/XDL/include -Iall_libs/XDL -O2 -DNDEBUG -w  -DANDROID -w -O2 -std=c17 -Wformat -Werror=format-security  -c  all_libs/XDL/xdl_util.c -o /tmp/ndk-out/local/arm64-v8a/objs/xdl/xdl_util.o
build	Build .so with ndk-build	2026-10-09T16:53:32.6525431Z [arm64-v8a] StaticLibrary  : libxdl.a
build	Build .so with ndk-build	2026-10-09T16:53:32.6526268Z rm -f /tmp/ndk-out/local/arm64-v8a/libxdl.a
build	Build .so with ndk-build	2026-10-09T16:53:32.6536360Z /usr/local/lib/android/sdk/ndk/26.1.10909125/toolchains/llvm/prebuilt/linux-x86_64/bin/llvm-ar crsDT  /tmp/ndk-out/local/arm64-v8a/libxdl.a /tmp/ndk-out/local/arm64-v8a/objs/xdl/xdl.o /tmp/ndk-out/local/arm64-v8a/objs/xdl/xdl_iterate.o /tmp/ndk-out/local/arm64-v8a/objs/xdl/xdl_linker.o /tmp/ndk-out/local/arm64-v8a/objs/xdl/xdl_lzma.o /tmp/ndk-out/local/arm64-v8a/objs/xdl/xdl_util.o
build	Build .so with ndk-build	2026-10-09T16:53:32.6598164Z [arm64-v8a] Compile++      : yamcpp <= yam_json.cpp
build	Build .so with ndk-build	2026-10-09T16:53:32.6599514Z rm -f /tmp/ndk-out/local/arm64-v8a/objs/yamcpp/src/yam_json.o
build	Build .so with ndk-build	2026-10-09T16:53:32.6611964Z /usr/local/lib/android/sdk/ndk/26.1.10909125/toolchains/llvm/prebuilt/linux-x86_64/bin/clang++ -MMD -MP -MF /tmp/ndk-out/local/arm64-v8a/objs/yamcpp/src/yam_json.o.d -target aarch64-none-linux-android24 -fdata-sections -ffunction-sections -fstack-protector-strong -funwind-tables -no-canonical-prefixes  --sysroot /usr/local/lib/android/sdk/ndk/26.1.10909125/toolchains/llvm/prebuilt/linux-x86_64/sysroot -g -Wno-invalid-command-line-argument -Wno-unused-command-line-argument  -D_FORTIFY_SOURCE=2 -fno-exceptions -fno-rtti -fpic -O2 -DNDEBUG  -Iall_libs/YAM-G/wrapper/include -Iall_libs/YAM-G/wrapper/../LIBYAMJS/include -Iall_libs/YAM-G/LIBYAMJS/include -Iall_libs/YAM-G/wrapper -O2 -DNDEBUG -w -std=c++17 -fexceptions -frtti -O2 -DNDEBUG -w  -DANDROID  -Wformat -Werror=format-security -std=c++17 -fexceptions -frtti -fPIC -w -O2 -DNDEBUG -frtti -fexceptions  -c  all_libs/YAM-G/wrapper/src/yam_json.cpp -o /tmp/ndk-out/local/arm64-v8a/objs/yamcpp/src/yam_json.o
build	Build .so with ndk-build	2026-10-09T16:53:34.1168014Z [arm64-v8a] Compile++      : yamcpp <= yam_core.cpp
build	Build .so with ndk-build	2026-10-09T16:53:34.1169239Z rm -f /tmp/ndk-out/local/arm64-v8a/objs/yamcpp/src/yam_core.o
build	Build .so with ndk-build	2026-10-09T16:53:34.1181870Z /usr/local/lib/android/sdk/ndk/26.1.10909125/toolchains/llvm/prebuilt/linux-x86_64/bin/clang++ -MMD -MP -MF /tmp/ndk-out/local/arm64-v8a/objs/yamcpp/src/yam_core.o.d -target aarch64-none-linux-android24 -fdata-sections -ffunction-sections -fstack-protector-strong -funwind-tables -no-canonical-prefixes  --sysroot /usr/local/lib/android/sdk/ndk/26.1.10909125/toolchains/llvm/prebuilt/linux-x86_64/sysroot -g -Wno-invalid-command-line-argument -Wno-unused-command-line-argument  -D_FORTIFY_SOURCE=2 -fno-exceptions -fno-rtti -fpic -O2 -DNDEBUG  -Iall_libs/YAM-G/wrapper/include -Iall_libs/YAM-G/wrapper/../LIBYAMJS/include -Iall_libs/YAM-G/LIBYAMJS/include -Iall_libs/YAM-G/wrapper -O2 -DNDEBUG -w -std=c++17 -fexceptions -frtti -O2 -DNDEBUG -w  -DANDROID  -Wformat -Werror=format-security -std=c++17 -fexceptions -frtti -fPIC -w -O2 -DNDEBUG -frtti -fexceptions  -c  all_libs/YAM-G/wrapper/src/yam_core.cpp -o /tmp/ndk-out/local/arm64-v8a/objs/yamcpp/src/yam_core.o
build	Build .so with ndk-build	2026-10-09T16:53:36.2912888Z [arm64-v8a] Compile++      : yamcpp <= yam_memory.cpp
build	Build .so with ndk-build	2026-10-09T16:53:36.2913733Z rm -f /tmp/ndk-out/local/arm64-v8a/objs/yamcpp/src/yam_memory.o
build	Build .so with ndk-build	2026-10-09T16:53:36.2925843Z /usr/local/lib/android/sdk/ndk/26.1.10909125/toolchains/llvm/prebuilt/linux-x86_64/bin/clang++ -MMD -MP -MF /tmp/ndk-out/local/arm64-v8a/objs/yamcpp/src/yam_memory.o.d -target aarch64-none-linux-android24 -fdata-sections -ffunction-sections -fstack-protector-strong -funwind-tables -no-canonical-prefixes  --sysroot /usr/local/lib/android/sdk/ndk/26.1.10909125/toolchains/llvm/prebuilt/linux-x86_64/sysroot -g -Wno-invalid-command-line-argument -Wno-unused-command-line-argument  -D_FORTIFY_SOURCE=2 -fno-exceptions -fno-rtti -fpic -O2 -DNDEBUG  -Iall_libs/YAM-G/wrapper/include -Iall_libs/YAM-G/wrapper/../LIBYAMJS/include -Iall_libs/YAM-G/LIBYAMJS/include -Iall_libs/YAM-G/wrapper -O2 -DNDEBUG -w -std=c++17 -fexceptions -frtti -O2 -DNDEBUG -w  -DANDROID  -Wformat -Werror=format-security -std=c++17 -fexceptions -frtti -fPIC -w -O2 -DNDEBUG -frtti -fexceptions  -c  all_libs/YAM-G/wrapper/src/yam_memory.cpp -o /tmp/ndk-out/local/arm64-v8a/objs/yamcpp/src/yam_memory.o
build	Build .so with ndk-build	2026-10-09T16:53:37.9773157Z [arm64-v8a] Compile++      : yamcpp <= yam_stalker.cpp
build	Build .so with ndk-build	2026-10-09T16:53:37.9773995Z rm -f /tmp/ndk-out/local/arm64-v8a/objs/yamcpp/src/yam_stalker.o
build	Build .so with ndk-build	2026-10-09T16:53:37.9787753Z /usr/local/lib/android/sdk/ndk/26.1.10909125/toolchains/llvm/prebuilt/linux-x86_64/bin/clang++ -MMD -MP -MF /tmp/ndk-out/local/arm64-v8a/objs/yamcpp/src/yam_stalker.o.d -target aarch64-none-linux-android24 -fdata-sections -ffunction-sections -fstack-protector-strong -funwind-tables -no-canonical-prefixes  --sysroot /usr/local/lib/android/sdk/ndk/26.1.10909125/toolchains/llvm/prebuilt/linux-x86_64/sysroot -g -Wno-invalid-command-line-argument -Wno-unused-command-line-argument  -D_FORTIFY_SOURCE=2 -fno-exceptions -fno-rtti -fpic -O2 -DNDEBUG  -Iall_libs/YAM-G/wrapper/include -Iall_libs/YAM-G/wrapper/../LIBYAMJS/include -Iall_libs/YAM-G/LIBYAMJS/include -Iall_libs/YAM-G/wrapper -O2 -DNDEBUG -w -std=c++17 -fexceptions -frtti -O2 -DNDEBUG -w  -DANDROID  -Wformat -Werror=format-security -std=c++17 -fexceptions -frtti -fPIC -w -O2 -DNDEBUG -frtti -fexceptions  -c  all_libs/YAM-G/wrapper/src/yam_stalker.cpp -o /tmp/ndk-out/local/arm64-v8a/objs/yamcpp/src/yam_stalker.o
build	Build .so with ndk-build	2026-10-09T16:53:38.9755537Z [arm64-v8a] Compile++      : yamcpp <= yam_hooks.cpp
build	Build .so with ndk-build	2026-10-09T16:53:38.9756389Z rm -f /tmp/ndk-out/local/arm64-v8a/objs/yamcpp/src/yam_hooks.o
build	Build .so with ndk-build	2026-10-09T16:53:38.9769963Z /usr/local/lib/android/sdk/ndk/26.1.10909125/toolchains/llvm/prebuilt/linux-x86_64/bin/clang++ -MMD -MP -MF /tmp/ndk-out/local/arm64-v8a/objs/yamcpp/src/yam_hooks.o.d -target aarch64-none-linux-android24 -fdata-sections -ffunction-sections -fstack-protector-strong -funwind-tables -no-canonical-prefixes  --sysroot /usr/local/lib/android/sdk/ndk/26.1.10909125/toolchains/llvm/prebuilt/linux-x86_64/sysroot -g -Wno-invalid-command-line-argument -Wno-unused-command-line-argument  -D_FORTIFY_SOURCE=2 -fno-exceptions -fno-rtti -fpic -O2 -DNDEBUG  -Iall_libs/YAM-G/wrapper/include -Iall_libs/YAM-G/wrapper/../LIBYAMJS/include -Iall_libs/YAM-G/LIBYAMJS/include -Iall_libs/YAM-G/wrapper -O2 -DNDEBUG -w -std=c++17 -fexceptions -frtti -O2 -DNDEBUG -w  -DANDROID  -Wformat -Werror=format-security -std=c++17 -fexceptions -frtti -fPIC -w -O2 -DNDEBUG -frtti -fexceptions  -c  all_libs/YAM-G/wrapper/src/yam_hooks.cpp -o /tmp/ndk-out/local/arm64-v8a/objs/yamcpp/src/yam_hooks.o
build	Build .so with ndk-build	2026-10-09T16:53:40.3481300Z [arm64-v8a] Compile++      : yamcpp <= yam_subsystems.cpp
build	Build .so with ndk-build	2026-10-09T16:53:40.3482094Z rm -f /tmp/ndk-out/local/arm64-v8a/objs/yamcpp/src/yam_subsystems.o
build	Build .so with ndk-build	2026-10-09T16:53:40.3497215Z /usr/local/lib/android/sdk/ndk/26.1.10909125/toolchains/llvm/prebuilt/linux-x86_64/bin/clang++ -MMD -MP -MF /tmp/ndk-out/local/arm64-v8a/objs/yamcpp/src/yam_subsystems.o.d -target aarch64-none-linux-android24 -fdata-sections -ffunction-sections -fstack-protector-strong -funwind-tables -no-canonical-prefixes  --sysroot /usr/local/lib/android/sdk/ndk/26.1.10909125/toolchains/llvm/prebuilt/linux-x86_64/sysroot -g -Wno-invalid-command-line-argument -Wno-unused-command-line-argument  -D_FORTIFY_SOURCE=2 -fno-exceptions -fno-rtti -fpic -O2 -DNDEBUG  -Iall_libs/YAM-G/wrapper/include -Iall_libs/YAM-G/wrapper/../LIBYAMJS/include -Iall_libs/YAM-G/LIBYAMJS/include -Iall_libs/YAM-G/wrapper -O2 -DNDEBUG -w -std=c++17 -fexceptions -frtti -O2 -DNDEBUG -w  -DANDROID  -Wformat -Werror=format-security -std=c++17 -fexceptions -frtti -fPIC -w -O2 -DNDEBUG -frtti -fexceptions  -c  all_libs/YAM-G/wrapper/src/yam_subsystems.cpp -o /tmp/ndk-out/local/arm64-v8a/objs/yamcpp/src/yam_subsystems.o
build	Build .so with ndk-build	2026-10-09T16:53:42.1526769Z [arm64-v8a] Compile++      : yamcpp <= yam_cmodule_registry.cpp
build	Build .so with ndk-build	2026-10-09T16:53:42.1527830Z rm -f /tmp/ndk-out/local/arm64-v8a/objs/yamcpp/src/yam_cmodule_registry.o
build	Build .so with ndk-build	2026-10-09T16:53:42.1541192Z /usr/local/lib/android/sdk/ndk/26.1.10909125/toolchains/llvm/prebuilt/linux-x86_64/bin/clang++ -MMD -MP -MF /tmp/ndk-out/local/arm64-v8a/objs/yamcpp/src/yam_cmodule_registry.o.d -target aarch64-none-linux-android24 -fdata-sections -ffunction-sections -fstack-protector-strong -funwind-tables -no-canonical-prefixes  --sysroot /usr/local/lib/android/sdk/ndk/26.1.10909125/toolchains/llvm/prebuilt/linux-x86_64/sysroot -g -Wno-invalid-command-line-argument -Wno-unused-command-line-argument  -D_FORTIFY_SOURCE=2 -fno-exceptions -fno-rtti -fpic -O2 -DNDEBUG  -Iall_libs/YAM-G/wrapper/include -Iall_libs/YAM-G/wrapper/../LIBYAMJS/include -Iall_libs/YAM-G/LIBYAMJS/include -Iall_libs/YAM-G/wrapper -O2 -DNDEBUG -w -std=c++17 -fexceptions -frtti -O2 -DNDEBUG -w  -DANDROID  -Wformat -Werror=format-security -std=c++17 -fexceptions -frtti -fPIC -w -O2 -DNDEBUG -frtti -fexceptions  -c  all_libs/YAM-G/wrapper/src/yam_cmodule_registry.cpp -o /tmp/ndk-out/local/arm64-v8a/objs/yamcpp/src/yam_cmodule_registry.o
build	Build .so with ndk-build	2026-10-09T16:53:43.2778698Z [arm64-v8a] Compile++      : yamcpp <= yam_java.cpp
build	Build .so with ndk-build	2026-10-09T16:53:43.2779783Z rm -f /tmp/ndk-out/local/arm64-v8a/objs/yamcpp/src/yam_java.o
build	Build .so with ndk-build	2026-10-09T16:53:43.2793941Z /usr/local/lib/android/sdk/ndk/26.1.10909125/toolchains/llvm/prebuilt/linux-x86_64/bin/clang++ -MMD -MP -MF /tmp/ndk-out/local/arm64-v8a/objs/yamcpp/src/yam_java.o.d -target aarch64-none-linux-android24 -fdata-sections -ffunction-sections -fstack-protector-strong -funwind-tables -no-canonical-prefixes  --sysroot /usr/local/lib/android/sdk/ndk/26.1.10909125/toolchains/llvm/prebuilt/linux-x86_64/sysroot -g -Wno-invalid-command-line-argument -Wno-unused-command-line-argument  -D_FORTIFY_SOURCE=2 -fno-exceptions -fno-rtti -fpic -O2 -DNDEBUG  -Iall_libs/YAM-G/wrapper/include -Iall_libs/YAM-G/wrapper/../LIBYAMJS/include -Iall_libs/YAM-G/LIBYAMJS/include -Iall_libs/YAM-G/wrapper -O2 -DNDEBUG -w -std=c++17 -fexceptions -frtti -O2 -DNDEBUG -w  -DANDROID  -Wformat -Werror=format-security -std=c++17 -fexceptions -frtti -fPIC -w -O2 -DNDEBUG -frtti -fexceptions  -c  all_libs/YAM-G/wrapper/src/yam_java.cpp -o /tmp/ndk-out/local/arm64-v8a/objs/yamcpp/src/yam_java.o
build	Build .so with ndk-build	2026-10-09T16:53:46.9908149Z [arm64-v8a] Compile++      : yamcpp <= yam_java_model.cpp
build	Build .so with ndk-build	2026-10-09T16:53:46.9910198Z rm -f /tmp/ndk-out/local/arm64-v8a/objs/yamcpp/src/yam_java_model.o
build	Build .so with ndk-build	2026-10-09T16:53:46.9924467Z /usr/local/lib/android/sdk/ndk/26.1.10909125/toolchains/llvm/prebuilt/linux-x86_64/bin/clang++ -MMD -MP -MF /tmp/ndk-out/local/arm64-v8a/objs/yamcpp/src/yam_java_model.o.d -target aarch64-none-linux-android24 -fdata-sections -ffunction-sections -fstack-protector-strong -funwind-tables -no-canonical-prefixes  --sysroot /usr/local/lib/android/sdk/ndk/26.1.10909125/toolchains/llvm/prebuilt/linux-x86_64/sysroot -g -Wno-invalid-command-line-argument -Wno-unused-command-line-argument  -D_FORTIFY_SOURCE=2 -fno-exceptions -fno-rtti -fpic -O2 -DNDEBUG  -Iall_libs/YAM-G/wrapper/include -Iall_libs/YAM-G/wrapper/../LIBYAMJS/include -Iall_libs/YAM-G/LIBYAMJS/include -Iall_libs/YAM-G/wrapper -O2 -DNDEBUG -w -std=c++17 -fexceptions -frtti -O2 -DNDEBUG -w  -DANDROID  -Wformat -Werror=format-security -std=c++17 -fexceptions -frtti -fPIC -w -O2 -DNDEBUG -frtti -fexceptions  -c  all_libs/YAM-G/wrapper/src/yam_java_model.cpp -o /tmp/ndk-out/local/arm64-v8a/objs/yamcpp/src/yam_java_model.o
build	Build .so with ndk-build	2026-10-09T16:53:49.1462400Z [arm64-v8a] Compile++      : yamcpp <= yam_events.cpp
build	Build .so with ndk-build	2026-10-09T16:53:49.1463190Z rm -f /tmp/ndk-out/local/arm64-v8a/objs/yamcpp/src/yam_events.o
build	Build .so with ndk-build	2026-10-09T16:53:49.1479170Z /usr/local/lib/android/sdk/ndk/26.1.10909125/toolchains/llvm/prebuilt/linux-x86_64/bin/clang++ -MMD -MP -MF /tmp/ndk-out/local/arm64-v8a/objs/yamcpp/src/yam_events.o.d -target aarch64-none-linux-android24 -fdata-sections -ffunction-sections -fstack-protector-strong -funwind-tables -no-canonical-prefixes  --sysroot /usr/local/lib/android/sdk/ndk/26.1.10909125/toolchains/llvm/prebuilt/linux-x86_64/sysroot -g -Wno-invalid-command-line-argument -Wno-unused-command-line-argument  -D_FORTIFY_SOURCE=2 -fno-exceptions -fno-rtti -fpic -O2 -DNDEBUG  -Iall_libs/YAM-G/wrapper/include -Iall_libs/YAM-G/wrapper/../LIBYAMJS/include -Iall_libs/YAM-G/LIBYAMJS/include -Iall_libs/YAM-G/wrapper -O2 -DNDEBUG -w -std=c++17 -fexceptions -frtti -O2 -DNDEBUG -w  -DANDROID  -Wformat -Werror=format-security -std=c++17 -fexceptions -frtti -fPIC -w -O2 -DNDEBUG -frtti -fexceptions  -c  all_libs/YAM-G/wrapper/src/yam_events.cpp -o /tmp/ndk-out/local/arm64-v8a/objs/yamcpp/src/yam_events.o
build	Build .so with ndk-build	2026-10-09T16:53:55.2150656Z [arm64-v8a] Compile++      : yamcpp <= yam_console.cpp
build	Build .so with ndk-build	2026-10-09T16:53:55.2152603Z rm -f /tmp/ndk-out/local/arm64-v8a/objs/yamcpp/src/yam_console.o
build	Build .so with ndk-build	2026-10-09T16:53:55.2168216Z /usr/local/lib/android/sdk/ndk/26.1.10909125/toolchains/llvm/prebuilt/linux-x86_64/bin/clang++ -MMD -MP -MF /tmp/ndk-out/local/arm64-v8a/objs/yamcpp/src/yam_console.o.d -target aarch64-none-linux-android24 -fdata-sections -ffunction-sections -fstack-protector-strong -funwind-tables -no-canonical-prefixes  --sysroot /usr/local/lib/android/sdk/ndk/26.1.10909125/toolchains/llvm/prebuilt/linux-x86_64/sysroot -g -Wno-invalid-command-line-argument -Wno-unused-command-line-argument  -D_FORTIFY_SOURCE=2 -fno-exceptions -fno-rtti -fpic -O2 -DNDEBUG  -Iall_libs/YAM-G/wrapper/include -Iall_libs/YAM-G/wrapper/../LIBYAMJS/include -Iall_libs/YAM-G/LIBYAMJS/include -Iall_libs/YAM-G/wrapper -O2 -DNDEBUG -w -std=c++17 -fexceptions -frtti -O2 -DNDEBUG -w  -DANDROID  -Wformat -Werror=format-security -std=c++17 -fexceptions -frtti -fPIC -w -O2 -DNDEBUG -frtti -fexceptions  -c  all_libs/YAM-G/wrapper/src/yam_console.cpp -o /tmp/ndk-out/local/arm64-v8a/objs/yamcpp/src/yam_console.o
build	Build .so with ndk-build	2026-10-09T16:54:06.7227024Z [arm64-v8a] StaticLibrary  : libyamcpp.a
build	Build .so with ndk-build	2026-10-09T16:54:06.7227659Z rm -f /tmp/ndk-out/local/arm64-v8a/libyamcpp.a
build	Build .so with ndk-build	2026-10-09T16:54:06.7243205Z /usr/local/lib/android/sdk/ndk/26.1.10909125/toolchains/llvm/prebuilt/linux-x86_64/bin/llvm-ar crsDT  /tmp/ndk-out/local/arm64-v8a/libyamcpp.a /tmp/ndk-out/local/arm64-v8a/objs/yamcpp/src/yam_json.o /tmp/ndk-out/local/arm64-v8a/objs/yamcpp/src/yam_core.o /tmp/ndk-out/local/arm64-v8a/objs/yamcpp/src/yam_memory.o /tmp/ndk-out/local/arm64-v8a/objs/yamcpp/src/yam_stalker.o /tmp/ndk-out/local/arm64-v8a/objs/yamcpp/src/yam_hooks.o /tmp/ndk-out/local/arm64-v8a/objs/yamcpp/src/yam_subsystems.o /tmp/ndk-out/local/arm64-v8a/objs/yamcpp/src/yam_cmodule_registry.o /tmp/ndk-out/local/arm64-v8a/objs/yamcpp/src/yam_java.o /tmp/ndk-out/local/arm64-v8a/objs/yamcpp/src/yam_java_model.o /tmp/ndk-out/local/arm64-v8a/objs/yamcpp/src/yam_events.o /tmp/ndk-out/local/arm64-v8a/objs/yamcpp/src/yam_console.o
build	Build .so with ndk-build	2026-10-09T16:54:06.7320434Z [arm64-v8a] SharedLibrary  : libYAMGG.so
build	Build .so with ndk-build	2026-10-09T16:54:06.7329376Z /usr/local/lib/android/sdk/ndk/26.1.10909125/toolchains/llvm/prebuilt/linux-x86_64/bin/clang++ -Wl,-soname,libYAMGG.so -shared /tmp/ndk-out/local/arm64-v8a/objs/YAMGG/Main.o /tmp/ndk-out/local/arm64-v8a/objs/YAMGG/JNI/NativeMethods.o /tmp/ndk-out/local/arm64-v8a/objs/YAMGG/Core/Runtime.o /tmp/ndk-out/local/arm64-v8a/objs/YAMGG/Core/DexLoader.o /tmp/ndk-out/local/arm64-v8a/objs/YAMGG/UI/Renderer.o /tmp/ndk-out/local/arm64-v8a/objs/YAMGG/UI/Theme.o /tmp/ndk-out/local/arm64-v8a/objs/YAMGG/UI/MainWindow.o /tmp/ndk-out/local/arm64-v8a/objs/YAMGG/UI/Tabs/JSConsole.o /tmp/ndk-out/local/arm64-v8a/objs/YAMGG/UI/Tabs/ClassBrowser.o /tmp/ndk-out/local/arm64-v8a/objs/YAMGG/UI/Tabs/FileBrowser.o /tmp/ndk-out/local/arm64-v8a/objs/YAMGG/UI/Widgets/Notification.o /tmp/ndk-out/local/arm64-v8a/objs/YAMGG/Bridge/YamBridge.o /tmp/ndk-out/local/arm64-v8a/objs/YAMGG/all_libs/imgui/imgui.o /tmp/ndk-out/local/arm64-v8a/objs/YAMGG/all_libs/imgui/imgui_draw.o /tmp/ndk-out/local/arm64-v8a/objs/YAMGG/all_libs/imgui/imgui_widgets.o /tmp/ndk-out/local/arm64-v8a/objs/YAMGG/all_libs/imgui/imgui_tables.o /tmp/ndk-out/local/arm64-v8a/objs/YAMGG/all_libs/imgui/backends/imgui_impl_opengl3.o /tmp/ndk-out/local/arm64-v8a/libasmjit.a /tmp/ndk-out/local/arm64-v8a/libdobby.a /tmp/ndk-out/local/arm64-v8a/libkitty_memory.a /tmp/ndk-out/local/arm64-v8a/libxdl.a /tmp/ndk-out/local/arm64-v8a/libyamcpp.a all_libs/KittyMemory/KittyMemory/Deps/Keystone/libs-android/arm64-v8a/libkeystone.a all_libs/YAM-G/LIBYAMJS/libyamjs.a -latomic -target aarch64-none-linux-android24 -no-canonical-prefixes  -Wl,--gc-sections  -Wl,--build-id=sha1 -Wl,--no-rosegment  -Wl,--gc-sections -Wl,--strip-all -Wl,--exclude-libs,ALL -static-libstdc++ -Wl,--no-undefined -Wl,--fatal-warnings -Wl,--no-undefined-version -llog -landroid -lEGL -lGLESv3 -ldl -lz -lm -lc++_static -lunwind -lc -lm -o /tmp/ndk-out/local/arm64-v8a/libYAMGG.so
build	Build .so with ndk-build	2026-10-09T16:54:06.9979064Z [arm64-v8a] Install        : libYAMGG.so => /tmp/ndk-libs/arm64-v8a/libYAMGG.so
build	Build .so with ndk-build	2026-10-09T16:54:06.9980209Z install -p /tmp/ndk-out/local/arm64-v8a/libYAMGG.so /tmp/ndk-libs/arm64-v8a/libYAMGG.so
build	Build .so with ndk-build	2026-10-09T16:54:07.0064077Z /usr/local/lib/android/sdk/ndk/26.1.10909125/toolchains/llvm/prebuilt/linux-x86_64/bin/llvm-strip --strip-unneeded  /tmp/ndk-libs/arm64-v8a/libYAMGG.so
build	Locate .so	﻿2026-10-09T16:54:07.0279691Z ##[group]Run SO=$(find /tmp -name "libYAMGG.so" -type f 2>/dev/null | head -1)
build	Locate .so	2026-10-09T16:54:07.0280301Z ^[[36;1mSO=$(find /tmp -name "libYAMGG.so" -type f 2>/dev/null | head -1)^[[0m
build	Locate .so	2026-10-09T16:54:07.0280692Z ^[[36;1mif [ -z "$SO" ]; then^[[0m
build	Locate .so	2026-10-09T16:54:07.0280982Z ^[[36;1m  echo "ERROR: libYAMGG.so not built"^[[0m
build	Locate .so	2026-10-09T16:54:07.0281296Z ^[[36;1m  tail -150 /tmp/ndk-build.log^[[0m
build	Locate .so	2026-10-09T16:54:07.0281563Z ^[[36;1m  exit 1^[[0m
build	Locate .so	2026-10-09T16:54:07.0281757Z ^[[36;1mfi^[[0m
build	Locate .so	2026-10-09T16:54:07.0281953Z ^[[36;1mecho "FOUND: $SO"^[[0m
build	Locate .so	2026-10-09T16:54:07.0282176Z ^[[36;1mdu -h "$SO"^[[0m
build	Locate .so	2026-10-09T16:54:07.0282378Z ^[[36;1mfile "$SO"^[[0m
build	Locate .so	2026-10-09T16:54:07.0282597Z ^[[36;1mecho "$SO" > /tmp/so_path.txt^[[0m
build	Locate .so	2026-10-09T16:54:07.0344597Z shell: /usr/bin/bash -e {0}
build	Locate .so	2026-10-09T16:54:07.0344846Z env:
build	Locate .so	2026-10-09T16:54:07.0345058Z   ANDROID_HOME: /usr/local/lib/android/sdk
build	Locate .so	2026-10-09T16:54:07.0345558Z   ANDROID_SDK_ROOT: /usr/local/lib/android/sdk
build	Locate .so	2026-10-09T16:54:07.0345862Z   NDK_VERSION: 26.1.10909125
build	Locate .so	2026-10-09T16:54:07.0346234Z   JAVA_HOME: /opt/hostedtoolcache/Java_Temurin-Hotspot_jdk/17.0.20-1/x64
build	Locate .so	2026-10-09T16:54:07.0346726Z   JAVA_HOME_17_X64: /opt/hostedtoolcache/Java_Temurin-Hotspot_jdk/17.0.20-1/x64
build	Locate .so	2026-10-09T16:54:07.0347099Z ##[endgroup]
build	Locate .so	2026-10-09T16:54:07.0461960Z FOUND: /tmp/ndk-out/local/arm64-v8a/libYAMGG.so
build	Locate .so	2026-10-09T16:54:07.0476660Z 20M	/tmp/ndk-out/local/arm64-v8a/libYAMGG.so
build	Locate .so	2026-10-09T16:54:07.0596658Z /tmp/ndk-out/local/arm64-v8a/libYAMGG.so: ELF 64-bit LSB shared object, ARM aarch64, version 1 (SYSV), dynamically linked, BuildID[sha1]=8267ed09afb457c045aa128e9bd45ad402de0d34, stripped
build	Verify .so symbols	﻿2026-10-09T16:54:07.0630046Z ##[group]Run SO=$(cat /tmp/so_path.txt)
build	Verify .so symbols	2026-10-09T16:54:07.0630419Z ^[[36;1mSO=$(cat /tmp/so_path.txt)^[[0m
build	Verify .so symbols	2026-10-09T16:54:07.0630852Z ^[[36;1mNM=$ANDROID_HOME/ndk/$NDK_VERSION/toolchains/llvm/prebuilt/linux-x86_64/bin/llvm-nm^[[0m
build	Verify .so symbols	2026-10-09T16:54:07.0631317Z ^[[36;1m^[[0m
build	Verify .so symbols	2026-10-09T16:54:07.0631510Z ^[[36;1mecho "=== SO info ==="^[[0m
build	Verify .so symbols	2026-10-09T16:54:07.0631745Z ^[[36;1mfile "$SO"^[[0m
build	Verify .so symbols	2026-10-09T16:54:07.0631949Z ^[[36;1mdu -h "$SO"^[[0m
build	Verify .so symbols	2026-10-09T16:54:07.0632158Z ^[[36;1m^[[0m
build	Verify .so symbols	2026-10-09T16:54:07.0632336Z ^[[36;1mecho ""^[[0m
build	Verify .so symbols	2026-10-09T16:54:07.0632547Z ^[[36;1mecho "=== JNI_OnLoad ==="^[[0m
build	Verify .so symbols	2026-10-09T16:54:07.0632836Z ^[[36;1m$NM -D "$SO" > /tmp/nm-dyn.txt 2>&1 || true^[[0m
build	Verify .so symbols	2026-10-09T16:54:07.0633218Z ^[[36;1mgrep -i JNI_OnLoad /tmp/nm-dyn.txt > /tmp/nm-jni.txt || true^[[0m
build	Verify .so symbols	2026-10-09T16:54:07.0633695Z ^[[36;1mif [ -s /tmp/nm-jni.txt ]; then cat /tmp/nm-jni.txt; else echo "MISSING"; fi^[[0m
build	Verify .so symbols	2026-10-09T16:54:07.0634073Z ^[[36;1m^[[0m
build	Verify .so symbols	2026-10-09T16:54:07.0634247Z ^[[36;1mecho ""^[[0m
build	Verify .so symbols	2026-10-09T16:54:07.0634475Z ^[[36;1mecho "=== Java_* exports (first 10) ==="^[[0m
build	Verify .so symbols	2026-10-09T16:54:07.0634867Z ^[[36;1mgrep " T Java_" /tmp/nm-dyn.txt > /tmp/nm-java.txt || true^[[0m
build	Verify .so symbols	2026-10-09T16:54:07.0635346Z ^[[36;1mif [ -s /tmp/nm-java.txt ]; then head -10 /tmp/nm-java.txt; else echo "(none)"; fi^[[0m
build	Verify .so symbols	2026-10-09T16:54:07.0635743Z ^[[36;1m^[[0m
build	Verify .so symbols	2026-10-09T16:54:07.0635916Z ^[[36;1mecho ""^[[0m
build	Verify .so symbols	2026-10-09T16:54:07.0636134Z ^[[36;1mecho "=== undefined (first 20) ==="^[[0m
build	Verify .so symbols	2026-10-09T16:54:07.0636486Z ^[[36;1mgrep " U " /tmp/nm-dyn.txt > /tmp/nm-undef.txt || true^[[0m
build	Verify .so symbols	2026-10-09T16:54:07.0636970Z ^[[36;1mif [ -s /tmp/nm-undef.txt ]; then head -20 /tmp/nm-undef.txt; else echo "(none)"; fi^[[0m
build	Verify .so symbols	2026-10-09T16:54:07.0637372Z ^[[36;1m^[[0m
build	Verify .so symbols	2026-10-09T16:54:07.0637548Z ^[[36;1mecho ""^[[0m
build	Verify .so symbols	2026-10-09T16:54:07.0637768Z ^[[36;1mecho "=== .so is present at: $SO ==="^[[0m
build	Verify .so symbols	2026-10-09T16:54:07.0697547Z shell: /usr/bin/bash -e {0}
build	Verify .so symbols	2026-10-09T16:54:07.0697795Z env:
build	Verify .so symbols	2026-10-09T16:54:07.0698000Z   ANDROID_HOME: /usr/local/lib/android/sdk
build	Verify .so symbols	2026-10-09T16:54:07.0698301Z   ANDROID_SDK_ROOT: /usr/local/lib/android/sdk
build	Verify .so symbols	2026-10-09T16:54:07.0698601Z   NDK_VERSION: 26.1.10909125
build	Verify .so symbols	2026-10-09T16:54:07.0699189Z   JAVA_HOME: /opt/hostedtoolcache/Java_Temurin-Hotspot_jdk/17.0.20-1/x64
build	Verify .so symbols	2026-10-09T16:54:07.0699690Z   JAVA_HOME_17_X64: /opt/hostedtoolcache/Java_Temurin-Hotspot_jdk/17.0.20-1/x64
build	Verify .so symbols	2026-10-09T16:54:07.0700073Z ##[endgroup]
build	Verify .so symbols	2026-10-09T16:54:07.0793161Z === SO info ===
build	Verify .so symbols	2026-10-09T16:54:07.0870162Z /tmp/ndk-out/local/arm64-v8a/libYAMGG.so: ELF 64-bit LSB shared object, ARM aarch64, version 1 (SYSV), dynamically linked, BuildID[sha1]=8267ed09afb457c045aa128e9bd45ad402de0d34, stripped
build	Verify .so symbols	2026-10-09T16:54:07.0881745Z 20M	/tmp/ndk-out/local/arm64-v8a/libYAMGG.so
build	Verify .so symbols	2026-10-09T16:54:07.0883633Z 
build	Verify .so symbols	2026-10-09T16:54:07.0883924Z === JNI_OnLoad ===
build	Verify .so symbols	2026-10-09T16:54:07.0987706Z 000000000082e060 T JNI_OnLoad
build	Verify .so symbols	2026-10-09T16:54:07.0989505Z 
build	Verify .so symbols	2026-10-09T16:54:07.0989810Z === Java_* exports (first 10) ===
build	Verify .so symbols	2026-10-09T16:54:07.1014620Z 000000000082e594 T Java_com_yamgg_modview_ModView_nativeOnDrawFrame
build	Verify .so symbols	2026-10-09T16:54:07.1015352Z 000000000082e59c T Java_com_yamgg_modview_ModView_nativeOnKey
build	Verify .so symbols	2026-10-09T16:54:07.1016186Z 000000000082e590 T Java_com_yamgg_modview_ModView_nativeOnSurfaceChanged
build	Verify .so symbols	2026-10-09T16:54:07.1017171Z 000000000082e58c T Java_com_yamgg_modview_ModView_nativeOnSurfaceCreated
build	Verify .so symbols	2026-10-09T16:54:07.1018163Z 000000000082e598 T Java_com_yamgg_modview_ModView_nativeOnTouch
build	Verify .so symbols	2026-10-09T16:54:07.1018444Z 
build	Verify .so symbols	2026-10-09T16:54:07.1018543Z === undefined (first 20) ===
build	Verify .so symbols	2026-10-09T16:54:07.1040949Z                  U __android_log_print
build	Verify .so symbols	2026-10-09T16:54:07.1041477Z                  U __android_log_vprint
build	Verify .so symbols	2026-10-09T16:54:07.1041861Z                  U __android_log_write
build	Verify .so symbols	2026-10-09T16:54:07.1042206Z                  U __assert2@LIBC
build	Verify .so symbols	2026-10-09T16:54:07.1042553Z                  U __cmsg_nxthdr@LIBC
build	Verify .so symbols	2026-10-09T16:54:07.1042828Z                  U __ctype_get_mb_cur_max@LIBC
build	Verify .so symbols	2026-10-09T16:54:07.1043110Z                  U __cxa_atexit@LIBC
build	Verify .so symbols	2026-10-09T16:54:07.1043357Z                  U __cxa_finalize@LIBC
build	Verify .so symbols	2026-10-09T16:54:07.1043915Z                  U __errno@LIBC
build	Verify .so symbols	2026-10-09T16:54:07.1044148Z                  U __get_h_errno@LIBC
build	Verify .so symbols	2026-10-09T16:54:07.1044483Z                  U __memcpy_chk@LIBC
build	Verify .so symbols	2026-10-09T16:54:07.1044907Z                  U __memset_chk@LIBC
build	Verify .so symbols	2026-10-09T16:54:07.1045362Z                  U __register_atfork@LIBC
build	Verify .so symbols	2026-10-09T16:54:07.1045804Z                  U __sF@LIBC
build	Verify .so symbols	2026-10-09T16:54:07.1046206Z                  U __stack_chk_fail@LIBC
build	Verify .so symbols	2026-10-09T16:54:07.1046647Z                  U __strcat_chk@LIBC
build	Verify .so symbols	2026-10-09T16:54:07.1047062Z                  U __strcpy_chk@LIBC
build	Verify .so symbols	2026-10-09T16:54:07.1047479Z                  U __strlen_chk@LIBC
build	Verify .so symbols	2026-10-09T16:54:07.1047902Z                  U __strncpy_chk2@LIBC
build	Verify .so symbols	2026-10-09T16:54:07.1048354Z                  U __system_property_get@LIBC
build	Verify .so symbols	2026-10-09T16:54:07.1048694Z 
build	Verify .so symbols	2026-10-09T16:54:07.1049183Z === .so is present at: /tmp/ndk-out/local/arm64-v8a/libYAMGG.so ===
build	Copy .so to artifact	﻿2026-10-09T16:54:07.1077435Z ##[group]Run mkdir -p /tmp/artifact
build	Copy .so to artifact	2026-10-09T16:54:07.1077779Z ^[[36;1mmkdir -p /tmp/artifact^[[0m
build	Copy .so to artifact	2026-10-09T16:54:07.1078043Z ^[[36;1mSO=$(cat /tmp/so_path.txt)^[[0m
build	Copy .so to artifact	2026-10-09T16:54:07.1078328Z ^[[36;1mcp "$SO" /tmp/artifact/libYAMGG.so^[[0m
build	Copy .so to artifact	2026-10-09T16:54:07.1078619Z ^[[36;1mls -la /tmp/artifact/^[[0m
build	Copy .so to artifact	2026-10-09T16:54:07.1140510Z shell: /usr/bin/bash -e {0}
build	Copy .so to artifact	2026-10-09T16:54:07.1140771Z env:
build	Copy .so to artifact	2026-10-09T16:54:07.1140984Z   ANDROID_HOME: /usr/local/lib/android/sdk
build	Copy .so to artifact	2026-10-09T16:54:07.1141296Z   ANDROID_SDK_ROOT: /usr/local/lib/android/sdk
build	Copy .so to artifact	2026-10-09T16:54:07.1141584Z   NDK_VERSION: 26.1.10909125
build	Copy .so to artifact	2026-10-09T16:54:07.1141921Z   JAVA_HOME: /opt/hostedtoolcache/Java_Temurin-Hotspot_jdk/17.0.20-1/x64
build	Copy .so to artifact	2026-10-09T16:54:07.1142411Z   JAVA_HOME_17_X64: /opt/hostedtoolcache/Java_Temurin-Hotspot_jdk/17.0.20-1/x64
build	Copy .so to artifact	2026-10-09T16:54:07.1142789Z ##[endgroup]
build	Copy .so to artifact	2026-10-09T16:54:07.1338502Z total 20080
build	Copy .so to artifact	2026-10-09T16:54:07.1339170Z drwxr-xr-x  2 runner runner     4096 Oct  9 16:54 .
build	Copy .so to artifact	2026-10-09T16:54:07.1339784Z drwxrwxrwt 17 root   root       4096 Oct  9 16:54 ..
build	Copy .so to artifact	2026-10-09T16:54:07.1340481Z -rwxr-xr-x  1 runner runner 20577168 Oct  9 16:54 libYAMGG.so
build	Upload .so	﻿2026-10-09T16:54:07.1401722Z ##[group]Run actions/upload-artifact@v4
build	Upload .so	2026-10-09T16:54:07.1402027Z with:
build	Upload .so	2026-10-09T16:54:07.1402212Z   name: YAMGG-so
build	Upload .so	2026-10-09T16:54:07.1402426Z   path: /tmp/artifact/libYAMGG.so
build	Upload .so	2026-10-09T16:54:07.1402704Z   if-no-files-found: error
build	Upload .so	2026-10-09T16:54:07.1402941Z   compression-level: 6
build	Upload .so	2026-10-09T16:54:07.1403156Z   overwrite: false
build	Upload .so	2026-10-09T16:54:07.1403375Z   include-hidden-files: false
build	Upload .so	2026-10-09T16:54:07.1403601Z env:
build	Upload .so	2026-10-09T16:54:07.1403797Z   ANDROID_HOME: /usr/local/lib/android/sdk
build	Upload .so	2026-10-09T16:54:07.1404093Z   ANDROID_SDK_ROOT: /usr/local/lib/android/sdk
build	Upload .so	2026-10-09T16:54:07.1404379Z   NDK_VERSION: 26.1.10909125
build	Upload .so	2026-10-09T16:54:07.1404708Z   JAVA_HOME: /opt/hostedtoolcache/Java_Temurin-Hotspot_jdk/17.0.20-1/x64
build	Upload .so	2026-10-09T16:54:07.1405198Z   JAVA_HOME_17_X64: /opt/hostedtoolcache/Java_Temurin-Hotspot_jdk/17.0.20-1/x64
build	Upload .so	2026-10-09T16:54:07.1405572Z ##[endgroup]
build	Upload .so	2026-10-09T16:54:07.3098685Z (node:3200) [DEP0040] DeprecationWarning: The `punycode` module is deprecated. Please use a userland alternative instead.
build	Upload .so	2026-10-09T16:54:07.3099671Z (Use `node --trace-deprecation ...` to show where the warning was created)
build	Upload .so	2026-10-09T16:54:07.3151205Z With the provided path, there will be 1 file uploaded
build	Upload .so	2026-10-09T16:54:07.3158444Z Artifact name is valid!
build	Upload .so	2026-10-09T16:54:07.3159431Z Root directory input is valid!
build	Upload .so	2026-10-09T16:54:07.8442598Z Beginning upload of artifact content to blob storage
build	Upload .so	2026-10-09T16:54:08.4157267Z (node:3200) [DEP0169] DeprecationWarning: `url.parse()` behavior is not standardized and prone to errors that have security implications. Use the WHATWG URL API instead. CVEs are not issued for `url.parse()` vulnerabilities.
build	Upload .so	2026-10-09T16:54:09.9173862Z Uploaded bytes 8388608
build	Upload .so	2026-10-09T16:54:10.0434279Z Uploaded bytes 8733113
build	Upload .so	2026-10-09T16:54:10.1646639Z Finished uploading artifact content to blob storage!
build	Upload .so	2026-10-09T16:54:10.1648317Z SHA256 digest of uploaded artifact zip is 59e86d66649ebbd7d5958b0b9d80541590eac7718e55babfd326b4af1e495af1
build	Upload .so	2026-10-09T16:54:10.1649886Z Finalizing artifact upload
build	Upload .so	2026-10-09T16:54:10.4963348Z Artifact YAMGG-so.zip successfully finalized. Artifact ID 11631996431
build	Upload .so	2026-10-09T16:54:10.4964657Z Artifact YAMGG-so has been successfully uploaded! Final size is 8733113 bytes. Artifact ID is 11631996431
build	Upload .so	2026-10-09T16:54:10.4971219Z Artifact download URL: https://github.com/Yamin843/YAM-GG/actions/runs/37962202166/artifacts/11631996431
build	Upload build log	﻿2026-10-09T16:54:10.5124988Z ##[group]Run actions/upload-artifact@v4
build	Upload build log	2026-10-09T16:54:10.5125301Z with:
build	Upload build log	2026-10-09T16:54:10.5125504Z   name: YAMGG-build-log
build	Upload build log	2026-10-09T16:54:10.5125742Z   path: /tmp/ndk-build.log
build	Upload build log	2026-10-09T16:54:10.5125987Z   if-no-files-found: warn
build	Upload build log	2026-10-09T16:54:10.5126226Z   compression-level: 6
build	Upload build log	2026-10-09T16:54:10.5126442Z   overwrite: false
build	Upload build log	2026-10-09T16:54:10.5126660Z   include-hidden-files: false
build	Upload build log	2026-10-09T16:54:10.5126893Z env:
build	Upload build log	2026-10-09T16:54:10.5127102Z   ANDROID_HOME: /usr/local/lib/android/sdk
build	Upload build log	2026-10-09T16:54:10.5127406Z   ANDROID_SDK_ROOT: /usr/local/lib/android/sdk
build	Upload build log	2026-10-09T16:54:10.5127693Z   NDK_VERSION: 26.1.10909125
build	Upload build log	2026-10-09T16:54:10.5128028Z   JAVA_HOME: /opt/hostedtoolcache/Java_Temurin-Hotspot_jdk/17.0.20-1/x64
build	Upload build log	2026-10-09T16:54:10.5128526Z   JAVA_HOME_17_X64: /opt/hostedtoolcache/Java_Temurin-Hotspot_jdk/17.0.20-1/x64
build	Upload build log	2026-10-09T16:54:10.5129320Z ##[endgroup]
build	Upload build log	2026-10-09T16:54:10.6816723Z (node:3213) [DEP0040] DeprecationWarning: The `punycode` module is deprecated. Please use a userland alternative instead.
build	Upload build log	2026-10-09T16:54:10.6818153Z (Use `node --trace-deprecation ...` to show where the warning was created)
build	Upload build log	2026-10-09T16:54:10.6862482Z With the provided path, there will be 1 file uploaded
build	Upload build log	2026-10-09T16:54:10.6878388Z Artifact name is valid!
build	Upload build log	2026-10-09T16:54:10.6879497Z Root directory input is valid!
build	Upload build log	2026-10-09T16:54:11.2276202Z Beginning upload of artifact content to blob storage
build	Upload build log	2026-10-09T16:54:11.2504179Z (node:3213) [DEP0169] DeprecationWarning: `url.parse()` behavior is not standardized and prone to errors that have security implications. Use the WHATWG URL API instead. CVEs are not issued for `url.parse()` vulnerabilities.
build	Upload build log	2026-10-09T16:54:11.7109454Z Uploaded bytes 6673
build	Upload build log	2026-10-09T16:54:11.8332052Z Finished uploading artifact content to blob storage!
build	Upload build log	2026-10-09T16:54:11.8332891Z SHA256 digest of uploaded artifact zip is 3b043bbdbbec54f8a2b747745c47f7b99f33fcdb2452abba90b7bcbbeee24c65
build	Upload build log	2026-10-09T16:54:11.8334918Z Finalizing artifact upload
build	Upload build log	2026-10-09T16:54:12.1578360Z Artifact YAMGG-build-log.zip successfully finalized. Artifact ID 11631696727
build	Upload build log	2026-10-09T16:54:12.1579473Z Artifact YAMGG-build-log has been successfully uploaded! Final size is 6673 bytes. Artifact ID is 11631696727
build	Upload build log	2026-10-09T16:54:12.1585964Z Artifact download URL: https://github.com/Yamin843/YAM-GG/actions/runs/37962202166/artifacts/11631696727
build	Post Setup Java 17	﻿2026-10-09T16:54:12.1789093Z Post job cleanup.
build	Post Setup Java 17	2026-10-09T16:54:12.3117962Z (node:3225) [DEP0040] DeprecationWarning: The `punycode` module is deprecated. Please use a userland alternative instead.
build	Post Setup Java 17	2026-10-09T16:54:12.3119042Z (Use `node --trace-deprecation ...` to show where the warning was created)
build	Post Checkout	﻿2026-10-09T16:54:12.3326510Z Post job cleanup.
build	Post Checkout	2026-10-09T16:54:12.4323816Z [command]/usr/bin/git version
build	Post Checkout	2026-10-09T16:54:12.4373473Z git version 2.55.0
build	Post Checkout	2026-10-09T16:54:12.4417078Z Temporarily overriding HOME='/home/runner/work/_temp/d243d8ee-ebfe-40ca-8ddb-8f38ab06976f' before making global git config changes
build	Post Checkout	2026-10-09T16:54:12.4418507Z Adding repository directory to the temporary git global config as a safe directory
build	Post Checkout	2026-10-09T16:54:12.4423381Z [command]/usr/bin/git config --global --add safe.directory /home/runner/work/YAM-GG/YAM-GG
build	Post Checkout	2026-10-09T16:54:12.4463382Z [command]/usr/bin/git config --local --name-only --get-regexp core\.sshCommand
build	Post Checkout	2026-10-09T16:54:12.4506813Z [command]/usr/bin/git submodule foreach --recursive sh -c "git config --local --name-only --get-regexp 'core\.sshCommand' && git config --local --unset-all 'core.sshCommand' || :"
build	Post Checkout	2026-10-09T16:54:12.4762804Z [command]/usr/bin/git config --local --name-only --get-regexp http\.https\:\/\/github\.com\/\.extraheader
build	Post Checkout	2026-10-09T16:54:12.4792599Z http.https://github.com/.extraheader
build	Post Checkout	2026-10-09T16:54:12.4804159Z [command]/usr/bin/git config --local --unset-all http.https://github.com/.extraheader
build	Post Checkout	2026-10-09T16:54:12.4839912Z [command]/usr/bin/git submodule foreach --recursive sh -c "git config --local --name-only --get-regexp 'http\.https\:\/\/github\.com\/\.extraheader' && git config --local --unset-all 'http.https://github.com/.extraheader' || :"
build	Post Checkout	2026-10-09T16:54:12.5113743Z [command]/usr/bin/git config --local --name-only --get-regexp ^includeIf\.gitdir:
build	Post Checkout	2026-10-09T16:54:12.5151427Z [command]/usr/bin/git submodule foreach --recursive git config --local --show-origin --name-only --get-regexp remote.origin.url
build	Complete job	﻿2026-10-09T16:54:12.5575196Z Cleaning up orphan processes
build	Complete job	2026-10-09T16:54:12.5855916Z ##[warning]Node.js 20 is deprecated. The following actions target Node.js 20 but are being forced to run on Node.js 24: actions/checkout@v4, actions/setup-java@v4, actions/upload-artifact@v4. For more information see: https://github.blog/changelog/2025-09-19-deprecation-of-node-20-on-github-actions-runners/
