build	Set up job	﻿2026-10-11T03:00:35.9782729Z Current runner version: '2.337.0'
build	Set up job	2026-10-11T03:00:35.9800311Z ##[group]Runner Image Provisioner
build	Set up job	2026-10-11T03:00:35.9800860Z Hosted Compute Agent
build	Set up job	2026-10-11T03:00:35.9801275Z Version: 20261002.596
build	Set up job	2026-10-11T03:00:35.9801669Z Commit: c3d12f3313a95f25162a1503be624f3b0617f8c0
build	Set up job	2026-10-11T03:00:35.9802100Z Build Date: 2026-10-02T22:28:27Z
build	Set up job	2026-10-11T03:00:35.9802574Z Worker ID: {87862835-8339-4ef0-b80e-732ce34964ac}
build	Set up job	2026-10-11T03:00:35.9802991Z Region: centralus
build	Set up job	2026-10-11T03:00:35.9803377Z Cloud: Azure
build	Set up job	2026-10-11T03:00:35.9803716Z ##[endgroup]
build	Set up job	2026-10-11T03:00:35.9804465Z ##[group]Operating System
build	Set up job	2026-10-11T03:00:35.9804900Z Ubuntu
build	Set up job	2026-10-11T03:00:35.9805221Z 24.04.5
build	Set up job	2026-10-11T03:00:35.9805521Z LTS
build	Set up job	2026-10-11T03:00:35.9805878Z ##[endgroup]
build	Set up job	2026-10-11T03:00:35.9806392Z ##[group]Runner Image
build	Set up job	2026-10-11T03:00:35.9806802Z Image: ubuntu-24.04
build	Set up job	2026-10-11T03:00:35.9807161Z Version: 20261004.327.1
build	Set up job	2026-10-11T03:00:35.9807792Z Included Software: https://github.com/actions/runner-images/blob/ubuntu24/20261004.327/images/ubuntu/Ubuntu2404-Readme.md
build	Set up job	2026-10-11T03:00:35.9808817Z Image Release: https://github.com/actions/runner-images/releases/tag/ubuntu24%2F20261004.327
build	Set up job	2026-10-11T03:00:35.9809440Z ##[endgroup]
build	Set up job	2026-10-11T03:00:35.9810125Z ##[group]GITHUB_TOKEN Permissions
build	Set up job	2026-10-11T03:00:35.9811356Z Contents: read
build	Set up job	2026-10-11T03:00:35.9811704Z Metadata: read
build	Set up job	2026-10-11T03:00:35.9812063Z ##[endgroup]
build	Set up job	2026-10-11T03:00:35.9813399Z Secret source: Actions
build	Set up job	2026-10-11T03:00:35.9813924Z Cache mode: write
build	Set up job	2026-10-11T03:00:35.9814409Z Prepare workflow directory
build	Set up job	2026-10-11T03:00:36.0057332Z Prepare all required actions
build	Set up job	2026-10-11T03:00:36.0089123Z Getting action download info
build	Set up job	2026-10-11T03:00:36.2293002Z Download action repository 'actions/checkout@v4' (SHA:11d5960a326750d5838078e36cf38b85af677262)
build	Set up job	2026-10-11T03:00:36.2990083Z Download action repository 'actions/setup-java@v4' (SHA:cf277c60eb25467037889841efdb72551f06f6c3)
build	Set up job	2026-10-11T03:00:36.8361288Z Download action repository 'actions/upload-artifact@v4' (SHA:ea165f8d65b6e75b540449e92b4886f43607fa02)
build	Set up job	2026-10-11T03:00:37.0536725Z Complete job name: build
build	Checkout	﻿2026-10-11T03:00:37.1038711Z ##[group]Run actions/checkout@v4
build	Checkout	2026-10-11T03:00:37.1039188Z with:
build	Checkout	2026-10-11T03:00:37.1039450Z   submodules: false
build	Checkout	2026-10-11T03:00:37.1039729Z   repository: Yamin843/YAM-GG
build	Checkout	2026-10-11T03:00:37.1041942Z   token: ***
build	Checkout	2026-10-11T03:00:37.1042198Z   ssh-strict: true
build	Checkout	2026-10-11T03:00:37.1042464Z   ssh-user: git
build	Checkout	2026-10-11T03:00:37.1042734Z   persist-credentials: true
build	Checkout	2026-10-11T03:00:37.1043032Z   clean: true
build	Checkout	2026-10-11T03:00:37.1043302Z   sparse-checkout-cone-mode: true
build	Checkout	2026-10-11T03:00:37.1043620Z   fetch-depth: 1
build	Checkout	2026-10-11T03:00:37.1043880Z   fetch-tags: false
build	Checkout	2026-10-11T03:00:37.1044155Z   show-progress: true
build	Checkout	2026-10-11T03:00:37.1044422Z   lfs: false
build	Checkout	2026-10-11T03:00:37.1044698Z   set-safe-directory: true
build	Checkout	2026-10-11T03:00:37.1045001Z   allow-unsafe-pr-checkout: false
build	Checkout	2026-10-11T03:00:37.1045380Z env:
build	Checkout	2026-10-11T03:00:37.1045646Z   ANDROID_HOME: /usr/local/lib/android/sdk
build	Checkout	2026-10-11T03:00:37.1046006Z   ANDROID_SDK_ROOT: /usr/local/lib/android/sdk
build	Checkout	2026-10-11T03:00:37.1046572Z   NDK_VERSION: 26.1.10909125
build	Checkout	2026-10-11T03:00:37.1046892Z ##[endgroup]
build	Checkout	2026-10-11T03:00:37.1703259Z Syncing repository: Yamin843/YAM-GG
build	Checkout	2026-10-11T03:00:37.1705209Z ##[group]Getting Git version info
build	Checkout	2026-10-11T03:00:37.1705898Z Working directory is '/home/runner/work/YAM-GG/YAM-GG'
build	Checkout	2026-10-11T03:00:37.1707045Z [command]/usr/bin/git version
build	Checkout	2026-10-11T03:00:37.1778463Z git version 2.55.0
build	Checkout	2026-10-11T03:00:37.1792162Z ##[endgroup]
build	Checkout	2026-10-11T03:00:37.1803419Z Temporarily overriding HOME='/home/runner/work/_temp/f19a24fa-c423-4426-8834-f1c469f0a331' before making global git config changes
build	Checkout	2026-10-11T03:00:37.1804828Z Adding repository directory to the temporary git global config as a safe directory
build	Checkout	2026-10-11T03:00:37.1807447Z [command]/usr/bin/git config --global --add safe.directory /home/runner/work/YAM-GG/YAM-GG
build	Checkout	2026-10-11T03:00:37.1854277Z Deleting the contents of '/home/runner/work/YAM-GG/YAM-GG'
build	Checkout	2026-10-11T03:00:37.1859995Z ##[group]Initializing the repository
build	Checkout	2026-10-11T03:00:37.1867292Z [command]/usr/bin/git init /home/runner/work/YAM-GG/YAM-GG
build	Checkout	2026-10-11T03:00:37.1942106Z hint: Using 'master' as the name for the initial branch. This default branch name
build	Checkout	2026-10-11T03:00:37.1943127Z hint: will change to "main" in Git 3.0. To configure the initial branch name
build	Checkout	2026-10-11T03:00:37.1943689Z hint: to use in all of your new repositories, which will suppress this warning,
build	Checkout	2026-10-11T03:00:37.1944131Z hint: call:
build	Checkout	2026-10-11T03:00:37.1944377Z hint:
build	Checkout	2026-10-11T03:00:37.1944704Z hint: 	git config --global init.defaultBranch <name>
build	Checkout	2026-10-11T03:00:37.1945076Z hint:
build	Checkout	2026-10-11T03:00:37.1945424Z hint: Names commonly chosen instead of 'master' are 'main', 'trunk' and
build	Checkout	2026-10-11T03:00:37.1945983Z hint: 'development'. The just-created branch can be renamed via this command:
build	Checkout	2026-10-11T03:00:37.1946573Z hint:
build	Checkout	2026-10-11T03:00:37.1946838Z hint: 	git branch -m <name>
build	Checkout	2026-10-11T03:00:37.1947124Z hint:
build	Checkout	2026-10-11T03:00:37.1947496Z hint: Disable this message with "git config set advice.defaultBranchName false"
build	Checkout	2026-10-11T03:00:37.1951952Z Initialized empty Git repository in /home/runner/work/YAM-GG/YAM-GG/.git/
build	Checkout	2026-10-11T03:00:37.1960950Z [command]/usr/bin/git remote add origin https://github.com/Yamin843/YAM-GG
build	Checkout	2026-10-11T03:00:37.2008792Z ##[endgroup]
build	Checkout	2026-10-11T03:00:37.2009659Z ##[group]Disabling automatic garbage collection
build	Checkout	2026-10-11T03:00:37.2012048Z [command]/usr/bin/git config --local gc.auto 0
build	Checkout	2026-10-11T03:00:37.2040884Z ##[endgroup]
build	Checkout	2026-10-11T03:00:37.2041684Z ##[group]Setting up auth
build	Checkout	2026-10-11T03:00:37.2047090Z [command]/usr/bin/git config --local --name-only --get-regexp core\.sshCommand
build	Checkout	2026-10-11T03:00:37.2076896Z [command]/usr/bin/git submodule foreach --recursive sh -c "git config --local --name-only --get-regexp 'core\.sshCommand' && git config --local --unset-all 'core.sshCommand' || :"
build	Checkout	2026-10-11T03:00:37.2376297Z [command]/usr/bin/git config --local --name-only --get-regexp http\.https\:\/\/github\.com\/\.extraheader
build	Checkout	2026-10-11T03:00:37.2407113Z [command]/usr/bin/git submodule foreach --recursive sh -c "git config --local --name-only --get-regexp 'http\.https\:\/\/github\.com\/\.extraheader' && git config --local --unset-all 'http.https://github.com/.extraheader' || :"
build	Checkout	2026-10-11T03:00:37.2583480Z [command]/usr/bin/git config --local --name-only --get-regexp ^includeIf\.gitdir:
build	Checkout	2026-10-11T03:00:37.2613140Z [command]/usr/bin/git submodule foreach --recursive git config --local --show-origin --name-only --get-regexp remote.origin.url
build	Checkout	2026-10-11T03:00:37.2788300Z [command]/usr/bin/git config --local http.https://github.com/.extraheader AUTHORIZATION: basic ***
build	Checkout	2026-10-11T03:00:37.2853540Z ##[endgroup]
build	Checkout	2026-10-11T03:00:37.2854284Z ##[group]Fetching the repository
build	Checkout	2026-10-11T03:00:37.2855572Z [command]/usr/bin/git -c protocol.version=2 fetch --no-tags --prune --no-recurse-submodules --depth=1 origin +102cb86c4321ccd718dc41675e42616b3a88cb7c:refs/remotes/origin/main
build	Checkout	2026-10-11T03:00:39.5361174Z From https://github.com/Yamin843/YAM-GG
build	Checkout	2026-10-11T03:00:39.5361968Z  * [new ref]         102cb86c4321ccd718dc41675e42616b3a88cb7c -> origin/main
build	Checkout	2026-10-11T03:00:39.5364733Z ##[endgroup]
build	Checkout	2026-10-11T03:00:39.5365168Z ##[group]Determining the checkout info
build	Checkout	2026-10-11T03:00:39.5371315Z ##[endgroup]
build	Checkout	2026-10-11T03:00:39.5372685Z [command]/usr/bin/git sparse-checkout disable
build	Checkout	2026-10-11T03:00:39.5418455Z [command]/usr/bin/git config --local --unset-all extensions.worktreeConfig
build	Checkout	2026-10-11T03:00:39.5444867Z ##[group]Checking out the ref
build	Checkout	2026-10-11T03:00:39.5447827Z [command]/usr/bin/git checkout --progress --force -B main refs/remotes/origin/main
build	Checkout	2026-10-11T03:00:39.7224169Z Switched to a new branch 'main'
build	Checkout	2026-10-11T03:00:39.7228019Z branch 'main' set up to track 'origin/main'.
build	Checkout	2026-10-11T03:00:39.7250461Z ##[endgroup]
build	Checkout	2026-10-11T03:00:39.7291483Z [command]/usr/bin/git log -1 --format=%H
build	Checkout	2026-10-11T03:00:39.7314096Z 102cb86c4321ccd718dc41675e42616b3a88cb7c
build	Setup Java 17	﻿2026-10-11T03:00:39.7516693Z ##[group]Run actions/setup-java@v4
build	Setup Java 17	2026-10-11T03:00:39.7516937Z with:
build	Setup Java 17	2026-10-11T03:00:39.7517229Z   java-version: 17
build	Setup Java 17	2026-10-11T03:00:39.7517382Z   distribution: temurin
build	Setup Java 17	2026-10-11T03:00:39.7517541Z   java-package: jdk
build	Setup Java 17	2026-10-11T03:00:39.7517700Z   check-latest: false
build	Setup Java 17	2026-10-11T03:00:39.7517853Z   server-id: github
build	Setup Java 17	2026-10-11T03:00:39.7518011Z   server-username: GITHUB_ACTOR
build	Setup Java 17	2026-10-11T03:00:39.7518192Z   server-password: GITHUB_TOKEN
build	Setup Java 17	2026-10-11T03:00:39.7518370Z   overwrite-settings: true
build	Setup Java 17	2026-10-11T03:00:39.7518538Z   job-status: success
build	Setup Java 17	2026-10-11T03:00:39.7519882Z   token: ***
build	Setup Java 17	2026-10-11T03:00:39.7520023Z env:
build	Setup Java 17	2026-10-11T03:00:39.7520179Z   ANDROID_HOME: /usr/local/lib/android/sdk
build	Setup Java 17	2026-10-11T03:00:39.7520427Z   ANDROID_SDK_ROOT: /usr/local/lib/android/sdk
build	Setup Java 17	2026-10-11T03:00:39.7520654Z   NDK_VERSION: 26.1.10909125
build	Setup Java 17	2026-10-11T03:00:39.7520848Z ##[endgroup]
build	Setup Java 17	2026-10-11T03:00:39.8560119Z ##[warning]setup-java v4 is deprecated and will no longer receive updates. Please migrate to actions/setup-java@v5.
build	Setup Java 17	2026-10-11T03:00:39.8565542Z ##[group]Installed distributions
build	Setup Java 17	2026-10-11T03:00:39.8584104Z Resolved Java 17.0.20+1 from tool-cache
build	Setup Java 17	2026-10-11T03:00:39.8584468Z Setting Java 17.0.20+1 as the default
build	Setup Java 17	2026-10-11T03:00:39.8590750Z (node:2074) [DEP0040] DeprecationWarning: The `punycode` module is deprecated. Please use a userland alternative instead.
build	Setup Java 17	2026-10-11T03:00:39.8591189Z (Use `node --trace-deprecation ...` to show where the warning was created)
build	Setup Java 17	2026-10-11T03:00:39.8593095Z Creating toolchains.xml for JDK version 17 from temurin
build	Setup Java 17	2026-10-11T03:00:39.8637908Z Writing to /home/runner/.m2/toolchains.xml
build	Setup Java 17	2026-10-11T03:00:39.8638369Z 
build	Setup Java 17	2026-10-11T03:00:39.8638486Z Java configuration:
build	Setup Java 17	2026-10-11T03:00:39.8638734Z   Distribution: temurin
build	Setup Java 17	2026-10-11T03:00:39.8638976Z   Version: 17.0.20+1
build	Setup Java 17	2026-10-11T03:00:39.8639280Z   Path: /opt/hostedtoolcache/Java_Temurin-Hotspot_jdk/17.0.20-1/x64
build	Setup Java 17	2026-10-11T03:00:39.8639458Z 
build	Setup Java 17	2026-10-11T03:00:39.8639673Z ##[endgroup]
build	Setup Java 17	2026-10-11T03:00:39.8653271Z Creating settings.xml with server-id: github
build	Setup Java 17	2026-10-11T03:00:39.8677708Z Writing to /home/runner/.m2/settings.xml
build	Reassemble libyamjs.a from parts	﻿2026-10-11T03:00:39.8813874Z ##[group]Run LIB_DIR=app/src/main/jni/all_libs/YAM-G/LIBYAMJS
build	Reassemble libyamjs.a from parts	2026-10-11T03:00:39.8814579Z ^[[36;1mLIB_DIR=app/src/main/jni/all_libs/YAM-G/LIBYAMJS^[[0m
build	Reassemble libyamjs.a from parts	2026-10-11T03:00:39.8814943Z ^[[36;1mcd "$LIB_DIR"^[[0m
build	Reassemble libyamjs.a from parts	2026-10-11T03:00:39.8815192Z ^[[36;1m^[[0m
build	Reassemble libyamjs.a from parts	2026-10-11T03:00:39.8815432Z ^[[36;1mecho "=== parts available ==="^[[0m
build	Reassemble libyamjs.a from parts	2026-10-11T03:00:39.8815777Z ^[[36;1mls -la libyamjs.a.part* 2>/dev/null || {^[[0m
build	Reassemble libyamjs.a from parts	2026-10-11T03:00:39.8816480Z ^[[36;1m  echo "ERROR: no .part files found"^[[0m
build	Reassemble libyamjs.a from parts	2026-10-11T03:00:39.8817033Z ^[[36;1m  exit 1^[[0m
build	Reassemble libyamjs.a from parts	2026-10-11T03:00:39.8817326Z ^[[36;1m}^[[0m
build	Reassemble libyamjs.a from parts	2026-10-11T03:00:39.8817585Z ^[[36;1m^[[0m
build	Reassemble libyamjs.a from parts	2026-10-11T03:00:39.8817864Z ^[[36;1mecho ""^[[0m
build	Reassemble libyamjs.a from parts	2026-10-11T03:00:39.8818153Z ^[[36;1mecho "=== concatenating ==="^[[0m
build	Reassemble libyamjs.a from parts	2026-10-11T03:00:39.8818465Z ^[[36;1mcat libyamjs.a.part* > libyamjs.a^[[0m
build	Reassemble libyamjs.a from parts	2026-10-11T03:00:39.8818762Z ^[[36;1m^[[0m
build	Reassemble libyamjs.a from parts	2026-10-11T03:00:39.8818974Z ^[[36;1mecho ""^[[0m
build	Reassemble libyamjs.a from parts	2026-10-11T03:00:39.8819209Z ^[[36;1mecho "=== result ==="^[[0m
build	Reassemble libyamjs.a from parts	2026-10-11T03:00:39.8819494Z ^[[36;1mls -la libyamjs.a^[[0m
build	Reassemble libyamjs.a from parts	2026-10-11T03:00:39.8819837Z ^[[36;1mSIZE=$(stat -c%s libyamjs.a)^[[0m
build	Reassemble libyamjs.a from parts	2026-10-11T03:00:39.8820126Z ^[[36;1mecho "Size: $SIZE bytes"^[[0m
build	Reassemble libyamjs.a from parts	2026-10-11T03:00:39.8820392Z ^[[36;1m^[[0m
build	Reassemble libyamjs.a from parts	2026-10-11T03:00:39.8820619Z ^[[36;1mif [ "$SIZE" -lt 100000000 ]; then^[[0m
build	Reassemble libyamjs.a from parts	2026-10-11T03:00:39.8820943Z ^[[36;1m  echo "ERROR: reassembled file too small"^[[0m
build	Reassemble libyamjs.a from parts	2026-10-11T03:00:39.8821256Z ^[[36;1m  exit 1^[[0m
build	Reassemble libyamjs.a from parts	2026-10-11T03:00:39.8821480Z ^[[36;1mfi^[[0m
build	Reassemble libyamjs.a from parts	2026-10-11T03:00:39.8821689Z ^[[36;1m^[[0m
build	Reassemble libyamjs.a from parts	2026-10-11T03:00:39.8821904Z ^[[36;1mecho ""^[[0m
build	Reassemble libyamjs.a from parts	2026-10-11T03:00:39.8822189Z ^[[36;1mecho "=== cleanup parts ==="^[[0m
build	Reassemble libyamjs.a from parts	2026-10-11T03:00:39.8822547Z ^[[36;1mrm -f libyamjs.a.part*^[[0m
build	Reassemble libyamjs.a from parts	2026-10-11T03:00:39.8822876Z ^[[36;1m^[[0m
build	Reassemble libyamjs.a from parts	2026-10-11T03:00:39.8823160Z ^[[36;1mecho "OK"^[[0m
build	Reassemble libyamjs.a from parts	2026-10-11T03:00:39.9062548Z shell: /usr/bin/bash -e {0}
build	Reassemble libyamjs.a from parts	2026-10-11T03:00:39.9062837Z env:
build	Reassemble libyamjs.a from parts	2026-10-11T03:00:39.9063033Z   ANDROID_HOME: /usr/local/lib/android/sdk
build	Reassemble libyamjs.a from parts	2026-10-11T03:00:39.9063254Z   ANDROID_SDK_ROOT: /usr/local/lib/android/sdk
build	Reassemble libyamjs.a from parts	2026-10-11T03:00:39.9063457Z   NDK_VERSION: 26.1.10909125
build	Reassemble libyamjs.a from parts	2026-10-11T03:00:39.9063888Z   JAVA_HOME: /opt/hostedtoolcache/Java_Temurin-Hotspot_jdk/17.0.20-1/x64
build	Reassemble libyamjs.a from parts	2026-10-11T03:00:39.9064202Z   JAVA_HOME_17_X64: /opt/hostedtoolcache/Java_Temurin-Hotspot_jdk/17.0.20-1/x64
build	Reassemble libyamjs.a from parts	2026-10-11T03:00:39.9064450Z ##[endgroup]
build	Reassemble libyamjs.a from parts	2026-10-11T03:00:39.9156753Z === parts available ===
build	Reassemble libyamjs.a from parts	2026-10-11T03:00:39.9168864Z -rw-r--r-- 1 runner runner 62914560 Oct 11 03:00 libyamjs.a.part00
build	Reassemble libyamjs.a from parts	2026-10-11T03:00:39.9169387Z -rw-r--r-- 1 runner runner 58531068 Oct 11 03:00 libyamjs.a.part01
build	Reassemble libyamjs.a from parts	2026-10-11T03:00:39.9170207Z 
build	Reassemble libyamjs.a from parts	2026-10-11T03:00:39.9170351Z === concatenating ===
build	Reassemble libyamjs.a from parts	2026-10-11T03:00:39.9470524Z 
build	Reassemble libyamjs.a from parts	2026-10-11T03:00:39.9471461Z === result ===
build	Reassemble libyamjs.a from parts	2026-10-11T03:00:39.9484443Z -rw-r--r-- 1 runner runner 121445628 Oct 11 03:00 libyamjs.a
build	Reassemble libyamjs.a from parts	2026-10-11T03:00:39.9498872Z Size: 121445628 bytes
build	Reassemble libyamjs.a from parts	2026-10-11T03:00:39.9499092Z 
build	Reassemble libyamjs.a from parts	2026-10-11T03:00:39.9499202Z === cleanup parts ===
build	Reassemble libyamjs.a from parts	2026-10-11T03:00:39.9598233Z OK
build	Inspect preinstalled SDK	﻿2026-10-11T03:00:39.9635902Z ##[group]Run echo "ANDROID_HOME=$ANDROID_HOME"
build	Inspect preinstalled SDK	2026-10-11T03:00:39.9636483Z ^[[36;1mecho "ANDROID_HOME=$ANDROID_HOME"^[[0m
build	Inspect preinstalled SDK	2026-10-11T03:00:39.9636914Z ^[[36;1mls -la $ANDROID_HOME/ 2>/dev/null || echo "(no $ANDROID_HOME)"^[[0m
build	Inspect preinstalled SDK	2026-10-11T03:00:39.9637305Z ^[[36;1mecho ""^[[0m
build	Inspect preinstalled SDK	2026-10-11T03:00:39.9637557Z ^[[36;1mecho "cmdline-tools:"^[[0m
build	Inspect preinstalled SDK	2026-10-11T03:00:39.9637912Z ^[[36;1mls $ANDROID_HOME/cmdline-tools/ 2>/dev/null || echo "(none)"^[[0m
build	Inspect preinstalled SDK	2026-10-11T03:00:39.9638220Z ^[[36;1mecho ""^[[0m
build	Inspect preinstalled SDK	2026-10-11T03:00:39.9638378Z ^[[36;1mecho "ndk preinstalled:"^[[0m
build	Inspect preinstalled SDK	2026-10-11T03:00:39.9638627Z ^[[36;1mls $ANDROID_HOME/ndk/ 2>/dev/null || echo "(none)"^[[0m
build	Inspect preinstalled SDK	2026-10-11T03:00:39.9638984Z ^[[36;1mecho ""^[[0m
build	Inspect preinstalled SDK	2026-10-11T03:00:39.9639215Z ^[[36;1mecho "build-tools:"^[[0m
build	Inspect preinstalled SDK	2026-10-11T03:00:39.9639429Z ^[[36;1mls $ANDROID_HOME/build-tools/ 2>/dev/null || echo "(none)"^[[0m
build	Inspect preinstalled SDK	2026-10-11T03:00:39.9639672Z ^[[36;1mecho ""^[[0m
build	Inspect preinstalled SDK	2026-10-11T03:00:39.9639926Z ^[[36;1mecho "platforms:"^[[0m
build	Inspect preinstalled SDK	2026-10-11T03:00:39.9640260Z ^[[36;1mls $ANDROID_HOME/platforms/ 2>/dev/null || echo "(none)"^[[0m
build	Inspect preinstalled SDK	2026-10-11T03:00:39.9702078Z shell: /usr/bin/bash -e {0}
build	Inspect preinstalled SDK	2026-10-11T03:00:39.9702268Z env:
build	Inspect preinstalled SDK	2026-10-11T03:00:39.9702528Z   ANDROID_HOME: /usr/local/lib/android/sdk
build	Inspect preinstalled SDK	2026-10-11T03:00:39.9702885Z   ANDROID_SDK_ROOT: /usr/local/lib/android/sdk
build	Inspect preinstalled SDK	2026-10-11T03:00:39.9703096Z   NDK_VERSION: 26.1.10909125
build	Inspect preinstalled SDK	2026-10-11T03:00:39.9703325Z   JAVA_HOME: /opt/hostedtoolcache/Java_Temurin-Hotspot_jdk/17.0.20-1/x64
build	Inspect preinstalled SDK	2026-10-11T03:00:39.9703817Z   JAVA_HOME_17_X64: /opt/hostedtoolcache/Java_Temurin-Hotspot_jdk/17.0.20-1/x64
build	Inspect preinstalled SDK	2026-10-11T03:00:39.9704145Z ##[endgroup]
build	Inspect preinstalled SDK	2026-10-11T03:00:39.9780163Z ANDROID_HOME=/usr/local/lib/android/sdk
build	Inspect preinstalled SDK	2026-10-11T03:00:39.9806261Z total 72
build	Inspect preinstalled SDK	2026-10-11T03:00:39.9806569Z drwxrwxrwx 11 root root  4096 Oct  4 21:51 .
build	Inspect preinstalled SDK	2026-10-11T03:00:39.9806908Z drwxr-xr-x  3 root root  4096 Oct  4 21:48 ..
build	Inspect preinstalled SDK	2026-10-11T03:00:39.9807268Z -rw-r--r--  1 root root    16 Oct  4 21:51 .knownPackages
build	Inspect preinstalled SDK	2026-10-11T03:00:39.9807635Z drwxrwxrwx  2 root root  4096 Oct  4 21:51 .temp
build	Inspect preinstalled SDK	2026-10-11T03:00:39.9808044Z drwxrwxrwx  8 root root  4096 Oct  4 21:49 build-tools
build	Inspect preinstalled SDK	2026-10-11T03:00:39.9808425Z drwxrwxrwx  4 root root  4096 Oct  4 21:51 cmake
build	Inspect preinstalled SDK	2026-10-11T03:00:39.9808781Z drwxrwxrwx  3 root root  4096 Oct  4 21:48 cmdline-tools
build	Inspect preinstalled SDK	2026-10-11T03:00:39.9809142Z drwxrwxrwx  4 root root  4096 Oct  4 21:51 extras
build	Inspect preinstalled SDK	2026-10-11T03:00:39.9809406Z drwxrwxrwx  2 root root  4096 Oct  4 21:49 licenses
build	Inspect preinstalled SDK	2026-10-11T03:00:39.9809632Z drwxrwxrwx  5 root root  4096 Oct  4 21:51 ndk
build	Inspect preinstalled SDK	2026-10-11T03:00:39.9809880Z -rw-r--r--  1 root root 21987 Oct  4 21:51 packages-list.txt
build	Inspect preinstalled SDK	2026-10-11T03:00:39.9810145Z drwxrwxrwx  3 root root  4096 Oct  4 21:49 platform-tools
build	Inspect preinstalled SDK	2026-10-11T03:00:39.9810393Z drwxrwxrwx 20 root root  4096 Oct  4 21:50 platforms
build	Inspect preinstalled SDK	2026-10-11T03:00:39.9812151Z 
build	Inspect preinstalled SDK	2026-10-11T03:00:39.9812376Z cmdline-tools:
build	Inspect preinstalled SDK	2026-10-11T03:00:39.9822357Z latest
build	Inspect preinstalled SDK	2026-10-11T03:00:39.9824070Z 
build	Inspect preinstalled SDK	2026-10-11T03:00:39.9824483Z ndk preinstalled:
build	Inspect preinstalled SDK	2026-10-11T03:00:39.9835602Z 27.3.13750724
build	Inspect preinstalled SDK	2026-10-11T03:00:39.9835850Z 29.0.14206865
build	Inspect preinstalled SDK	2026-10-11T03:00:39.9836060Z 30.0.16248370
build	Inspect preinstalled SDK	2026-10-11T03:00:39.9837130Z 
build	Inspect preinstalled SDK	2026-10-11T03:00:39.9837264Z build-tools:
build	Inspect preinstalled SDK	2026-10-11T03:00:39.9848739Z 34.0.0
build	Inspect preinstalled SDK	2026-10-11T03:00:39.9849069Z 35.0.0
build	Inspect preinstalled SDK	2026-10-11T03:00:39.9849283Z 35.0.1
build	Inspect preinstalled SDK	2026-10-11T03:00:39.9849479Z 36.0.0
build	Inspect preinstalled SDK	2026-10-11T03:00:39.9849676Z 36.1.0
build	Inspect preinstalled SDK	2026-10-11T03:00:39.9849889Z 37.0.0
build	Inspect preinstalled SDK	2026-10-11T03:00:39.9850287Z 
build	Inspect preinstalled SDK	2026-10-11T03:00:39.9850385Z platforms:
build	Inspect preinstalled SDK	2026-10-11T03:00:39.9861527Z android-34
build	Inspect preinstalled SDK	2026-10-11T03:00:39.9861774Z android-34-ext10
build	Inspect preinstalled SDK	2026-10-11T03:00:39.9862043Z android-34-ext11
build	Inspect preinstalled SDK	2026-10-11T03:00:39.9862281Z android-34-ext12
build	Inspect preinstalled SDK	2026-10-11T03:00:39.9862502Z android-34-ext8
build	Inspect preinstalled SDK	2026-10-11T03:00:39.9862720Z android-35
build	Inspect preinstalled SDK	2026-10-11T03:00:39.9862935Z android-35-ext14
build	Inspect preinstalled SDK	2026-10-11T03:00:39.9863091Z android-35-ext15
build	Inspect preinstalled SDK	2026-10-11T03:00:39.9863237Z android-36
build	Inspect preinstalled SDK	2026-10-11T03:00:39.9863376Z android-36-ext18
build	Inspect preinstalled SDK	2026-10-11T03:00:39.9863522Z android-36-ext19
build	Inspect preinstalled SDK	2026-10-11T03:00:39.9863663Z android-36.1
build	Inspect preinstalled SDK	2026-10-11T03:00:39.9863807Z android-37.0
build	Inspect preinstalled SDK	2026-10-11T03:00:39.9863947Z android-37.1
build	Inspect preinstalled SDK	2026-10-11T03:00:39.9864104Z android-37.2
build	Inspect preinstalled SDK	2026-10-11T03:00:39.9864423Z android-37.2-beta1
build	Inspect preinstalled SDK	2026-10-11T03:00:39.9864628Z android-37.2-beta2
build	Inspect preinstalled SDK	2026-10-11T03:00:39.9864890Z android-37.2-beta3
build	Install NDK + Build Tools	﻿2026-10-11T03:00:39.9888655Z ##[group]Run set -e
build	Install NDK + Build Tools	2026-10-11T03:00:39.9888859Z ^[[36;1mset -e^[[0m
build	Install NDK + Build Tools	2026-10-11T03:00:39.9889002Z ^[[36;1m^[[0m
build	Install NDK + Build Tools	2026-10-11T03:00:39.9889141Z ^[[36;1mCMDPATH=""^[[0m
build	Install NDK + Build Tools	2026-10-11T03:00:39.9889321Z ^[[36;1mfor v in 19.0 18.0 17.0 16.0 15.0 latest; do^[[0m
build	Install NDK + Build Tools	2026-10-11T03:00:39.9889563Z ^[[36;1m    if [ -d "$ANDROID_HOME/cmdline-tools/$v/bin" ]; then^[[0m
build	Install NDK + Build Tools	2026-10-11T03:00:39.9889812Z ^[[36;1m        CMDPATH="$ANDROID_HOME/cmdline-tools/$v/bin"^[[0m
build	Install NDK + Build Tools	2026-10-11T03:00:39.9890022Z ^[[36;1m        break^[[0m
build	Install NDK + Build Tools	2026-10-11T03:00:39.9890171Z ^[[36;1m    fi^[[0m
build	Install NDK + Build Tools	2026-10-11T03:00:39.9890315Z ^[[36;1mdone^[[0m
build	Install NDK + Build Tools	2026-10-11T03:00:39.9890455Z ^[[36;1m^[[0m
build	Install NDK + Build Tools	2026-10-11T03:00:39.9890601Z ^[[36;1mif [ -z "$CMDPATH" ]; then^[[0m
build	Install NDK + Build Tools	2026-10-11T03:00:39.9890799Z ^[[36;1m    echo "ERROR: cmdline-tools not found"^[[0m
build	Install NDK + Build Tools	2026-10-11T03:00:39.9891042Z ^[[36;1m    find $ANDROID_HOME -name sdkmanager -type f 2>/dev/null^[[0m
build	Install NDK + Build Tools	2026-10-11T03:00:39.9891262Z ^[[36;1m    exit 1^[[0m
build	Install NDK + Build Tools	2026-10-11T03:00:39.9891411Z ^[[36;1mfi^[[0m
build	Install NDK + Build Tools	2026-10-11T03:00:39.9891546Z ^[[36;1m^[[0m
build	Install NDK + Build Tools	2026-10-11T03:00:39.9891724Z ^[[36;1mecho "Using cmdline-tools at: $CMDPATH"^[[0m
build	Install NDK + Build Tools	2026-10-11T03:00:39.9891933Z ^[[36;1mSDKMANAGER="$CMDPATH/sdkmanager"^[[0m
build	Install NDK + Build Tools	2026-10-11T03:00:39.9892114Z ^[[36;1m^[[0m
build	Install NDK + Build Tools	2026-10-11T03:00:39.9892293Z ^[[36;1myes | "$SDKMANAGER" --licenses > /dev/null 2>&1 || true^[[0m
build	Install NDK + Build Tools	2026-10-11T03:00:39.9892501Z ^[[36;1m^[[0m
build	Install NDK + Build Tools	2026-10-11T03:00:39.9892681Z ^[[36;1m"$SDKMANAGER" --install "ndk;$NDK_VERSION" 2>&1 | tail -3^[[0m
build	Install NDK + Build Tools	2026-10-11T03:00:39.9892945Z ^[[36;1m"$SDKMANAGER" --install "build-tools;34.0.0" 2>&1 | tail -3^[[0m
build	Install NDK + Build Tools	2026-10-11T03:00:39.9893218Z ^[[36;1m"$SDKMANAGER" --install "platforms;android-34" 2>&1 | tail -3^[[0m
build	Install NDK + Build Tools	2026-10-11T03:00:39.9893439Z ^[[36;1m^[[0m
build	Install NDK + Build Tools	2026-10-11T03:00:39.9893576Z ^[[36;1mecho ""^[[0m
build	Install NDK + Build Tools	2026-10-11T03:00:39.9893720Z ^[[36;1mecho "NDK:"^[[0m
build	Install NDK + Build Tools	2026-10-11T03:00:39.9893882Z ^[[36;1mls -la $ANDROID_HOME/ndk/^[[0m
build	Install NDK + Build Tools	2026-10-11T03:00:39.9894104Z ^[[36;1m$ANDROID_HOME/ndk/$NDK_VERSION/ndk-build --version^[[0m
build	Install NDK + Build Tools	2026-10-11T03:00:39.9945182Z shell: /usr/bin/bash -e {0}
build	Install NDK + Build Tools	2026-10-11T03:00:39.9945359Z env:
build	Install NDK + Build Tools	2026-10-11T03:00:39.9945517Z   ANDROID_HOME: /usr/local/lib/android/sdk
build	Install NDK + Build Tools	2026-10-11T03:00:39.9945724Z   ANDROID_SDK_ROOT: /usr/local/lib/android/sdk
build	Install NDK + Build Tools	2026-10-11T03:00:39.9945923Z   NDK_VERSION: 26.1.10909125
build	Install NDK + Build Tools	2026-10-11T03:00:39.9946463Z   JAVA_HOME: /opt/hostedtoolcache/Java_Temurin-Hotspot_jdk/17.0.20-1/x64
build	Install NDK + Build Tools	2026-10-11T03:00:39.9946770Z   JAVA_HOME_17_X64: /opt/hostedtoolcache/Java_Temurin-Hotspot_jdk/17.0.20-1/x64
build	Install NDK + Build Tools	2026-10-11T03:00:39.9947013Z ##[endgroup]
build	Install NDK + Build Tools	2026-10-11T03:00:40.0012840Z Using cmdline-tools at: /usr/local/lib/android/sdk/cmdline-tools/latest/bin
build	Install NDK + Build Tools	2026-10-11T03:00:41.8451350Z yes: standard output: Broken pipe
build	Install NDK + Build Tools	2026-10-11T03:01:02.3170286Z Loading package information...                                                  
build	Install NDK + Build Tools	2026-10-11T03:01:02.3170789Z Loading local repository...                                                     
build	Install NDK + Build Tools	2026-10-11T03:01:02.3171282Z [                                       ] 3% Loading local repository...        
build	Install NDK + Build Tools	2026-10-11T03:01:02.3171931Z [                                       ] 3% Fetch remote repository...         
build	Install NDK + Build Tools	2026-10-11T03:01:02.3172263Z [=                                      ] 3% Fetch remote repository...         
build	Install NDK + Build Tools	2026-10-11T03:01:02.3172582Z [=                                      ] 4% Fetch remote repository...         
build	Install NDK + Build Tools	2026-10-11T03:01:02.3172905Z [=                                      ] 5% Fetch remote repository...         
build	Install NDK + Build Tools	2026-10-11T03:01:02.3173228Z [==                                     ] 5% Fetch remote repository...         
build	Install NDK + Build Tools	2026-10-11T03:01:02.3173546Z [==                                     ] 6% Fetch remote repository...         
build	Install NDK + Build Tools	2026-10-11T03:01:02.3173864Z [==                                     ] 7% Fetch remote repository...         
build	Install NDK + Build Tools	2026-10-11T03:01:02.3174174Z [==                                     ] 7% Computing updates...               
build	Install NDK + Build Tools	2026-10-11T03:01:02.3174479Z [===                                    ] 8% Computing updates...               
build	Install NDK + Build Tools	2026-10-11T03:01:02.3174794Z [===                                    ] 10% Computing updates...              
build	Install NDK + Build Tools	2026-10-11T03:01:02.3175337Z [===                                    ] 10% Installing NDK (Side by side) 26.1
build	Install NDK + Build Tools	2026-10-11T03:01:02.3175657Z [===                                    ] 10% Downloading android-ndk-r26b-linux
build	Install NDK + Build Tools	2026-10-11T03:01:02.3175978Z [====                                   ] 10% Downloading android-ndk-r26b-linux
build	Install NDK + Build Tools	2026-10-11T03:01:02.3176528Z [====                                   ] 11% Downloading android-ndk-r26b-linux
build	Install NDK + Build Tools	2026-10-11T03:01:02.3176847Z [====                                   ] 12% Downloading android-ndk-r26b-linux
build	Install NDK + Build Tools	2026-10-11T03:01:02.3177164Z [=====                                  ] 13% Downloading android-ndk-r26b-linux
build	Install NDK + Build Tools	2026-10-11T03:01:02.3177473Z [=====                                  ] 14% Downloading android-ndk-r26b-linux
build	Install NDK + Build Tools	2026-10-11T03:01:02.3177790Z [=====                                  ] 15% Downloading android-ndk-r26b-linux
build	Install NDK + Build Tools	2026-10-11T03:01:02.3178111Z [======                                 ] 15% Downloading android-ndk-r26b-linux
build	Install NDK + Build Tools	2026-10-11T03:01:02.3178427Z [======                                 ] 16% Downloading android-ndk-r26b-linux
build	Install NDK + Build Tools	2026-10-11T03:01:02.3178783Z [======                                 ] 17% Downloading android-ndk-r26b-linux
build	Install NDK + Build Tools	2026-10-11T03:01:02.3179089Z [=======                                ] 18% Downloading android-ndk-r26b-linux
build	Install NDK + Build Tools	2026-10-11T03:01:02.3179408Z [=======                                ] 19% Downloading android-ndk-r26b-linux
build	Install NDK + Build Tools	2026-10-11T03:01:02.3179745Z [=======                                ] 20% Downloading android-ndk-r26b-linux
build	Install NDK + Build Tools	2026-10-11T03:01:02.3180084Z [========                               ] 20% Downloading android-ndk-r26b-linux
build	Install NDK + Build Tools	2026-10-11T03:01:02.3180516Z [========                               ] 21% Downloading android-ndk-r26b-linux
build	Install NDK + Build Tools	2026-10-11T03:01:02.3180846Z [========                               ] 22% Downloading android-ndk-r26b-linux
build	Install NDK + Build Tools	2026-10-11T03:01:02.3181176Z [=========                              ] 23% Downloading android-ndk-r26b-linux
build	Install NDK + Build Tools	2026-10-11T03:01:02.3181512Z [=========                              ] 24% Downloading android-ndk-r26b-linux
build	Install NDK + Build Tools	2026-10-11T03:01:02.3181834Z [=========                              ] 25% Downloading android-ndk-r26b-linux
build	Install NDK + Build Tools	2026-10-11T03:01:02.3182175Z [==========                             ] 25% Downloading android-ndk-r26b-linux
build	Install NDK + Build Tools	2026-10-11T03:01:02.3186934Z [==========                             ] 26% Downloading android-ndk-r26b-linux
build	Install NDK + Build Tools	2026-10-11T03:01:02.3187544Z [==========                             ] 27% Downloading android-ndk-r26b-linux
build	Install NDK + Build Tools	2026-10-11T03:01:02.3188261Z [===========                            ] 28% Downloading android-ndk-r26b-linux
build	Install NDK + Build Tools	2026-10-11T03:01:02.3188774Z [===========                            ] 29% Downloading android-ndk-r26b-linux
build	Install NDK + Build Tools	2026-10-11T03:01:02.3189244Z [===========                            ] 30% Downloading android-ndk-r26b-linux
build	Install NDK + Build Tools	2026-10-11T03:01:02.3189715Z [============                           ] 30% Downloading android-ndk-r26b-linux
build	Install NDK + Build Tools	2026-10-11T03:01:02.3190419Z [============                           ] 31% Downloading android-ndk-r26b-linux
build	Install NDK + Build Tools	2026-10-11T03:01:02.3190893Z [============                           ] 32% Downloading android-ndk-r26b-linux
build	Install NDK + Build Tools	2026-10-11T03:01:02.3191356Z [============                           ] 33% Downloading android-ndk-r26b-linux
build	Install NDK + Build Tools	2026-10-11T03:01:02.3191807Z [============                           ] 33% Unzipping...                      
build	Install NDK + Build Tools	2026-10-11T03:01:02.3192266Z [============                           ] 33% Unzipping... android-ndk-r26b/    
build	Install NDK + Build Tools	2026-10-11T03:01:02.3192733Z [============                           ] 33% Unzipping... android-ndk-r26b/CHAN
build	Install NDK + Build Tools	2026-10-11T03:01:02.3193195Z [=============                          ] 33% Unzipping... android-ndk-r26b/CHAN
build	Install NDK + Build Tools	2026-10-11T03:01:02.3193667Z [=============                          ] 33% Unzipping... android-ndk-r26b/wrap
build	Install NDK + Build Tools	2026-10-11T03:01:02.3194141Z [=============                          ] 33% Unzipping... android-ndk-r26b/preb
build	Install NDK + Build Tools	2026-10-11T03:01:02.3194609Z [=============                          ] 33% Unzipping... android-ndk-r26b/buil
build	Install NDK + Build Tools	2026-10-11T03:01:02.3195144Z [=============                          ] 33% Unzipping... android-ndk-r26b/NOTI
build	Install NDK + Build Tools	2026-10-11T03:01:02.3195827Z [=============                          ] 33% Unzipping... android-ndk-r26b/ndk-
build	Install NDK + Build Tools	2026-10-11T03:01:02.3196489Z [=============                          ] 33% Unzipping... android-ndk-r26b/NOTI
build	Install NDK + Build Tools	2026-10-11T03:01:02.3196992Z [=============                          ] 33% Unzipping... android-ndk-r26b/meta
build	Install NDK + Build Tools	2026-10-11T03:01:02.3197487Z [=============                          ] 33% Unzipping... android-ndk-r26b/ndk-
build	Install NDK + Build Tools	2026-10-11T03:01:02.3197956Z [=============                          ] 33% Unzipping... android-ndk-r26b/pyth
build	Install NDK + Build Tools	2026-10-11T03:01:02.3198426Z [=============                          ] 33% Unzipping... android-ndk-r26b/sour
build	Install NDK + Build Tools	2026-10-11T03:01:02.3198898Z [=============                          ] 33% Unzipping... android-ndk-r26b/simp
build	Install NDK + Build Tools	2026-10-11T03:01:02.3199368Z [=============                          ] 33% Unzipping... android-ndk-r26b/ndk-
build	Install NDK + Build Tools	2026-10-11T03:01:02.3199851Z [=============                          ] 33% Unzipping... android-ndk-r26b/READ
build	Install NDK + Build Tools	2026-10-11T03:01:02.3200326Z [=============                          ] 33% Unzipping... android-ndk-r26b/tool
build	Install NDK + Build Tools	2026-10-11T03:01:02.3200812Z [=============                          ] 34% Unzipping... android-ndk-r26b/tool
build	Install NDK + Build Tools	2026-10-11T03:01:02.3201282Z [=============                          ] 35% Unzipping... android-ndk-r26b/tool
build	Install NDK + Build Tools	2026-10-11T03:01:02.3201753Z [==============                         ] 35% Unzipping... android-ndk-r26b/tool
build	Install NDK + Build Tools	2026-10-11T03:01:02.3202240Z [==============                         ] 36% Unzipping... android-ndk-r26b/tool
build	Install NDK + Build Tools	2026-10-11T03:01:02.3202709Z [==============                         ] 37% Unzipping... android-ndk-r26b/tool
build	Install NDK + Build Tools	2026-10-11T03:01:02.3203179Z [===============                        ] 38% Unzipping... android-ndk-r26b/tool
build	Install NDK + Build Tools	2026-10-11T03:01:02.3203651Z [===============                        ] 39% Unzipping... android-ndk-r26b/tool
build	Install NDK + Build Tools	2026-10-11T03:01:02.3204135Z [===============                        ] 40% Unzipping... android-ndk-r26b/tool
build	Install NDK + Build Tools	2026-10-11T03:01:02.3204610Z [================                       ] 40% Unzipping... android-ndk-r26b/tool
build	Install NDK + Build Tools	2026-10-11T03:01:02.3205074Z [================                       ] 41% Unzipping... android-ndk-r26b/tool
build	Install NDK + Build Tools	2026-10-11T03:01:02.3205539Z [================                       ] 42% Unzipping... android-ndk-r26b/tool
build	Install NDK + Build Tools	2026-10-11T03:01:02.3206006Z [=================                      ] 43% Unzipping... android-ndk-r26b/tool
build	Install NDK + Build Tools	2026-10-11T03:01:02.3207235Z [=================                      ] 44% Unzipping... android-ndk-r26b/tool
build	Install NDK + Build Tools	2026-10-11T03:01:02.3207696Z [=================                      ] 45% Unzipping... android-ndk-r26b/tool
build	Install NDK + Build Tools	2026-10-11T03:01:02.3208170Z [==================                     ] 45% Unzipping... android-ndk-r26b/tool
build	Install NDK + Build Tools	2026-10-11T03:01:02.3208638Z [==================                     ] 46% Unzipping... android-ndk-r26b/tool
build	Install NDK + Build Tools	2026-10-11T03:01:02.3209104Z [==================                     ] 47% Unzipping... android-ndk-r26b/tool
build	Install NDK + Build Tools	2026-10-11T03:01:02.3209768Z [===================                    ] 48% Unzipping... android-ndk-r26b/tool
build	Install NDK + Build Tools	2026-10-11T03:01:02.3210247Z [===================                    ] 49% Unzipping... android-ndk-r26b/tool
build	Install NDK + Build Tools	2026-10-11T03:01:02.3210724Z [===================                    ] 50% Unzipping... android-ndk-r26b/tool
build	Install NDK + Build Tools	2026-10-11T03:01:02.3211195Z [====================                   ] 50% Unzipping... android-ndk-r26b/tool
build	Install NDK + Build Tools	2026-10-11T03:01:02.3211666Z [====================                   ] 51% Unzipping... android-ndk-r26b/tool
build	Install NDK + Build Tools	2026-10-11T03:01:02.3212140Z [====================                   ] 52% Unzipping... android-ndk-r26b/tool
build	Install NDK + Build Tools	2026-10-11T03:01:02.3212615Z [=====================                  ] 53% Unzipping... android-ndk-r26b/tool
build	Install NDK + Build Tools	2026-10-11T03:01:02.3213076Z [=====================                  ] 54% Unzipping... android-ndk-r26b/tool
build	Install NDK + Build Tools	2026-10-11T03:01:02.3213529Z [=====================                  ] 55% Unzipping... android-ndk-r26b/tool
build	Install NDK + Build Tools	2026-10-11T03:01:02.3214070Z [=====================                  ] 55% Unzipping... android-ndk-r26b/ndk-
build	Install NDK + Build Tools	2026-10-11T03:01:02.3214715Z [=====================                  ] 55% Unzipping... android-ndk-r26b/shad
build	Install NDK + Build Tools	2026-10-11T03:01:02.3215190Z [=======================================] 100% Unzipping... android-ndk-r26b/sha
build	Install NDK + Build Tools	2026-10-11T03:01:02.3215546Z 
build	Install NDK + Build Tools	2026-10-11T03:01:03.2679358Z Loading package information...                                                  
build	Install NDK + Build Tools	2026-10-11T03:01:03.2679815Z Loading local repository...                                                     
build	Install NDK + Build Tools	2026-10-11T03:01:03.2680045Z [                                       ] 3% Loading local repository...        
build	Install NDK + Build Tools	2026-10-11T03:01:03.2680247Z [                                       ] 3% Fetch remote repository...         
build	Install NDK + Build Tools	2026-10-11T03:01:03.2680443Z [=                                      ] 3% Fetch remote repository...         
build	Install NDK + Build Tools	2026-10-11T03:01:03.2680638Z [=                                      ] 4% Fetch remote repository...         
build	Install NDK + Build Tools	2026-10-11T03:01:03.2680968Z [=                                      ] 5% Fetch remote repository...         
build	Install NDK + Build Tools	2026-10-11T03:01:03.2681278Z [==                                     ] 5% Fetch remote repository...         
build	Install NDK + Build Tools	2026-10-11T03:01:03.2681507Z [==                                     ] 6% Fetch remote repository...         
build	Install NDK + Build Tools	2026-10-11T03:01:03.2681699Z [==                                     ] 7% Fetch remote repository...         
build	Install NDK + Build Tools	2026-10-11T03:01:03.2681889Z [==                                     ] 7% Computing updates...               
build	Install NDK + Build Tools	2026-10-11T03:01:03.2682079Z [===                                    ] 8% Computing updates...               
build	Install NDK + Build Tools	2026-10-11T03:01:03.2682272Z [===                                    ] 10% Computing updates...              
build	Install NDK + Build Tools	2026-10-11T03:01:03.2682467Z [=======================================] 100% Computing updates...             
build	Install NDK + Build Tools	2026-10-11T03:01:03.2682623Z 
build	Install NDK + Build Tools	2026-10-11T03:01:04.1764324Z Loading package information...                                                  
build	Install NDK + Build Tools	2026-10-11T03:01:04.1764766Z Loading local repository...                                                     
build	Install NDK + Build Tools	2026-10-11T03:01:04.1765124Z [                                       ] 3% Loading local repository...        
build	Install NDK + Build Tools	2026-10-11T03:01:04.1765440Z [                                       ] 3% Fetch remote repository...         
build	Install NDK + Build Tools	2026-10-11T03:01:04.1765664Z [=                                      ] 3% Fetch remote repository...         
build	Install NDK + Build Tools	2026-10-11T03:01:04.1765862Z [=                                      ] 4% Fetch remote repository...         
build	Install NDK + Build Tools	2026-10-11T03:01:04.1766059Z [=                                      ] 5% Fetch remote repository...         
build	Install NDK + Build Tools	2026-10-11T03:01:04.1766432Z [==                                     ] 5% Fetch remote repository...         
build	Install NDK + Build Tools	2026-10-11T03:01:04.1766755Z [==                                     ] 6% Fetch remote repository...         
build	Install NDK + Build Tools	2026-10-11T03:01:04.1767058Z [==                                     ] 7% Fetch remote repository...         
build	Install NDK + Build Tools	2026-10-11T03:01:04.1767504Z [==                                     ] 7% Computing updates...               
build	Install NDK + Build Tools	2026-10-11T03:01:04.1767705Z [===                                    ] 8% Computing updates...               
build	Install NDK + Build Tools	2026-10-11T03:01:04.1767904Z [===                                    ] 10% Computing updates...              
build	Install NDK + Build Tools	2026-10-11T03:01:04.1768210Z [=======================================] 100% Computing updates...             
build	Install NDK + Build Tools	2026-10-11T03:01:04.1768410Z 
build	Install NDK + Build Tools	2026-10-11T03:01:04.1768428Z 
build	Install NDK + Build Tools	2026-10-11T03:01:04.1768498Z NDK:
build	Install NDK + Build Tools	2026-10-11T03:01:04.1782727Z total 24
build	Install NDK + Build Tools	2026-10-11T03:01:04.1782919Z drwxrwxrwx  6 root   root   4096 Oct 11 03:01 .
build	Install NDK + Build Tools	2026-10-11T03:01:04.1783121Z drwxrwxrwx 11 root   root   4096 Oct  4 21:51 ..
build	Install NDK + Build Tools	2026-10-11T03:01:04.1783326Z drwxr-xr-x 11 runner runner 4096 Oct 11 03:01 26.1.10909125
build	Install NDK + Build Tools	2026-10-11T03:01:04.1783536Z drwxrwxrwx 11 root   root   4096 Oct  4 21:51 27.3.13750724
build	Install NDK + Build Tools	2026-10-11T03:01:04.1783744Z drwxrwxrwx 11 root   root   4096 Oct  4 21:51 29.0.14206865
build	Install NDK + Build Tools	2026-10-11T03:01:04.1783947Z drwxrwxrwx 10 root   root   4096 Oct  4 21:50 30.0.16248370
build	Install NDK + Build Tools	2026-10-11T03:01:04.1856556Z GNU Make 4.3
build	Install NDK + Build Tools	2026-10-11T03:01:04.1857154Z Built for x86_64-pc-linux-gnu
build	Install NDK + Build Tools	2026-10-11T03:01:04.1857438Z Copyright (C) 1988-2020 Free Software Foundation, Inc.
build	Install NDK + Build Tools	2026-10-11T03:01:04.1857846Z License GPLv3+: GNU GPL version 3 or later <http://gnu.org/licenses/gpl.html>
build	Install NDK + Build Tools	2026-10-11T03:01:04.1858262Z This is free software: you are free to change and redistribute it.
build	Install NDK + Build Tools	2026-10-11T03:01:04.1858649Z There is NO WARRANTY, to the extent permitted by law.
build	Verify project layout	﻿2026-10-11T03:01:04.1887030Z ##[group]Run echo "=== jni ==="
build	Verify project layout	2026-10-11T03:01:04.1887235Z ^[[36;1mecho "=== jni ==="^[[0m
build	Verify project layout	2026-10-11T03:01:04.1887373Z ^[[36;1mls app/src/main/jni/^[[0m
build	Verify project layout	2026-10-11T03:01:04.1887505Z ^[[36;1mecho ""^[[0m
build	Verify project layout	2026-10-11T03:01:04.1887627Z ^[[36;1mecho "=== all_libs ==="^[[0m
build	Verify project layout	2026-10-11T03:01:04.1887777Z ^[[36;1mls app/src/main/jni/all_libs/^[[0m
build	Verify project layout	2026-10-11T03:01:04.1887925Z ^[[36;1mecho ""^[[0m
build	Verify project layout	2026-10-11T03:01:04.1888045Z ^[[36;1mecho "=== YAM-G/LIBYAMJS ==="^[[0m
build	Verify project layout	2026-10-11T03:01:04.1888227Z ^[[36;1mls -la app/src/main/jni/all_libs/YAM-G/LIBYAMJS/^[[0m
build	Verify project layout	2026-10-11T03:01:04.1888411Z ^[[36;1mecho ""^[[0m
build	Verify project layout	2026-10-11T03:01:04.1888524Z ^[[36;1mecho "=== imgui ==="^[[0m
build	Verify project layout	2026-10-11T03:01:04.1888689Z ^[[36;1mls app/src/main/jni/all_libs/imgui/ | head -10^[[0m
build	Verify project layout	2026-10-11T03:01:04.1888859Z ^[[36;1mecho ""^[[0m
build	Verify project layout	2026-10-11T03:01:04.1888972Z ^[[36;1mecho "=== java ==="^[[0m
build	Verify project layout	2026-10-11T03:01:04.1889121Z ^[[36;1mls app/src/main/java/com/yamgg/modview/^[[0m
build	Verify project layout	2026-10-11T03:01:04.1889280Z ^[[36;1mecho ""^[[0m
build	Verify project layout	2026-10-11T03:01:04.1889396Z ^[[36;1mecho "=== scripts ==="^[[0m
build	Verify project layout	2026-10-11T03:01:04.1889561Z ^[[36;1mls scripts/^[[0m
build	Verify project layout	2026-10-11T03:01:04.1942467Z shell: /usr/bin/bash -e {0}
build	Verify project layout	2026-10-11T03:01:04.1942605Z env:
build	Verify project layout	2026-10-11T03:01:04.1942729Z   ANDROID_HOME: /usr/local/lib/android/sdk
build	Verify project layout	2026-10-11T03:01:04.1942900Z   ANDROID_SDK_ROOT: /usr/local/lib/android/sdk
build	Verify project layout	2026-10-11T03:01:04.1943062Z   NDK_VERSION: 26.1.10909125
build	Verify project layout	2026-10-11T03:01:04.1943253Z   JAVA_HOME: /opt/hostedtoolcache/Java_Temurin-Hotspot_jdk/17.0.20-1/x64
build	Verify project layout	2026-10-11T03:01:04.1943532Z   JAVA_HOME_17_X64: /opt/hostedtoolcache/Java_Temurin-Hotspot_jdk/17.0.20-1/x64
build	Verify project layout	2026-10-11T03:01:04.1943741Z ##[endgroup]
build	Verify project layout	2026-10-11T03:01:04.2006996Z === jni ===
build	Verify project layout	2026-10-11T03:01:04.2015885Z Android.mk
build	Verify project layout	2026-10-11T03:01:04.2016075Z Android.mk.bak.1791682208
build	Verify project layout	2026-10-11T03:01:04.2016389Z Android.mk.bak.1791682231
build	Verify project layout	2026-10-11T03:01:04.2016593Z Android.mk.bak.1791682458
build	Verify project layout	2026-10-11T03:01:04.2016777Z Application.mk
build	Verify project layout	2026-10-11T03:01:04.2016928Z Application.mk.bak.1791682208
build	Verify project layout	2026-10-11T03:01:04.2017150Z Application.mk.bak.1791682231
build	Verify project layout	2026-10-11T03:01:04.2017396Z Application.mk.bak.1791682458
build	Verify project layout	2026-10-11T03:01:04.2017601Z Bridge
build	Verify project layout	2026-10-11T03:01:04.2017757Z Core
build	Verify project layout	2026-10-11T03:01:04.2017915Z Includes
build	Verify project layout	2026-10-11T03:01:04.2018071Z JNI
build	Verify project layout	2026-10-11T03:01:04.2018225Z Main.cpp
build	Verify project layout	2026-10-11T03:01:04.2018389Z Main.cpp.bak.1791682168
build	Verify project layout	2026-10-11T03:01:04.2018513Z UI
build	Verify project layout	2026-10-11T03:01:04.2018611Z all_libs
build	Verify project layout	2026-10-11T03:01:04.2018677Z 
build	Verify project layout	2026-10-11T03:01:04.2018723Z === all_libs ===
build	Verify project layout	2026-10-11T03:01:04.2025476Z Dobby
build	Verify project layout	2026-10-11T03:01:04.2025829Z KittyMemory
build	Verify project layout	2026-10-11T03:01:04.2025979Z XDL
build	Verify project layout	2026-10-11T03:01:04.2026260Z YAM-G
build	Verify project layout	2026-10-11T03:01:04.2026424Z asmjit
build	Verify project layout	2026-10-11T03:01:04.2026576Z imgui
build	Verify project layout	2026-10-11T03:01:04.2026724Z json
build	Verify project layout	2026-10-11T03:01:04.2036626Z 
build	Verify project layout	2026-10-11T03:01:04.2036735Z === YAM-G/LIBYAMJS ===
build	Verify project layout	2026-10-11T03:01:04.2037526Z total 118616
build	Verify project layout	2026-10-11T03:01:04.2037747Z drwxr-xr-x 3 runner runner      4096 Oct 11 03:00 .
build	Verify project layout	2026-10-11T03:01:04.2038047Z drwxr-xr-x 4 runner runner      4096 Oct 11 03:00 ..
build	Verify project layout	2026-10-11T03:01:04.2038361Z -rw-r--r-- 1 runner runner       189 Oct 11 03:00 Android.mk
build	Verify project layout	2026-10-11T03:01:04.2038602Z drwxr-xr-x 2 runner runner      4096 Oct 11 03:00 include
build	Verify project layout	2026-10-11T03:01:04.2038885Z -rw-r--r-- 1 runner runner 121445628 Oct 11 03:00 libyamjs.a
build	Verify project layout	2026-10-11T03:01:04.2039125Z 
build	Verify project layout	2026-10-11T03:01:04.2039255Z === imgui ===
build	Verify project layout	2026-10-11T03:01:04.2048671Z LICENSE.txt
build	Verify project layout	2026-10-11T03:01:04.2048917Z backends
build	Verify project layout	2026-10-11T03:01:04.2049090Z docs
build	Verify project layout	2026-10-11T03:01:04.2049249Z examples
build	Verify project layout	2026-10-11T03:01:04.2049405Z imconfig.h
build	Verify project layout	2026-10-11T03:01:04.2049547Z imgui.cpp
build	Verify project layout	2026-10-11T03:01:04.2049702Z imgui.h
build	Verify project layout	2026-10-11T03:01:04.2049859Z imgui_demo.cpp
build	Verify project layout	2026-10-11T03:01:04.2050033Z imgui_draw.cpp
build	Verify project layout	2026-10-11T03:01:04.2050145Z imgui_internal.h
build	Verify project layout	2026-10-11T03:01:04.2051953Z 
build	Verify project layout	2026-10-11T03:01:04.2052167Z === java ===
build	Verify project layout	2026-10-11T03:01:04.2059195Z ModView.java
build	Verify project layout	2026-10-11T03:01:04.2059414Z ModView.java.bak.1791682208
build	Verify project layout	2026-10-11T03:01:04.2059645Z ModView.java.bak.1791682231
build	Verify project layout	2026-10-11T03:01:04.2059863Z ModViewHelper.java
build	Verify project layout	2026-10-11T03:01:04.2060069Z ModViewHelper.java.bak.1791682208
build	Verify project layout	2026-10-11T03:01:04.2060437Z ModViewHelper.java.bak.1791682231
build	Verify project layout	2026-10-11T03:01:04.2060549Z 
build	Verify project layout	2026-10-11T03:01:04.2060762Z === scripts ===
build	Verify project layout	2026-10-11T03:01:04.2068935Z bootstrap.js
build	Verify project layout	2026-10-11T03:01:04.2069226Z bootstrap.js.bak.1791682182
build	Verify project layout	2026-10-11T03:01:04.2069482Z build_bootstrap.py
build	Verify project layout	2026-10-11T03:01:04.2069665Z dex_to_header.py
build	Verify project layout	2026-10-11T03:01:04.2069839Z errors_only.sh
build	Verify project layout	2026-10-11T03:01:04.2070012Z generate-dex.sh
build	Verify project layout	2026-10-11T03:01:04.2070210Z generate-dex.sh.bak.1791682208
build	Verify project layout	2026-10-11T03:01:04.2070371Z generate-dex.sh.bak.1791682231
build	Verify project layout	2026-10-11T03:01:04.2070509Z git_setup.sh
build	Verify project layout	2026-10-11T03:01:04.2070616Z push.sh
build	Verify project layout	2026-10-11T03:01:04.2070723Z show_build_error.sh
build	Verify project layout	2026-10-11T03:01:04.2070850Z verify.sh
build	Verify Dobby source	﻿2026-10-11T03:01:04.2091351Z ##[group]Run echo "=== Dobby dir ==="
build	Verify Dobby source	2026-10-11T03:01:04.2091542Z ^[[36;1mecho "=== Dobby dir ==="^[[0m
build	Verify Dobby source	2026-10-11T03:01:04.2091703Z ^[[36;1mls app/src/main/jni/all_libs/Dobby/^[[0m
build	Verify Dobby source	2026-10-11T03:01:04.2091858Z ^[[36;1mecho ""^[[0m
build	Verify Dobby source	2026-10-11T03:01:04.2091977Z ^[[36;1mecho "=== source/ ==="^[[0m
build	Verify Dobby source	2026-10-11T03:01:04.2092156Z ^[[36;1mls app/src/main/jni/all_libs/Dobby/source/ | head -10^[[0m
build	Verify Dobby source	2026-10-11T03:01:04.2092341Z ^[[36;1mecho ""^[[0m
build	Verify Dobby source	2026-10-11T03:01:04.2092466Z ^[[36;1mecho "=== source file count ==="^[[0m
build	Verify Dobby source	2026-10-11T03:01:04.2092707Z ^[[36;1mfind app/src/main/jni/all_libs/Dobby/source -name "*.cc" -o -name "*.c" | wc -l^[[0m
build	Verify Dobby source	2026-10-11T03:01:04.2140307Z shell: /usr/bin/bash -e {0}
build	Verify Dobby source	2026-10-11T03:01:04.2140448Z env:
build	Verify Dobby source	2026-10-11T03:01:04.2140569Z   ANDROID_HOME: /usr/local/lib/android/sdk
build	Verify Dobby source	2026-10-11T03:01:04.2140820Z   ANDROID_SDK_ROOT: /usr/local/lib/android/sdk
build	Verify Dobby source	2026-10-11T03:01:04.2140983Z   NDK_VERSION: 26.1.10909125
build	Verify Dobby source	2026-10-11T03:01:04.2141174Z   JAVA_HOME: /opt/hostedtoolcache/Java_Temurin-Hotspot_jdk/17.0.20-1/x64
build	Verify Dobby source	2026-10-11T03:01:04.2141472Z   JAVA_HOME_17_X64: /opt/hostedtoolcache/Java_Temurin-Hotspot_jdk/17.0.20-1/x64
build	Verify Dobby source	2026-10-11T03:01:04.2141687Z ##[endgroup]
build	Verify Dobby source	2026-10-11T03:01:04.2201440Z === Dobby dir ===
build	Verify Dobby source	2026-10-11T03:01:04.2210142Z Android.mk
build	Verify Dobby source	2026-10-11T03:01:04.2210318Z builtin-plugin
build	Verify Dobby source	2026-10-11T03:01:04.2210485Z cmake
build	Verify Dobby source	2026-10-11T03:01:04.2210641Z external
build	Verify Dobby source	2026-10-11T03:01:04.2210792Z include
build	Verify Dobby source	2026-10-11T03:01:04.2210926Z source
build	Verify Dobby source	2026-10-11T03:01:04.2211555Z 
build	Verify Dobby source	2026-10-11T03:01:04.2211652Z === source/ ===
build	Verify Dobby source	2026-10-11T03:01:04.2220514Z Backend
build	Verify Dobby source	2026-10-11T03:01:04.2220719Z InstructionRelocation
build	Verify Dobby source	2026-10-11T03:01:04.2220924Z InterceptEntry.cpp
build	Verify Dobby source	2026-10-11T03:01:04.2221107Z InterceptEntry.h
build	Verify Dobby source	2026-10-11T03:01:04.2221281Z InterceptRouting
build	Verify Dobby source	2026-10-11T03:01:04.2221455Z Interceptor.cpp
build	Verify Dobby source	2026-10-11T03:01:04.2221800Z Interceptor.h
build	Verify Dobby source	2026-10-11T03:01:04.2221966Z MemoryAllocator
build	Verify Dobby source	2026-10-11T03:01:04.2222090Z PlatformUnifiedInterface
build	Verify Dobby source	2026-10-11T03:01:04.2222220Z TrampolineBridge
build	Verify Dobby source	2026-10-11T03:01:04.2222390Z 
build	Verify Dobby source	2026-10-11T03:01:04.2222518Z === source file count ===
build	Verify Dobby source	2026-10-11T03:01:04.2241063Z 83
build	Generate embedded dex	﻿2026-10-11T03:01:04.2263835Z ##[group]Run chmod +x scripts/generate-dex.sh scripts/dex_to_header.py
build	Generate embedded dex	2026-10-11T03:01:04.2264119Z ^[[36;1mchmod +x scripts/generate-dex.sh scripts/dex_to_header.py^[[0m
build	Generate embedded dex	2026-10-11T03:01:04.2264321Z ^[[36;1mbash scripts/generate-dex.sh^[[0m
build	Generate embedded dex	2026-10-11T03:01:04.2309653Z shell: /usr/bin/bash -e {0}
build	Generate embedded dex	2026-10-11T03:01:04.2309788Z env:
build	Generate embedded dex	2026-10-11T03:01:04.2309908Z   ANDROID_HOME: /usr/local/lib/android/sdk
build	Generate embedded dex	2026-10-11T03:01:04.2310078Z   ANDROID_SDK_ROOT: /usr/local/lib/android/sdk
build	Generate embedded dex	2026-10-11T03:01:04.2310237Z   NDK_VERSION: 26.1.10909125
build	Generate embedded dex	2026-10-11T03:01:04.2310424Z   JAVA_HOME: /opt/hostedtoolcache/Java_Temurin-Hotspot_jdk/17.0.20-1/x64
build	Generate embedded dex	2026-10-11T03:01:04.2310696Z   JAVA_HOME_17_X64: /opt/hostedtoolcache/Java_Temurin-Hotspot_jdk/17.0.20-1/x64
build	Generate embedded dex	2026-10-11T03:01:04.2310912Z ##[endgroup]
build	Generate embedded dex	2026-10-11T03:01:04.2461532Z Build tools: 37.0.0
build	Generate embedded dex	2026-10-11T03:01:04.2461780Z Platform: android-37.2-beta3
build	Generate embedded dex	2026-10-11T03:01:04.2462122Z Android JAR: /usr/local/lib/android/sdk/platforms/android-37.2-beta3/android.jar
build	Generate embedded dex	2026-10-11T03:01:04.2462553Z D8: /usr/local/lib/android/sdk/build-tools/37.0.0/d8
build	Generate embedded dex	2026-10-11T03:01:04.2462823Z Compiling Java sources...
build	Generate embedded dex	2026-10-11T03:01:05.2156569Z Note: /home/runner/work/YAM-GG/YAM-GG/app/src/main/java/com/yamgg/modview/ModView.java uses or overrides a deprecated API.
build	Generate embedded dex	2026-10-11T03:01:05.2157139Z Note: Recompile with -Xlint:deprecation for details.
build	Generate embedded dex	2026-10-11T03:01:05.2161968Z Compiled classes:
build	Generate embedded dex	2026-10-11T03:01:05.2175124Z /home/runner/work/YAM-GG/YAM-GG/build/dex-build/classes/com/yamgg/modview/ModView$3.class
build	Generate embedded dex	2026-10-11T03:01:05.2175629Z /home/runner/work/YAM-GG/YAM-GG/build/dex-build/classes/com/yamgg/modview/ModView$2.class
build	Generate embedded dex	2026-10-11T03:01:05.2176069Z /home/runner/work/YAM-GG/YAM-GG/build/dex-build/classes/com/yamgg/modview/ModView$3$2.class
build	Generate embedded dex	2026-10-11T03:01:05.2176749Z /home/runner/work/YAM-GG/YAM-GG/build/dex-build/classes/com/yamgg/modview/ModViewHelper.class
build	Generate embedded dex	2026-10-11T03:01:05.2177412Z /home/runner/work/YAM-GG/YAM-GG/build/dex-build/classes/com/yamgg/modview/ModView.class
build	Generate embedded dex	2026-10-11T03:01:05.2178057Z /home/runner/work/YAM-GG/YAM-GG/build/dex-build/classes/com/yamgg/modview/ModView$3$1.class
build	Generate embedded dex	2026-10-11T03:01:05.2178370Z /home/runner/work/YAM-GG/YAM-GG/build/dex-build/classes/com/yamgg/modview/ModView$1.class
build	Generate embedded dex	2026-10-11T03:01:05.2178607Z Converting to DEX...
build	Generate embedded dex	2026-10-11T03:01:07.5827074Z DEX size: 11748 bytes
build	Generate embedded dex	2026-10-11T03:01:07.5827494Z Generating C header...
build	Generate embedded dex	2026-10-11T03:01:07.5966296Z Generated header:
build	Generate embedded dex	2026-10-11T03:01:07.5974494Z 751 /home/runner/work/YAM-GG/YAM-GG/app/src/main/jni/Generated/embedded_dex.h
build	Generate embedded dex	2026-10-11T03:01:07.5982644Z // Auto-generated. Do not edit.
build	Generate embedded dex	2026-10-11T03:01:07.5982915Z #ifndef YAMGG_EMBEDDED_DEX_H
build	Generate embedded dex	2026-10-11T03:01:07.5983138Z #define YAMGG_EMBEDDED_DEX_H
build	Generate embedded dex	2026-10-11T03:01:07.5983320Z 
build	Generate embedded dex	2026-10-11T03:01:07.5983392Z #include <cstddef>
build	Generate embedded dex	2026-10-11T03:01:07.5983468Z 
build	Generate embedded dex	2026-10-11T03:01:07.5983517Z namespace yamgg {
build	Generate embedded dex	2026-10-11T03:01:07.5983594Z 
build	Generate embedded dex	2026-10-11T03:01:07.5983708Z static const unsigned int kDexSize = 11748;
build	Generate embedded dex	2026-10-11T03:01:07.5983861Z 
build	Generate embedded dex	2026-10-11T03:01:07.5983917Z DEX generation complete
build	Verify dex generation	﻿2026-10-11T03:01:07.6011726Z ##[group]Run ls -la app/src/main/jni/Generated/
build	Verify dex generation	2026-10-11T03:01:07.6011959Z ^[[36;1mls -la app/src/main/jni/Generated/^[[0m
build	Verify dex generation	2026-10-11T03:01:07.6012149Z ^[[36;1mwc -l app/src/main/jni/Generated/embedded_dex.h^[[0m
build	Verify dex generation	2026-10-11T03:01:07.6012365Z ^[[36;1mhead -15 app/src/main/jni/Generated/embedded_dex.h^[[0m
build	Verify dex generation	2026-10-11T03:01:07.6064807Z shell: /usr/bin/bash -e {0}
build	Verify dex generation	2026-10-11T03:01:07.6064941Z env:
build	Verify dex generation	2026-10-11T03:01:07.6065061Z   ANDROID_HOME: /usr/local/lib/android/sdk
build	Verify dex generation	2026-10-11T03:01:07.6065230Z   ANDROID_SDK_ROOT: /usr/local/lib/android/sdk
build	Verify dex generation	2026-10-11T03:01:07.6065390Z   NDK_VERSION: 26.1.10909125
build	Verify dex generation	2026-10-11T03:01:07.6065583Z   JAVA_HOME: /opt/hostedtoolcache/Java_Temurin-Hotspot_jdk/17.0.20-1/x64
build	Verify dex generation	2026-10-11T03:01:07.6065982Z   JAVA_HOME_17_X64: /opt/hostedtoolcache/Java_Temurin-Hotspot_jdk/17.0.20-1/x64
build	Verify dex generation	2026-10-11T03:01:07.6066337Z ##[endgroup]
build	Verify dex generation	2026-10-11T03:01:07.6139458Z total 80
build	Verify dex generation	2026-10-11T03:01:07.6139694Z drwxr-xr-x 2 runner runner  4096 Oct 11 03:01 .
build	Verify dex generation	2026-10-11T03:01:07.6139984Z drwxr-xr-x 9 runner runner  4096 Oct 11 03:01 ..
build	Verify dex generation	2026-10-11T03:01:07.6140291Z -rw-r--r-- 1 runner runner 73704 Oct 11 03:01 embedded_dex.h
build	Verify dex generation	2026-10-11T03:01:07.6148156Z 751 app/src/main/jni/Generated/embedded_dex.h
build	Verify dex generation	2026-10-11T03:01:07.6155995Z // Auto-generated. Do not edit.
build	Verify dex generation	2026-10-11T03:01:07.6156352Z #ifndef YAMGG_EMBEDDED_DEX_H
build	Verify dex generation	2026-10-11T03:01:07.6156522Z #define YAMGG_EMBEDDED_DEX_H
build	Verify dex generation	2026-10-11T03:01:07.6156611Z 
build	Verify dex generation	2026-10-11T03:01:07.6156662Z #include <cstddef>
build	Verify dex generation	2026-10-11T03:01:07.6156735Z 
build	Verify dex generation	2026-10-11T03:01:07.6156781Z namespace yamgg {
build	Verify dex generation	2026-10-11T03:01:07.6156854Z 
build	Verify dex generation	2026-10-11T03:01:07.6156918Z static const unsigned int kDexSize = 11748;
build	Verify dex generation	2026-10-11T03:01:07.6157088Z 
build	Verify dex generation	2026-10-11T03:01:07.6157188Z static const unsigned char kDexBytes[] = {
build	Verify dex generation	2026-10-11T03:01:07.6157541Z     0x64, 0x65, 0x78, 0x0a, 0x30, 0x33, 0x37, 0x00, 0x18, 0x08, 0x44, 0xd5, 0x2f, 0x55, 0xf2, 0xe2,
build	Verify dex generation	2026-10-11T03:01:07.6172720Z     0x32, 0x71, 0x61, 0x44, 0x85, 0x1f, 0xb8, 0xf3, 0xae, 0xdb, 0xcb, 0x0f, 0xdc, 0x53, 0x60, 0xfa,
build	Verify dex generation	2026-10-11T03:01:07.6173201Z     0xe4, 0x2d, 0x00, 0x00, 0x70, 0x00, 0x00, 0x00, 0x78, 0x56, 0x34, 0x12, 0x00, 0x00, 0x00, 0x00,
build	Verify dex generation	2026-10-11T03:01:07.6173643Z     0x00, 0x00, 0x00, 0x00, 0x14, 0x2d, 0x00, 0x00, 0xd5, 0x00, 0x00, 0x00, 0x70, 0x00, 0x00, 0x00,
build	Build .so with ndk-build	﻿2026-10-11T03:01:07.6192610Z ##[group]Run set -e
build	Build .so with ndk-build	2026-10-11T03:01:07.6192769Z ^[[36;1mset -e^[[0m
build	Build .so with ndk-build	2026-10-11T03:01:07.6192889Z ^[[36;1mcd app/src/main/jni^[[0m
build	Build .so with ndk-build	2026-10-11T03:01:07.6193047Z ^[[36;1m$ANDROID_HOME/ndk/$NDK_VERSION/ndk-build \^[[0m
build	Build .so with ndk-build	2026-10-11T03:01:07.6193224Z ^[[36;1m  NDK_PROJECT_PATH=. \^[[0m
build	Build .so with ndk-build	2026-10-11T03:01:07.6193381Z ^[[36;1m  APP_BUILD_SCRIPT=./Android.mk \^[[0m
build	Build .so with ndk-build	2026-10-11T03:01:07.6193556Z ^[[36;1m  NDK_APPLICATION_MK=./Application.mk \^[[0m
build	Build .so with ndk-build	2026-10-11T03:01:07.6193731Z ^[[36;1m  NDK_OUT=/tmp/ndk-out \^[[0m
build	Build .so with ndk-build	2026-10-11T03:01:07.6193884Z ^[[36;1m  NDK_LIBS_OUT=/tmp/ndk-libs \^[[0m
build	Build .so with ndk-build	2026-10-11T03:01:07.6194042Z ^[[36;1m  V=1 2>&1 | tee /tmp/ndk-build.log^[[0m
build	Build .so with ndk-build	2026-10-11T03:01:07.6240457Z shell: /usr/bin/bash -e {0}
build	Build .so with ndk-build	2026-10-11T03:01:07.6240596Z env:
build	Build .so with ndk-build	2026-10-11T03:01:07.6240717Z   ANDROID_HOME: /usr/local/lib/android/sdk
build	Build .so with ndk-build	2026-10-11T03:01:07.6240885Z   ANDROID_SDK_ROOT: /usr/local/lib/android/sdk
build	Build .so with ndk-build	2026-10-11T03:01:07.6241046Z   NDK_VERSION: 26.1.10909125
build	Build .so with ndk-build	2026-10-11T03:01:07.6241237Z   JAVA_HOME: /opt/hostedtoolcache/Java_Temurin-Hotspot_jdk/17.0.20-1/x64
build	Build .so with ndk-build	2026-10-11T03:01:07.6241533Z   JAVA_HOME_17_X64: /opt/hostedtoolcache/Java_Temurin-Hotspot_jdk/17.0.20-1/x64
build	Build .so with ndk-build	2026-10-11T03:01:07.6241739Z ##[endgroup]
build	Build .so with ndk-build	2026-10-11T03:01:07.7378074Z Android NDK: WARNING:all_libs/YAM-G/wrapper/Android.mk:YAMGG: non-system libraries in linker flags: -lunwind    
build	Build .so with ndk-build	2026-10-11T03:01:07.7378582Z Android NDK:     This is likely to result in incorrect builds. Try using LOCAL_STATIC_LIBRARIES    
build	Build .so with ndk-build	2026-10-11T03:01:07.7378944Z Android NDK:     or LOCAL_SHARED_LIBRARIES instead to list the library dependencies of the    
build	Build .so with ndk-build	2026-10-11T03:01:07.7379189Z Android NDK:     current module    
build	Build .so with ndk-build	2026-10-11T03:01:07.7379516Z Android NDK: WARNING:all_libs/XDL/Android.mk:xdl: LOCAL_LDLIBS is always ignored for static libraries    
build	Build .so with ndk-build	2026-10-11T03:01:07.7380168Z Android NDK: WARNING:all_libs/YAM-G/wrapper/Android.mk:yamcpp: LOCAL_LDLIBS is always ignored for static libraries    
build	Build .so with ndk-build	2026-10-11T03:01:07.7380738Z Android NDK: WARNING:all_libs/YAM-G/wrapper/Android.mk:yamcpp: non-system libraries in linker flags: -lc++_static -lunwind    
build	Build .so with ndk-build	2026-10-11T03:01:07.7381139Z Android NDK:     This is likely to result in incorrect builds. Try using LOCAL_STATIC_LIBRARIES    
build	Build .so with ndk-build	2026-10-11T03:01:07.7381470Z Android NDK:     or LOCAL_SHARED_LIBRARIES instead to list the library dependencies of the    
build	Build .so with ndk-build	2026-10-11T03:01:07.7381712Z Android NDK:     current module    
build	Build .so with ndk-build	2026-10-11T03:01:07.7381876Z rm -f /tmp/ndk-libs/arm64-v8a/*
build	Build .so with ndk-build	2026-10-11T03:01:07.7413330Z [arm64-v8a] Compile++      : YAMGG <= Main.cpp
build	Build .so with ndk-build	2026-10-11T03:01:07.7413993Z rm -f /tmp/ndk-out/local/arm64-v8a/objs/YAMGG/Main.o
build	Build .so with ndk-build	2026-10-11T03:01:07.7423422Z /usr/local/lib/android/sdk/ndk/26.1.10909125/toolchains/llvm/prebuilt/linux-x86_64/bin/clang++ -MMD -MP -MF /tmp/ndk-out/local/arm64-v8a/objs/YAMGG/Main.o.d -target aarch64-none-linux-android24 -fdata-sections -ffunction-sections -fstack-protector-strong -funwind-tables -no-canonical-prefixes  --sysroot /usr/local/lib/android/sdk/ndk/26.1.10909125/toolchains/llvm/prebuilt/linux-x86_64/sysroot -g -Wno-invalid-command-line-argument -Wno-unused-command-line-argument  -D_FORTIFY_SOURCE=2 -fno-exceptions -fno-rtti -fpic -O2 -DNDEBUG  -I. -I./Core -I./UI -I./UI/Tabs -I./UI/Widgets -I./Bridge -I./JNI -I./Generated -I./Includes -I./all_libs/imgui -I./all_libs/imgui/backends -I./all_libs/json -I./all_libs/YAM-G/LIBYAMJS/include -I./all_libs/YAM-G/wrapper/include -I./all_libs/XDL -I./all_libs/XDL/include -I./all_libs/Dobby/prebuilt/include -I./all_libs/KittyMemory/KittyMemory -I./all_libs/KittyMemory/KittyMemory/Deps/Keystone/includes -Iall_libs/XDL -Iall_libs/XDL/include -Iall_libs/YAM-G/wrapper/include -Iall_libs/KittyMemory/KittyMemory/Deps/Keystone/includes -Iall_libs/YAM-G/LIBYAMJS/include -I. -O2 -DNDEBUG -w -std=c++17 -fexceptions -frtti -O2 -DNDEBUG -w  -DANDROID -w -O2 -DNDEBUG -Wformat -Werror=format-security -std=c++17 -fexceptions -frtti -fPIC -w -O2 -DNDEBUG -DIMGUI_IMPL_OPENGL_ES3=1 -DIMGUI_DISABLE_OBSOLETE_FUNCTIONS=1 -Wno-error -ffunction-sections -fdata-sections -DYAM_ARCH_ARM64=1 -frtti -fexceptions  -c  ./Main.cpp -o /tmp/ndk-out/local/arm64-v8a/objs/YAMGG/Main.o
build	Build .so with ndk-build	2026-10-11T03:01:08.1130569Z [arm64-v8a] Compile++      : YAMGG <= NativeMethods.cpp
build	Build .so with ndk-build	2026-10-11T03:01:08.1131874Z rm -f /tmp/ndk-out/local/arm64-v8a/objs/YAMGG/JNI/NativeMethods.o
build	Build .so with ndk-build	2026-10-11T03:01:08.1141691Z /usr/local/lib/android/sdk/ndk/26.1.10909125/toolchains/llvm/prebuilt/linux-x86_64/bin/clang++ -MMD -MP -MF /tmp/ndk-out/local/arm64-v8a/objs/YAMGG/JNI/NativeMethods.o.d -target aarch64-none-linux-android24 -fdata-sections -ffunction-sections -fstack-protector-strong -funwind-tables -no-canonical-prefixes  --sysroot /usr/local/lib/android/sdk/ndk/26.1.10909125/toolchains/llvm/prebuilt/linux-x86_64/sysroot -g -Wno-invalid-command-line-argument -Wno-unused-command-line-argument  -D_FORTIFY_SOURCE=2 -fno-exceptions -fno-rtti -fpic -O2 -DNDEBUG  -I. -I./Core -I./UI -I./UI/Tabs -I./UI/Widgets -I./Bridge -I./JNI -I./Generated -I./Includes -I./all_libs/imgui -I./all_libs/imgui/backends -I./all_libs/json -I./all_libs/YAM-G/LIBYAMJS/include -I./all_libs/YAM-G/wrapper/include -I./all_libs/XDL -I./all_libs/XDL/include -I./all_libs/Dobby/prebuilt/include -I./all_libs/KittyMemory/KittyMemory -I./all_libs/KittyMemory/KittyMemory/Deps/Keystone/includes -Iall_libs/XDL -Iall_libs/XDL/include -Iall_libs/YAM-G/wrapper/include -Iall_libs/KittyMemory/KittyMemory/Deps/Keystone/includes -Iall_libs/YAM-G/LIBYAMJS/include -I. -O2 -DNDEBUG -w -std=c++17 -fexceptions -frtti -O2 -DNDEBUG -w  -DANDROID -w -O2 -DNDEBUG -Wformat -Werror=format-security -std=c++17 -fexceptions -frtti -fPIC -w -O2 -DNDEBUG -DIMGUI_IMPL_OPENGL_ES3=1 -DIMGUI_DISABLE_OBSOLETE_FUNCTIONS=1 -Wno-error -ffunction-sections -fdata-sections -DYAM_ARCH_ARM64=1 -frtti -fexceptions  -c  ./JNI/NativeMethods.cpp -o /tmp/ndk-out/local/arm64-v8a/objs/YAMGG/JNI/NativeMethods.o
build	Build .so with ndk-build	2026-10-11T03:01:08.3938353Z [arm64-v8a] Compile++      : YAMGG <= Runtime.cpp
build	Build .so with ndk-build	2026-10-11T03:01:08.3938817Z rm -f /tmp/ndk-out/local/arm64-v8a/objs/YAMGG/Core/Runtime.o
build	Build .so with ndk-build	2026-10-11T03:01:08.3949041Z /usr/local/lib/android/sdk/ndk/26.1.10909125/toolchains/llvm/prebuilt/linux-x86_64/bin/clang++ -MMD -MP -MF /tmp/ndk-out/local/arm64-v8a/objs/YAMGG/Core/Runtime.o.d -target aarch64-none-linux-android24 -fdata-sections -ffunction-sections -fstack-protector-strong -funwind-tables -no-canonical-prefixes  --sysroot /usr/local/lib/android/sdk/ndk/26.1.10909125/toolchains/llvm/prebuilt/linux-x86_64/sysroot -g -Wno-invalid-command-line-argument -Wno-unused-command-line-argument  -D_FORTIFY_SOURCE=2 -fno-exceptions -fno-rtti -fpic -O2 -DNDEBUG  -I. -I./Core -I./UI -I./UI/Tabs -I./UI/Widgets -I./Bridge -I./JNI -I./Generated -I./Includes -I./all_libs/imgui -I./all_libs/imgui/backends -I./all_libs/json -I./all_libs/YAM-G/LIBYAMJS/include -I./all_libs/YAM-G/wrapper/include -I./all_libs/XDL -I./all_libs/XDL/include -I./all_libs/Dobby/prebuilt/include -I./all_libs/KittyMemory/KittyMemory -I./all_libs/KittyMemory/KittyMemory/Deps/Keystone/includes -Iall_libs/XDL -Iall_libs/XDL/include -Iall_libs/YAM-G/wrapper/include -Iall_libs/KittyMemory/KittyMemory/Deps/Keystone/includes -Iall_libs/YAM-G/LIBYAMJS/include -I. -O2 -DNDEBUG -w -std=c++17 -fexceptions -frtti -O2 -DNDEBUG -w  -DANDROID -w -O2 -DNDEBUG -Wformat -Werror=format-security -std=c++17 -fexceptions -frtti -fPIC -w -O2 -DNDEBUG -DIMGUI_IMPL_OPENGL_ES3=1 -DIMGUI_DISABLE_OBSOLETE_FUNCTIONS=1 -Wno-error -ffunction-sections -fdata-sections -DYAM_ARCH_ARM64=1 -frtti -fexceptions  -c  ./Core/Runtime.cpp -o /tmp/ndk-out/local/arm64-v8a/objs/YAMGG/Core/Runtime.o
build	Build .so with ndk-build	2026-10-11T03:01:08.8466608Z [arm64-v8a] Compile++      : YAMGG <= DexLoader.cpp
build	Build .so with ndk-build	2026-10-11T03:01:08.8467069Z rm -f /tmp/ndk-out/local/arm64-v8a/objs/YAMGG/Core/DexLoader.o
build	Build .so with ndk-build	2026-10-11T03:01:08.8477776Z /usr/local/lib/android/sdk/ndk/26.1.10909125/toolchains/llvm/prebuilt/linux-x86_64/bin/clang++ -MMD -MP -MF /tmp/ndk-out/local/arm64-v8a/objs/YAMGG/Core/DexLoader.o.d -target aarch64-none-linux-android24 -fdata-sections -ffunction-sections -fstack-protector-strong -funwind-tables -no-canonical-prefixes  --sysroot /usr/local/lib/android/sdk/ndk/26.1.10909125/toolchains/llvm/prebuilt/linux-x86_64/sysroot -g -Wno-invalid-command-line-argument -Wno-unused-command-line-argument  -D_FORTIFY_SOURCE=2 -fno-exceptions -fno-rtti -fpic -O2 -DNDEBUG  -I. -I./Core -I./UI -I./UI/Tabs -I./UI/Widgets -I./Bridge -I./JNI -I./Generated -I./Includes -I./all_libs/imgui -I./all_libs/imgui/backends -I./all_libs/json -I./all_libs/YAM-G/LIBYAMJS/include -I./all_libs/YAM-G/wrapper/include -I./all_libs/XDL -I./all_libs/XDL/include -I./all_libs/Dobby/prebuilt/include -I./all_libs/KittyMemory/KittyMemory -I./all_libs/KittyMemory/KittyMemory/Deps/Keystone/includes -Iall_libs/XDL -Iall_libs/XDL/include -Iall_libs/YAM-G/wrapper/include -Iall_libs/KittyMemory/KittyMemory/Deps/Keystone/includes -Iall_libs/YAM-G/LIBYAMJS/include -I. -O2 -DNDEBUG -w -std=c++17 -fexceptions -frtti -O2 -DNDEBUG -w  -DANDROID -w -O2 -DNDEBUG -Wformat -Werror=format-security -std=c++17 -fexceptions -frtti -fPIC -w -O2 -DNDEBUG -DIMGUI_IMPL_OPENGL_ES3=1 -DIMGUI_DISABLE_OBSOLETE_FUNCTIONS=1 -Wno-error -ffunction-sections -fdata-sections -DYAM_ARCH_ARM64=1 -frtti -fexceptions  -c  ./Core/DexLoader.cpp -o /tmp/ndk-out/local/arm64-v8a/objs/YAMGG/Core/DexLoader.o
build	Build .so with ndk-build	2026-10-11T03:01:09.1574889Z [arm64-v8a] Compile++      : YAMGG <= Renderer.cpp
build	Build .so with ndk-build	2026-10-11T03:01:09.1575265Z rm -f /tmp/ndk-out/local/arm64-v8a/objs/YAMGG/UI/Renderer.o
build	Build .so with ndk-build	2026-10-11T03:01:09.1585077Z /usr/local/lib/android/sdk/ndk/26.1.10909125/toolchains/llvm/prebuilt/linux-x86_64/bin/clang++ -MMD -MP -MF /tmp/ndk-out/local/arm64-v8a/objs/YAMGG/UI/Renderer.o.d -target aarch64-none-linux-android24 -fdata-sections -ffunction-sections -fstack-protector-strong -funwind-tables -no-canonical-prefixes  --sysroot /usr/local/lib/android/sdk/ndk/26.1.10909125/toolchains/llvm/prebuilt/linux-x86_64/sysroot -g -Wno-invalid-command-line-argument -Wno-unused-command-line-argument  -D_FORTIFY_SOURCE=2 -fno-exceptions -fno-rtti -fpic -O2 -DNDEBUG  -I. -I./Core -I./UI -I./UI/Tabs -I./UI/Widgets -I./Bridge -I./JNI -I./Generated -I./Includes -I./all_libs/imgui -I./all_libs/imgui/backends -I./all_libs/json -I./all_libs/YAM-G/LIBYAMJS/include -I./all_libs/YAM-G/wrapper/include -I./all_libs/XDL -I./all_libs/XDL/include -I./all_libs/Dobby/prebuilt/include -I./all_libs/KittyMemory/KittyMemory -I./all_libs/KittyMemory/KittyMemory/Deps/Keystone/includes -Iall_libs/XDL -Iall_libs/XDL/include -Iall_libs/YAM-G/wrapper/include -Iall_libs/KittyMemory/KittyMemory/Deps/Keystone/includes -Iall_libs/YAM-G/LIBYAMJS/include -I. -O2 -DNDEBUG -w -std=c++17 -fexceptions -frtti -O2 -DNDEBUG -w  -DANDROID -w -O2 -DNDEBUG -Wformat -Werror=format-security -std=c++17 -fexceptions -frtti -fPIC -w -O2 -DNDEBUG -DIMGUI_IMPL_OPENGL_ES3=1 -DIMGUI_DISABLE_OBSOLETE_FUNCTIONS=1 -Wno-error -ffunction-sections -fdata-sections -DYAM_ARCH_ARM64=1 -frtti -fexceptions  -c  ./UI/Renderer.cpp -o /tmp/ndk-out/local/arm64-v8a/objs/YAMGG/UI/Renderer.o
build	Build .so with ndk-build	2026-10-11T03:01:09.4553726Z [arm64-v8a] Compile++      : YAMGG <= Theme.cpp
build	Build .so with ndk-build	2026-10-11T03:01:09.4554192Z rm -f /tmp/ndk-out/local/arm64-v8a/objs/YAMGG/UI/Theme.o
build	Build .so with ndk-build	2026-10-11T03:01:09.4563752Z /usr/local/lib/android/sdk/ndk/26.1.10909125/toolchains/llvm/prebuilt/linux-x86_64/bin/clang++ -MMD -MP -MF /tmp/ndk-out/local/arm64-v8a/objs/YAMGG/UI/Theme.o.d -target aarch64-none-linux-android24 -fdata-sections -ffunction-sections -fstack-protector-strong -funwind-tables -no-canonical-prefixes  --sysroot /usr/local/lib/android/sdk/ndk/26.1.10909125/toolchains/llvm/prebuilt/linux-x86_64/sysroot -g -Wno-invalid-command-line-argument -Wno-unused-command-line-argument  -D_FORTIFY_SOURCE=2 -fno-exceptions -fno-rtti -fpic -O2 -DNDEBUG  -I. -I./Core -I./UI -I./UI/Tabs -I./UI/Widgets -I./Bridge -I./JNI -I./Generated -I./Includes -I./all_libs/imgui -I./all_libs/imgui/backends -I./all_libs/json -I./all_libs/YAM-G/LIBYAMJS/include -I./all_libs/YAM-G/wrapper/include -I./all_libs/XDL -I./all_libs/XDL/include -I./all_libs/Dobby/prebuilt/include -I./all_libs/KittyMemory/KittyMemory -I./all_libs/KittyMemory/KittyMemory/Deps/Keystone/includes -Iall_libs/XDL -Iall_libs/XDL/include -Iall_libs/YAM-G/wrapper/include -Iall_libs/KittyMemory/KittyMemory/Deps/Keystone/includes -Iall_libs/YAM-G/LIBYAMJS/include -I. -O2 -DNDEBUG -w -std=c++17 -fexceptions -frtti -O2 -DNDEBUG -w  -DANDROID -w -O2 -DNDEBUG -Wformat -Werror=format-security -std=c++17 -fexceptions -frtti -fPIC -w -O2 -DNDEBUG -DIMGUI_IMPL_OPENGL_ES3=1 -DIMGUI_DISABLE_OBSOLETE_FUNCTIONS=1 -Wno-error -ffunction-sections -fdata-sections -DYAM_ARCH_ARM64=1 -frtti -fexceptions  -c  ./UI/Theme.cpp -o /tmp/ndk-out/local/arm64-v8a/objs/YAMGG/UI/Theme.o
build	Build .so with ndk-build	2026-10-11T03:01:09.6073300Z [arm64-v8a] Compile++      : YAMGG <= MainWindow.cpp
build	Build .so with ndk-build	2026-10-11T03:01:09.6073783Z rm -f /tmp/ndk-out/local/arm64-v8a/objs/YAMGG/UI/MainWindow.o
build	Build .so with ndk-build	2026-10-11T03:01:09.6084705Z /usr/local/lib/android/sdk/ndk/26.1.10909125/toolchains/llvm/prebuilt/linux-x86_64/bin/clang++ -MMD -MP -MF /tmp/ndk-out/local/arm64-v8a/objs/YAMGG/UI/MainWindow.o.d -target aarch64-none-linux-android24 -fdata-sections -ffunction-sections -fstack-protector-strong -funwind-tables -no-canonical-prefixes  --sysroot /usr/local/lib/android/sdk/ndk/26.1.10909125/toolchains/llvm/prebuilt/linux-x86_64/sysroot -g -Wno-invalid-command-line-argument -Wno-unused-command-line-argument  -D_FORTIFY_SOURCE=2 -fno-exceptions -fno-rtti -fpic -O2 -DNDEBUG  -I. -I./Core -I./UI -I./UI/Tabs -I./UI/Widgets -I./Bridge -I./JNI -I./Generated -I./Includes -I./all_libs/imgui -I./all_libs/imgui/backends -I./all_libs/json -I./all_libs/YAM-G/LIBYAMJS/include -I./all_libs/YAM-G/wrapper/include -I./all_libs/XDL -I./all_libs/XDL/include -I./all_libs/Dobby/prebuilt/include -I./all_libs/KittyMemory/KittyMemory -I./all_libs/KittyMemory/KittyMemory/Deps/Keystone/includes -Iall_libs/XDL -Iall_libs/XDL/include -Iall_libs/YAM-G/wrapper/include -Iall_libs/KittyMemory/KittyMemory/Deps/Keystone/includes -Iall_libs/YAM-G/LIBYAMJS/include -I. -O2 -DNDEBUG -w -std=c++17 -fexceptions -frtti -O2 -DNDEBUG -w  -DANDROID -w -O2 -DNDEBUG -Wformat -Werror=format-security -std=c++17 -fexceptions -frtti -fPIC -w -O2 -DNDEBUG -DIMGUI_IMPL_OPENGL_ES3=1 -DIMGUI_DISABLE_OBSOLETE_FUNCTIONS=1 -Wno-error -ffunction-sections -fdata-sections -DYAM_ARCH_ARM64=1 -frtti -fexceptions  -c  ./UI/MainWindow.cpp -o /tmp/ndk-out/local/arm64-v8a/objs/YAMGG/UI/MainWindow.o
build	Build .so with ndk-build	2026-10-11T03:01:09.9722291Z [arm64-v8a] Compile++      : YAMGG <= JSConsole.cpp
build	Build .so with ndk-build	2026-10-11T03:01:09.9722767Z rm -f /tmp/ndk-out/local/arm64-v8a/objs/YAMGG/UI/Tabs/JSConsole.o
build	Build .so with ndk-build	2026-10-11T03:01:09.9732508Z /usr/local/lib/android/sdk/ndk/26.1.10909125/toolchains/llvm/prebuilt/linux-x86_64/bin/clang++ -MMD -MP -MF /tmp/ndk-out/local/arm64-v8a/objs/YAMGG/UI/Tabs/JSConsole.o.d -target aarch64-none-linux-android24 -fdata-sections -ffunction-sections -fstack-protector-strong -funwind-tables -no-canonical-prefixes  --sysroot /usr/local/lib/android/sdk/ndk/26.1.10909125/toolchains/llvm/prebuilt/linux-x86_64/sysroot -g -Wno-invalid-command-line-argument -Wno-unused-command-line-argument  -D_FORTIFY_SOURCE=2 -fno-exceptions -fno-rtti -fpic -O2 -DNDEBUG  -I. -I./Core -I./UI -I./UI/Tabs -I./UI/Widgets -I./Bridge -I./JNI -I./Generated -I./Includes -I./all_libs/imgui -I./all_libs/imgui/backends -I./all_libs/json -I./all_libs/YAM-G/LIBYAMJS/include -I./all_libs/YAM-G/wrapper/include -I./all_libs/XDL -I./all_libs/XDL/include -I./all_libs/Dobby/prebuilt/include -I./all_libs/KittyMemory/KittyMemory -I./all_libs/KittyMemory/KittyMemory/Deps/Keystone/includes -Iall_libs/XDL -Iall_libs/XDL/include -Iall_libs/YAM-G/wrapper/include -Iall_libs/KittyMemory/KittyMemory/Deps/Keystone/includes -Iall_libs/YAM-G/LIBYAMJS/include -I. -O2 -DNDEBUG -w -std=c++17 -fexceptions -frtti -O2 -DNDEBUG -w  -DANDROID -w -O2 -DNDEBUG -Wformat -Werror=format-security -std=c++17 -fexceptions -frtti -fPIC -w -O2 -DNDEBUG -DIMGUI_IMPL_OPENGL_ES3=1 -DIMGUI_DISABLE_OBSOLETE_FUNCTIONS=1 -Wno-error -ffunction-sections -fdata-sections -DYAM_ARCH_ARM64=1 -frtti -fexceptions  -c  ./UI/Tabs/JSConsole.cpp -o /tmp/ndk-out/local/arm64-v8a/objs/YAMGG/UI/Tabs/JSConsole.o
build	Build .so with ndk-build	2026-10-11T03:01:11.0898401Z [arm64-v8a] Compile++      : YAMGG <= ClassBrowser.cpp
build	Build .so with ndk-build	2026-10-11T03:01:11.0898886Z rm -f /tmp/ndk-out/local/arm64-v8a/objs/YAMGG/UI/Tabs/ClassBrowser.o
build	Build .so with ndk-build	2026-10-11T03:01:11.0908719Z /usr/local/lib/android/sdk/ndk/26.1.10909125/toolchains/llvm/prebuilt/linux-x86_64/bin/clang++ -MMD -MP -MF /tmp/ndk-out/local/arm64-v8a/objs/YAMGG/UI/Tabs/ClassBrowser.o.d -target aarch64-none-linux-android24 -fdata-sections -ffunction-sections -fstack-protector-strong -funwind-tables -no-canonical-prefixes  --sysroot /usr/local/lib/android/sdk/ndk/26.1.10909125/toolchains/llvm/prebuilt/linux-x86_64/sysroot -g -Wno-invalid-command-line-argument -Wno-unused-command-line-argument  -D_FORTIFY_SOURCE=2 -fno-exceptions -fno-rtti -fpic -O2 -DNDEBUG  -I. -I./Core -I./UI -I./UI/Tabs -I./UI/Widgets -I./Bridge -I./JNI -I./Generated -I./Includes -I./all_libs/imgui -I./all_libs/imgui/backends -I./all_libs/json -I./all_libs/YAM-G/LIBYAMJS/include -I./all_libs/YAM-G/wrapper/include -I./all_libs/XDL -I./all_libs/XDL/include -I./all_libs/Dobby/prebuilt/include -I./all_libs/KittyMemory/KittyMemory -I./all_libs/KittyMemory/KittyMemory/Deps/Keystone/includes -Iall_libs/XDL -Iall_libs/XDL/include -Iall_libs/YAM-G/wrapper/include -Iall_libs/KittyMemory/KittyMemory/Deps/Keystone/includes -Iall_libs/YAM-G/LIBYAMJS/include -I. -O2 -DNDEBUG -w -std=c++17 -fexceptions -frtti -O2 -DNDEBUG -w  -DANDROID -w -O2 -DNDEBUG -Wformat -Werror=format-security -std=c++17 -fexceptions -frtti -fPIC -w -O2 -DNDEBUG -DIMGUI_IMPL_OPENGL_ES3=1 -DIMGUI_DISABLE_OBSOLETE_FUNCTIONS=1 -Wno-error -ffunction-sections -fdata-sections -DYAM_ARCH_ARM64=1 -frtti -fexceptions  -c  ./UI/Tabs/ClassBrowser.cpp -o /tmp/ndk-out/local/arm64-v8a/objs/YAMGG/UI/Tabs/ClassBrowser.o
build	Build .so with ndk-build	2026-10-11T03:01:14.2373422Z [arm64-v8a] Compile++      : YAMGG <= FileBrowser.cpp
build	Build .so with ndk-build	2026-10-11T03:01:14.2373912Z rm -f /tmp/ndk-out/local/arm64-v8a/objs/YAMGG/UI/Tabs/FileBrowser.o
build	Build .so with ndk-build	2026-10-11T03:01:14.2383934Z /usr/local/lib/android/sdk/ndk/26.1.10909125/toolchains/llvm/prebuilt/linux-x86_64/bin/clang++ -MMD -MP -MF /tmp/ndk-out/local/arm64-v8a/objs/YAMGG/UI/Tabs/FileBrowser.o.d -target aarch64-none-linux-android24 -fdata-sections -ffunction-sections -fstack-protector-strong -funwind-tables -no-canonical-prefixes  --sysroot /usr/local/lib/android/sdk/ndk/26.1.10909125/toolchains/llvm/prebuilt/linux-x86_64/sysroot -g -Wno-invalid-command-line-argument -Wno-unused-command-line-argument  -D_FORTIFY_SOURCE=2 -fno-exceptions -fno-rtti -fpic -O2 -DNDEBUG  -I. -I./Core -I./UI -I./UI/Tabs -I./UI/Widgets -I./Bridge -I./JNI -I./Generated -I./Includes -I./all_libs/imgui -I./all_libs/imgui/backends -I./all_libs/json -I./all_libs/YAM-G/LIBYAMJS/include -I./all_libs/YAM-G/wrapper/include -I./all_libs/XDL -I./all_libs/XDL/include -I./all_libs/Dobby/prebuilt/include -I./all_libs/KittyMemory/KittyMemory -I./all_libs/KittyMemory/KittyMemory/Deps/Keystone/includes -Iall_libs/XDL -Iall_libs/XDL/include -Iall_libs/YAM-G/wrapper/include -Iall_libs/KittyMemory/KittyMemory/Deps/Keystone/includes -Iall_libs/YAM-G/LIBYAMJS/include -I. -O2 -DNDEBUG -w -std=c++17 -fexceptions -frtti -O2 -DNDEBUG -w  -DANDROID -w -O2 -DNDEBUG -Wformat -Werror=format-security -std=c++17 -fexceptions -frtti -fPIC -w -O2 -DNDEBUG -DIMGUI_IMPL_OPENGL_ES3=1 -DIMGUI_DISABLE_OBSOLETE_FUNCTIONS=1 -Wno-error -ffunction-sections -fdata-sections -DYAM_ARCH_ARM64=1 -frtti -fexceptions  -c  ./UI/Tabs/FileBrowser.cpp -o /tmp/ndk-out/local/arm64-v8a/objs/YAMGG/UI/Tabs/FileBrowser.o
build	Build .so with ndk-build	2026-10-11T03:01:14.8696845Z [arm64-v8a] Compile++      : YAMGG <= Notification.cpp
build	Build .so with ndk-build	2026-10-11T03:01:14.8697340Z rm -f /tmp/ndk-out/local/arm64-v8a/objs/YAMGG/UI/Widgets/Notification.o
build	Build .so with ndk-build	2026-10-11T03:01:14.8708866Z /usr/local/lib/android/sdk/ndk/26.1.10909125/toolchains/llvm/prebuilt/linux-x86_64/bin/clang++ -MMD -MP -MF /tmp/ndk-out/local/arm64-v8a/objs/YAMGG/UI/Widgets/Notification.o.d -target aarch64-none-linux-android24 -fdata-sections -ffunction-sections -fstack-protector-strong -funwind-tables -no-canonical-prefixes  --sysroot /usr/local/lib/android/sdk/ndk/26.1.10909125/toolchains/llvm/prebuilt/linux-x86_64/sysroot -g -Wno-invalid-command-line-argument -Wno-unused-command-line-argument  -D_FORTIFY_SOURCE=2 -fno-exceptions -fno-rtti -fpic -O2 -DNDEBUG  -I. -I./Core -I./UI -I./UI/Tabs -I./UI/Widgets -I./Bridge -I./JNI -I./Generated -I./Includes -I./all_libs/imgui -I./all_libs/imgui/backends -I./all_libs/json -I./all_libs/YAM-G/LIBYAMJS/include -I./all_libs/YAM-G/wrapper/include -I./all_libs/XDL -I./all_libs/XDL/include -I./all_libs/Dobby/prebuilt/include -I./all_libs/KittyMemory/KittyMemory -I./all_libs/KittyMemory/KittyMemory/Deps/Keystone/includes -Iall_libs/XDL -Iall_libs/XDL/include -Iall_libs/YAM-G/wrapper/include -Iall_libs/KittyMemory/KittyMemory/Deps/Keystone/includes -Iall_libs/YAM-G/LIBYAMJS/include -I. -O2 -DNDEBUG -w -std=c++17 -fexceptions -frtti -O2 -DNDEBUG -w  -DANDROID -w -O2 -DNDEBUG -Wformat -Werror=format-security -std=c++17 -fexceptions -frtti -fPIC -w -O2 -DNDEBUG -DIMGUI_IMPL_OPENGL_ES3=1 -DIMGUI_DISABLE_OBSOLETE_FUNCTIONS=1 -Wno-error -ffunction-sections -fdata-sections -DYAM_ARCH_ARM64=1 -frtti -fexceptions  -c  ./UI/Widgets/Notification.cpp -o /tmp/ndk-out/local/arm64-v8a/objs/YAMGG/UI/Widgets/Notification.o
build	Build .so with ndk-build	2026-10-11T03:01:15.2090111Z [arm64-v8a] Compile++      : YAMGG <= YamBridge.cpp
build	Build .so with ndk-build	2026-10-11T03:01:15.2090500Z rm -f /tmp/ndk-out/local/arm64-v8a/objs/YAMGG/Bridge/YamBridge.o
build	Build .so with ndk-build	2026-10-11T03:01:15.2101234Z /usr/local/lib/android/sdk/ndk/26.1.10909125/toolchains/llvm/prebuilt/linux-x86_64/bin/clang++ -MMD -MP -MF /tmp/ndk-out/local/arm64-v8a/objs/YAMGG/Bridge/YamBridge.o.d -target aarch64-none-linux-android24 -fdata-sections -ffunction-sections -fstack-protector-strong -funwind-tables -no-canonical-prefixes  --sysroot /usr/local/lib/android/sdk/ndk/26.1.10909125/toolchains/llvm/prebuilt/linux-x86_64/sysroot -g -Wno-invalid-command-line-argument -Wno-unused-command-line-argument  -D_FORTIFY_SOURCE=2 -fno-exceptions -fno-rtti -fpic -O2 -DNDEBUG  -I. -I./Core -I./UI -I./UI/Tabs -I./UI/Widgets -I./Bridge -I./JNI -I./Generated -I./Includes -I./all_libs/imgui -I./all_libs/imgui/backends -I./all_libs/json -I./all_libs/YAM-G/LIBYAMJS/include -I./all_libs/YAM-G/wrapper/include -I./all_libs/XDL -I./all_libs/XDL/include -I./all_libs/Dobby/prebuilt/include -I./all_libs/KittyMemory/KittyMemory -I./all_libs/KittyMemory/KittyMemory/Deps/Keystone/includes -Iall_libs/XDL -Iall_libs/XDL/include -Iall_libs/YAM-G/wrapper/include -Iall_libs/KittyMemory/KittyMemory/Deps/Keystone/includes -Iall_libs/YAM-G/LIBYAMJS/include -I. -O2 -DNDEBUG -w -std=c++17 -fexceptions -frtti -O2 -DNDEBUG -w  -DANDROID -w -O2 -DNDEBUG -Wformat -Werror=format-security -std=c++17 -fexceptions -frtti -fPIC -w -O2 -DNDEBUG -DIMGUI_IMPL_OPENGL_ES3=1 -DIMGUI_DISABLE_OBSOLETE_FUNCTIONS=1 -Wno-error -ffunction-sections -fdata-sections -DYAM_ARCH_ARM64=1 -frtti -fexceptions  -c  ./Bridge/YamBridge.cpp -o /tmp/ndk-out/local/arm64-v8a/objs/YAMGG/Bridge/YamBridge.o
build	Build .so with ndk-build	2026-10-11T03:01:15.6821272Z ./Bridge/YamBridge.cpp:205:34: error: out-of-line definition of 'evaluate' does not match any declaration in 'yamgg::YamBridge'
build	Build .so with ndk-build	2026-10-11T03:01:15.6821775Z YamBridge::EvalResult YamBridge::evaluate(const std::string& code) {
build	Build .so with ndk-build	2026-10-11T03:01:15.6821991Z                                  ^~~~~~~~
build	Build .so with ndk-build	2026-10-11T03:01:15.6938072Z ./Bridge/YamBridge.cpp:244:34: error: out-of-line definition of 'loadScriptSync' does not match any declaration in 'yamgg::YamBridge'
build	Build .so with ndk-build	2026-10-11T03:01:15.6938629Z YamBridge::LoadResult YamBridge::loadScriptSync(const std::string& name,
build	Build .so with ndk-build	2026-10-11T03:01:15.6938855Z                                  ^~~~~~~~~~~~~~
build	Build .so with ndk-build	2026-10-11T03:01:15.8991679Z 2 errors generated.
build	Build .so with ndk-build	2026-10-11T03:01:15.9084850Z make: *** [/usr/local/lib/android/sdk/ndk/26.1.10909125/build/core/build-binary.mk:415: /tmp/ndk-out/local/arm64-v8a/objs/YAMGG/Bridge/YamBridge.o] Error 1
build	Locate .so	﻿2026-10-11T03:01:15.9125170Z ##[group]Run SO=$(find /tmp -name "libYAMGG.so" -type f 2>/dev/null | head -1)
build	Locate .so	2026-10-11T03:01:15.9125672Z ^[[36;1mSO=$(find /tmp -name "libYAMGG.so" -type f 2>/dev/null | head -1)^[[0m
build	Locate .so	2026-10-11T03:01:15.9126010Z ^[[36;1mif [ -z "$SO" ]; then^[[0m
build	Locate .so	2026-10-11T03:01:15.9126408Z ^[[36;1m  echo "ERROR: libYAMGG.so not built"^[[0m
build	Locate .so	2026-10-11T03:01:15.9126678Z ^[[36;1m  tail -150 /tmp/ndk-build.log^[[0m
build	Locate .so	2026-10-11T03:01:15.9126913Z ^[[36;1m  exit 1^[[0m
build	Locate .so	2026-10-11T03:01:15.9127087Z ^[[36;1mfi^[[0m
build	Locate .so	2026-10-11T03:01:15.9127300Z ^[[36;1mecho "FOUND: $SO"^[[0m
build	Locate .so	2026-10-11T03:01:15.9127498Z ^[[36;1mdu -h "$SO"^[[0m
build	Locate .so	2026-10-11T03:01:15.9127685Z ^[[36;1mfile "$SO"^[[0m
build	Locate .so	2026-10-11T03:01:15.9127902Z ^[[36;1mecho "$SO" > /tmp/so_path.txt^[[0m
build	Locate .so	2026-10-11T03:01:15.9188450Z shell: /usr/bin/bash -e {0}
build	Locate .so	2026-10-11T03:01:15.9188618Z env:
build	Locate .so	2026-10-11T03:01:15.9188744Z   ANDROID_HOME: /usr/local/lib/android/sdk
build	Locate .so	2026-10-11T03:01:15.9188921Z   ANDROID_SDK_ROOT: /usr/local/lib/android/sdk
build	Locate .so	2026-10-11T03:01:15.9189088Z   NDK_VERSION: 26.1.10909125
build	Locate .so	2026-10-11T03:01:15.9189309Z   JAVA_HOME: /opt/hostedtoolcache/Java_Temurin-Hotspot_jdk/17.0.20-1/x64
build	Locate .so	2026-10-11T03:01:15.9189580Z   JAVA_HOME_17_X64: /opt/hostedtoolcache/Java_Temurin-Hotspot_jdk/17.0.20-1/x64
build	Locate .so	2026-10-11T03:01:15.9189787Z ##[endgroup]
build	Locate .so	2026-10-11T03:01:15.9275583Z ERROR: libYAMGG.so not built
build	Locate .so	2026-10-11T03:01:15.9283124Z Android NDK: WARNING:all_libs/YAM-G/wrapper/Android.mk:YAMGG: non-system libraries in linker flags: -lunwind    
build	Locate .so	2026-10-11T03:01:15.9283764Z Android NDK:     This is likely to result in incorrect builds. Try using LOCAL_STATIC_LIBRARIES    
build	Locate .so	2026-10-11T03:01:15.9284295Z Android NDK:     or LOCAL_SHARED_LIBRARIES instead to list the library dependencies of the    
build	Locate .so	2026-10-11T03:01:15.9284556Z Android NDK:     current module    
build	Locate .so	2026-10-11T03:01:15.9284817Z Android NDK: WARNING:all_libs/XDL/Android.mk:xdl: LOCAL_LDLIBS is always ignored for static libraries    
build	Locate .so	2026-10-11T03:01:15.9285218Z Android NDK: WARNING:all_libs/YAM-G/wrapper/Android.mk:yamcpp: LOCAL_LDLIBS is always ignored for static libraries    
build	Locate .so	2026-10-11T03:01:15.9285653Z Android NDK: WARNING:all_libs/YAM-G/wrapper/Android.mk:yamcpp: non-system libraries in linker flags: -lc++_static -lunwind    
build	Locate .so	2026-10-11T03:01:15.9286043Z Android NDK:     This is likely to result in incorrect builds. Try using LOCAL_STATIC_LIBRARIES    
build	Locate .so	2026-10-11T03:01:15.9286660Z Android NDK:     or LOCAL_SHARED_LIBRARIES instead to list the library dependencies of the    
build	Locate .so	2026-10-11T03:01:15.9287044Z Android NDK:     current module    
build	Locate .so	2026-10-11T03:01:15.9287278Z rm -f /tmp/ndk-libs/arm64-v8a/*
build	Locate .so	2026-10-11T03:01:15.9287519Z [arm64-v8a] Compile++      : YAMGG <= Main.cpp
build	Locate .so	2026-10-11T03:01:15.9287806Z rm -f /tmp/ndk-out/local/arm64-v8a/objs/YAMGG/Main.o
build	Locate .so	2026-10-11T03:01:15.9291321Z /usr/local/lib/android/sdk/ndk/26.1.10909125/toolchains/llvm/prebuilt/linux-x86_64/bin/clang++ -MMD -MP -MF /tmp/ndk-out/local/arm64-v8a/objs/YAMGG/Main.o.d -target aarch64-none-linux-android24 -fdata-sections -ffunction-sections -fstack-protector-strong -funwind-tables -no-canonical-prefixes  --sysroot /usr/local/lib/android/sdk/ndk/26.1.10909125/toolchains/llvm/prebuilt/linux-x86_64/sysroot -g -Wno-invalid-command-line-argument -Wno-unused-command-line-argument  -D_FORTIFY_SOURCE=2 -fno-exceptions -fno-rtti -fpic -O2 -DNDEBUG  -I. -I./Core -I./UI -I./UI/Tabs -I./UI/Widgets -I./Bridge -I./JNI -I./Generated -I./Includes -I./all_libs/imgui -I./all_libs/imgui/backends -I./all_libs/json -I./all_libs/YAM-G/LIBYAMJS/include -I./all_libs/YAM-G/wrapper/include -I./all_libs/XDL -I./all_libs/XDL/include -I./all_libs/Dobby/prebuilt/include -I./all_libs/KittyMemory/KittyMemory -I./all_libs/KittyMemory/KittyMemory/Deps/Keystone/includes -Iall_libs/XDL -Iall_libs/XDL/include -Iall_libs/YAM-G/wrapper/include -Iall_libs/KittyMemory/KittyMemory/Deps/Keystone/includes -Iall_libs/YAM-G/LIBYAMJS/include -I. -O2 -DNDEBUG -w -std=c++17 -fexceptions -frtti -O2 -DNDEBUG -w  -DANDROID -w -O2 -DNDEBUG -Wformat -Werror=format-security -std=c++17 -fexceptions -frtti -fPIC -w -O2 -DNDEBUG -DIMGUI_IMPL_OPENGL_ES3=1 -DIMGUI_DISABLE_OBSOLETE_FUNCTIONS=1 -Wno-error -ffunction-sections -fdata-sections -DYAM_ARCH_ARM64=1 -frtti -fexceptions  -c  ./Main.cpp -o /tmp/ndk-out/local/arm64-v8a/objs/YAMGG/Main.o
build	Locate .so	2026-10-11T03:01:15.9294471Z [arm64-v8a] Compile++      : YAMGG <= NativeMethods.cpp
build	Locate .so	2026-10-11T03:01:15.9294695Z rm -f /tmp/ndk-out/local/arm64-v8a/objs/YAMGG/JNI/NativeMethods.o
build	Locate .so	2026-10-11T03:01:15.9297709Z /usr/local/lib/android/sdk/ndk/26.1.10909125/toolchains/llvm/prebuilt/linux-x86_64/bin/clang++ -MMD -MP -MF /tmp/ndk-out/local/arm64-v8a/objs/YAMGG/JNI/NativeMethods.o.d -target aarch64-none-linux-android24 -fdata-sections -ffunction-sections -fstack-protector-strong -funwind-tables -no-canonical-prefixes  --sysroot /usr/local/lib/android/sdk/ndk/26.1.10909125/toolchains/llvm/prebuilt/linux-x86_64/sysroot -g -Wno-invalid-command-line-argument -Wno-unused-command-line-argument  -D_FORTIFY_SOURCE=2 -fno-exceptions -fno-rtti -fpic -O2 -DNDEBUG  -I. -I./Core -I./UI -I./UI/Tabs -I./UI/Widgets -I./Bridge -I./JNI -I./Generated -I./Includes -I./all_libs/imgui -I./all_libs/imgui/backends -I./all_libs/json -I./all_libs/YAM-G/LIBYAMJS/include -I./all_libs/YAM-G/wrapper/include -I./all_libs/XDL -I./all_libs/XDL/include -I./all_libs/Dobby/prebuilt/include -I./all_libs/KittyMemory/KittyMemory -I./all_libs/KittyMemory/KittyMemory/Deps/Keystone/includes -Iall_libs/XDL -Iall_libs/XDL/include -Iall_libs/YAM-G/wrapper/include -Iall_libs/KittyMemory/KittyMemory/Deps/Keystone/includes -Iall_libs/YAM-G/LIBYAMJS/include -I. -O2 -DNDEBUG -w -std=c++17 -fexceptions -frtti -O2 -DNDEBUG -w  -DANDROID -w -O2 -DNDEBUG -Wformat -Werror=format-security -std=c++17 -fexceptions -frtti -fPIC -w -O2 -DNDEBUG -DIMGUI_IMPL_OPENGL_ES3=1 -DIMGUI_DISABLE_OBSOLETE_FUNCTIONS=1 -Wno-error -ffunction-sections -fdata-sections -DYAM_ARCH_ARM64=1 -frtti -fexceptions  -c  ./JNI/NativeMethods.cpp -o /tmp/ndk-out/local/arm64-v8a/objs/YAMGG/JNI/NativeMethods.o
build	Locate .so	2026-10-11T03:01:15.9300577Z [arm64-v8a] Compile++      : YAMGG <= Runtime.cpp
build	Locate .so	2026-10-11T03:01:15.9300779Z rm -f /tmp/ndk-out/local/arm64-v8a/objs/YAMGG/Core/Runtime.o
build	Locate .so	2026-10-11T03:01:15.9303520Z /usr/local/lib/android/sdk/ndk/26.1.10909125/toolchains/llvm/prebuilt/linux-x86_64/bin/clang++ -MMD -MP -MF /tmp/ndk-out/local/arm64-v8a/objs/YAMGG/Core/Runtime.o.d -target aarch64-none-linux-android24 -fdata-sections -ffunction-sections -fstack-protector-strong -funwind-tables -no-canonical-prefixes  --sysroot /usr/local/lib/android/sdk/ndk/26.1.10909125/toolchains/llvm/prebuilt/linux-x86_64/sysroot -g -Wno-invalid-command-line-argument -Wno-unused-command-line-argument  -D_FORTIFY_SOURCE=2 -fno-exceptions -fno-rtti -fpic -O2 -DNDEBUG  -I. -I./Core -I./UI -I./UI/Tabs -I./UI/Widgets -I./Bridge -I./JNI -I./Generated -I./Includes -I./all_libs/imgui -I./all_libs/imgui/backends -I./all_libs/json -I./all_libs/YAM-G/LIBYAMJS/include -I./all_libs/YAM-G/wrapper/include -I./all_libs/XDL -I./all_libs/XDL/include -I./all_libs/Dobby/prebuilt/include -I./all_libs/KittyMemory/KittyMemory -I./all_libs/KittyMemory/KittyMemory/Deps/Keystone/includes -Iall_libs/XDL -Iall_libs/XDL/include -Iall_libs/YAM-G/wrapper/include -Iall_libs/KittyMemory/KittyMemory/Deps/Keystone/includes -Iall_libs/YAM-G/LIBYAMJS/include -I. -O2 -DNDEBUG -w -std=c++17 -fexceptions -frtti -O2 -DNDEBUG -w  -DANDROID -w -O2 -DNDEBUG -Wformat -Werror=format-security -std=c++17 -fexceptions -frtti -fPIC -w -O2 -DNDEBUG -DIMGUI_IMPL_OPENGL_ES3=1 -DIMGUI_DISABLE_OBSOLETE_FUNCTIONS=1 -Wno-error -ffunction-sections -fdata-sections -DYAM_ARCH_ARM64=1 -frtti -fexceptions  -c  ./Core/Runtime.cpp -o /tmp/ndk-out/local/arm64-v8a/objs/YAMGG/Core/Runtime.o
build	Locate .so	2026-10-11T03:01:15.9306560Z [arm64-v8a] Compile++      : YAMGG <= DexLoader.cpp
build	Locate .so	2026-10-11T03:01:15.9306763Z rm -f /tmp/ndk-out/local/arm64-v8a/objs/YAMGG/Core/DexLoader.o
build	Locate .so	2026-10-11T03:01:15.9309504Z /usr/local/lib/android/sdk/ndk/26.1.10909125/toolchains/llvm/prebuilt/linux-x86_64/bin/clang++ -MMD -MP -MF /tmp/ndk-out/local/arm64-v8a/objs/YAMGG/Core/DexLoader.o.d -target aarch64-none-linux-android24 -fdata-sections -ffunction-sections -fstack-protector-strong -funwind-tables -no-canonical-prefixes  --sysroot /usr/local/lib/android/sdk/ndk/26.1.10909125/toolchains/llvm/prebuilt/linux-x86_64/sysroot -g -Wno-invalid-command-line-argument -Wno-unused-command-line-argument  -D_FORTIFY_SOURCE=2 -fno-exceptions -fno-rtti -fpic -O2 -DNDEBUG  -I. -I./Core -I./UI -I./UI/Tabs -I./UI/Widgets -I./Bridge -I./JNI -I./Generated -I./Includes -I./all_libs/imgui -I./all_libs/imgui/backends -I./all_libs/json -I./all_libs/YAM-G/LIBYAMJS/include -I./all_libs/YAM-G/wrapper/include -I./all_libs/XDL -I./all_libs/XDL/include -I./all_libs/Dobby/prebuilt/include -I./all_libs/KittyMemory/KittyMemory -I./all_libs/KittyMemory/KittyMemory/Deps/Keystone/includes -Iall_libs/XDL -Iall_libs/XDL/include -Iall_libs/YAM-G/wrapper/include -Iall_libs/KittyMemory/KittyMemory/Deps/Keystone/includes -Iall_libs/YAM-G/LIBYAMJS/include -I. -O2 -DNDEBUG -w -std=c++17 -fexceptions -frtti -O2 -DNDEBUG -w  -DANDROID -w -O2 -DNDEBUG -Wformat -Werror=format-security -std=c++17 -fexceptions -frtti -fPIC -w -O2 -DNDEBUG -DIMGUI_IMPL_OPENGL_ES3=1 -DIMGUI_DISABLE_OBSOLETE_FUNCTIONS=1 -Wno-error -ffunction-sections -fdata-sections -DYAM_ARCH_ARM64=1 -frtti -fexceptions  -c  ./Core/DexLoader.cpp -o /tmp/ndk-out/local/arm64-v8a/objs/YAMGG/Core/DexLoader.o
build	Locate .so	2026-10-11T03:01:15.9312396Z [arm64-v8a] Compile++      : YAMGG <= Renderer.cpp
build	Locate .so	2026-10-11T03:01:15.9312595Z rm -f /tmp/ndk-out/local/arm64-v8a/objs/YAMGG/UI/Renderer.o
build	Locate .so	2026-10-11T03:01:15.9315316Z /usr/local/lib/android/sdk/ndk/26.1.10909125/toolchains/llvm/prebuilt/linux-x86_64/bin/clang++ -MMD -MP -MF /tmp/ndk-out/local/arm64-v8a/objs/YAMGG/UI/Renderer.o.d -target aarch64-none-linux-android24 -fdata-sections -ffunction-sections -fstack-protector-strong -funwind-tables -no-canonical-prefixes  --sysroot /usr/local/lib/android/sdk/ndk/26.1.10909125/toolchains/llvm/prebuilt/linux-x86_64/sysroot -g -Wno-invalid-command-line-argument -Wno-unused-command-line-argument  -D_FORTIFY_SOURCE=2 -fno-exceptions -fno-rtti -fpic -O2 -DNDEBUG  -I. -I./Core -I./UI -I./UI/Tabs -I./UI/Widgets -I./Bridge -I./JNI -I./Generated -I./Includes -I./all_libs/imgui -I./all_libs/imgui/backends -I./all_libs/json -I./all_libs/YAM-G/LIBYAMJS/include -I./all_libs/YAM-G/wrapper/include -I./all_libs/XDL -I./all_libs/XDL/include -I./all_libs/Dobby/prebuilt/include -I./all_libs/KittyMemory/KittyMemory -I./all_libs/KittyMemory/KittyMemory/Deps/Keystone/includes -Iall_libs/XDL -Iall_libs/XDL/include -Iall_libs/YAM-G/wrapper/include -Iall_libs/KittyMemory/KittyMemory/Deps/Keystone/includes -Iall_libs/YAM-G/LIBYAMJS/include -I. -O2 -DNDEBUG -w -std=c++17 -fexceptions -frtti -O2 -DNDEBUG -w  -DANDROID -w -O2 -DNDEBUG -Wformat -Werror=format-security -std=c++17 -fexceptions -frtti -fPIC -w -O2 -DNDEBUG -DIMGUI_IMPL_OPENGL_ES3=1 -DIMGUI_DISABLE_OBSOLETE_FUNCTIONS=1 -Wno-error -ffunction-sections -fdata-sections -DYAM_ARCH_ARM64=1 -frtti -fexceptions  -c  ./UI/Renderer.cpp -o /tmp/ndk-out/local/arm64-v8a/objs/YAMGG/UI/Renderer.o
build	Locate .so	2026-10-11T03:01:15.9318354Z [arm64-v8a] Compile++      : YAMGG <= Theme.cpp
build	Locate .so	2026-10-11T03:01:15.9318552Z rm -f /tmp/ndk-out/local/arm64-v8a/objs/YAMGG/UI/Theme.o
build	Locate .so	2026-10-11T03:01:15.9321266Z /usr/local/lib/android/sdk/ndk/26.1.10909125/toolchains/llvm/prebuilt/linux-x86_64/bin/clang++ -MMD -MP -MF /tmp/ndk-out/local/arm64-v8a/objs/YAMGG/UI/Theme.o.d -target aarch64-none-linux-android24 -fdata-sections -ffunction-sections -fstack-protector-strong -funwind-tables -no-canonical-prefixes  --sysroot /usr/local/lib/android/sdk/ndk/26.1.10909125/toolchains/llvm/prebuilt/linux-x86_64/sysroot -g -Wno-invalid-command-line-argument -Wno-unused-command-line-argument  -D_FORTIFY_SOURCE=2 -fno-exceptions -fno-rtti -fpic -O2 -DNDEBUG  -I. -I./Core -I./UI -I./UI/Tabs -I./UI/Widgets -I./Bridge -I./JNI -I./Generated -I./Includes -I./all_libs/imgui -I./all_libs/imgui/backends -I./all_libs/json -I./all_libs/YAM-G/LIBYAMJS/include -I./all_libs/YAM-G/wrapper/include -I./all_libs/XDL -I./all_libs/XDL/include -I./all_libs/Dobby/prebuilt/include -I./all_libs/KittyMemory/KittyMemory -I./all_libs/KittyMemory/KittyMemory/Deps/Keystone/includes -Iall_libs/XDL -Iall_libs/XDL/include -Iall_libs/YAM-G/wrapper/include -Iall_libs/KittyMemory/KittyMemory/Deps/Keystone/includes -Iall_libs/YAM-G/LIBYAMJS/include -I. -O2 -DNDEBUG -w -std=c++17 -fexceptions -frtti -O2 -DNDEBUG -w  -DANDROID -w -O2 -DNDEBUG -Wformat -Werror=format-security -std=c++17 -fexceptions -frtti -fPIC -w -O2 -DNDEBUG -DIMGUI_IMPL_OPENGL_ES3=1 -DIMGUI_DISABLE_OBSOLETE_FUNCTIONS=1 -Wno-error -ffunction-sections -fdata-sections -DYAM_ARCH_ARM64=1 -frtti -fexceptions  -c  ./UI/Theme.cpp -o /tmp/ndk-out/local/arm64-v8a/objs/YAMGG/UI/Theme.o
build	Locate .so	2026-10-11T03:01:15.9324110Z [arm64-v8a] Compile++      : YAMGG <= MainWindow.cpp
build	Locate .so	2026-10-11T03:01:15.9324318Z rm -f /tmp/ndk-out/local/arm64-v8a/objs/YAMGG/UI/MainWindow.o
build	Locate .so	2026-10-11T03:01:15.9327535Z /usr/local/lib/android/sdk/ndk/26.1.10909125/toolchains/llvm/prebuilt/linux-x86_64/bin/clang++ -MMD -MP -MF /tmp/ndk-out/local/arm64-v8a/objs/YAMGG/UI/MainWindow.o.d -target aarch64-none-linux-android24 -fdata-sections -ffunction-sections -fstack-protector-strong -funwind-tables -no-canonical-prefixes  --sysroot /usr/local/lib/android/sdk/ndk/26.1.10909125/toolchains/llvm/prebuilt/linux-x86_64/sysroot -g -Wno-invalid-command-line-argument -Wno-unused-command-line-argument  -D_FORTIFY_SOURCE=2 -fno-exceptions -fno-rtti -fpic -O2 -DNDEBUG  -I. -I./Core -I./UI -I./UI/Tabs -I./UI/Widgets -I./Bridge -I./JNI -I./Generated -I./Includes -I./all_libs/imgui -I./all_libs/imgui/backends -I./all_libs/json -I./all_libs/YAM-G/LIBYAMJS/include -I./all_libs/YAM-G/wrapper/include -I./all_libs/XDL -I./all_libs/XDL/include -I./all_libs/Dobby/prebuilt/include -I./all_libs/KittyMemory/KittyMemory -I./all_libs/KittyMemory/KittyMemory/Deps/Keystone/includes -Iall_libs/XDL -Iall_libs/XDL/include -Iall_libs/YAM-G/wrapper/include -Iall_libs/KittyMemory/KittyMemory/Deps/Keystone/includes -Iall_libs/YAM-G/LIBYAMJS/include -I. -O2 -DNDEBUG -w -std=c++17 -fexceptions -frtti -O2 -DNDEBUG -w  -DANDROID -w -O2 -DNDEBUG -Wformat -Werror=format-security -std=c++17 -fexceptions -frtti -fPIC -w -O2 -DNDEBUG -DIMGUI_IMPL_OPENGL_ES3=1 -DIMGUI_DISABLE_OBSOLETE_FUNCTIONS=1 -Wno-error -ffunction-sections -fdata-sections -DYAM_ARCH_ARM64=1 -frtti -fexceptions  -c  ./UI/MainWindow.cpp -o /tmp/ndk-out/local/arm64-v8a/objs/YAMGG/UI/MainWindow.o
build	Locate .so	2026-10-11T03:01:15.9330353Z [arm64-v8a] Compile++      : YAMGG <= JSConsole.cpp
build	Locate .so	2026-10-11T03:01:15.9330561Z rm -f /tmp/ndk-out/local/arm64-v8a/objs/YAMGG/UI/Tabs/JSConsole.o
build	Locate .so	2026-10-11T03:01:15.9333329Z /usr/local/lib/android/sdk/ndk/26.1.10909125/toolchains/llvm/prebuilt/linux-x86_64/bin/clang++ -MMD -MP -MF /tmp/ndk-out/local/arm64-v8a/objs/YAMGG/UI/Tabs/JSConsole.o.d -target aarch64-none-linux-android24 -fdata-sections -ffunction-sections -fstack-protector-strong -funwind-tables -no-canonical-prefixes  --sysroot /usr/local/lib/android/sdk/ndk/26.1.10909125/toolchains/llvm/prebuilt/linux-x86_64/sysroot -g -Wno-invalid-command-line-argument -Wno-unused-command-line-argument  -D_FORTIFY_SOURCE=2 -fno-exceptions -fno-rtti -fpic -O2 -DNDEBUG  -I. -I./Core -I./UI -I./UI/Tabs -I./UI/Widgets -I./Bridge -I./JNI -I./Generated -I./Includes -I./all_libs/imgui -I./all_libs/imgui/backends -I./all_libs/json -I./all_libs/YAM-G/LIBYAMJS/include -I./all_libs/YAM-G/wrapper/include -I./all_libs/XDL -I./all_libs/XDL/include -I./all_libs/Dobby/prebuilt/include -I./all_libs/KittyMemory/KittyMemory -I./all_libs/KittyMemory/KittyMemory/Deps/Keystone/includes -Iall_libs/XDL -Iall_libs/XDL/include -Iall_libs/YAM-G/wrapper/include -Iall_libs/KittyMemory/KittyMemory/Deps/Keystone/includes -Iall_libs/YAM-G/LIBYAMJS/include -I. -O2 -DNDEBUG -w -std=c++17 -fexceptions -frtti -O2 -DNDEBUG -w  -DANDROID -w -O2 -DNDEBUG -Wformat -Werror=format-security -std=c++17 -fexceptions -frtti -fPIC -w -O2 -DNDEBUG -DIMGUI_IMPL_OPENGL_ES3=1 -DIMGUI_DISABLE_OBSOLETE_FUNCTIONS=1 -Wno-error -ffunction-sections -fdata-sections -DYAM_ARCH_ARM64=1 -frtti -fexceptions  -c  ./UI/Tabs/JSConsole.cpp -o /tmp/ndk-out/local/arm64-v8a/objs/YAMGG/UI/Tabs/JSConsole.o
build	Locate .so	2026-10-11T03:01:15.9336471Z [arm64-v8a] Compile++      : YAMGG <= ClassBrowser.cpp
build	Locate .so	2026-10-11T03:01:15.9336688Z rm -f /tmp/ndk-out/local/arm64-v8a/objs/YAMGG/UI/Tabs/ClassBrowser.o
build	Locate .so	2026-10-11T03:01:15.9339506Z /usr/local/lib/android/sdk/ndk/26.1.10909125/toolchains/llvm/prebuilt/linux-x86_64/bin/clang++ -MMD -MP -MF /tmp/ndk-out/local/arm64-v8a/objs/YAMGG/UI/Tabs/ClassBrowser.o.d -target aarch64-none-linux-android24 -fdata-sections -ffunction-sections -fstack-protector-strong -funwind-tables -no-canonical-prefixes  --sysroot /usr/local/lib/android/sdk/ndk/26.1.10909125/toolchains/llvm/prebuilt/linux-x86_64/sysroot -g -Wno-invalid-command-line-argument -Wno-unused-command-line-argument  -D_FORTIFY_SOURCE=2 -fno-exceptions -fno-rtti -fpic -O2 -DNDEBUG  -I. -I./Core -I./UI -I./UI/Tabs -I./UI/Widgets -I./Bridge -I./JNI -I./Generated -I./Includes -I./all_libs/imgui -I./all_libs/imgui/backends -I./all_libs/json -I./all_libs/YAM-G/LIBYAMJS/include -I./all_libs/YAM-G/wrapper/include -I./all_libs/XDL -I./all_libs/XDL/include -I./all_libs/Dobby/prebuilt/include -I./all_libs/KittyMemory/KittyMemory -I./all_libs/KittyMemory/KittyMemory/Deps/Keystone/includes -Iall_libs/XDL -Iall_libs/XDL/include -Iall_libs/YAM-G/wrapper/include -Iall_libs/KittyMemory/KittyMemory/Deps/Keystone/includes -Iall_libs/YAM-G/LIBYAMJS/include -I. -O2 -DNDEBUG -w -std=c++17 -fexceptions -frtti -O2 -DNDEBUG -w  -DANDROID -w -O2 -DNDEBUG -Wformat -Werror=format-security -std=c++17 -fexceptions -frtti -fPIC -w -O2 -DNDEBUG -DIMGUI_IMPL_OPENGL_ES3=1 -DIMGUI_DISABLE_OBSOLETE_FUNCTIONS=1 -Wno-error -ffunction-sections -fdata-sections -DYAM_ARCH_ARM64=1 -frtti -fexceptions  -c  ./UI/Tabs/ClassBrowser.cpp -o /tmp/ndk-out/local/arm64-v8a/objs/YAMGG/UI/Tabs/ClassBrowser.o
build	Locate .so	2026-10-11T03:01:15.9342379Z [arm64-v8a] Compile++      : YAMGG <= FileBrowser.cpp
build	Locate .so	2026-10-11T03:01:15.9342592Z rm -f /tmp/ndk-out/local/arm64-v8a/objs/YAMGG/UI/Tabs/FileBrowser.o
build	Locate .so	2026-10-11T03:01:15.9345391Z /usr/local/lib/android/sdk/ndk/26.1.10909125/toolchains/llvm/prebuilt/linux-x86_64/bin/clang++ -MMD -MP -MF /tmp/ndk-out/local/arm64-v8a/objs/YAMGG/UI/Tabs/FileBrowser.o.d -target aarch64-none-linux-android24 -fdata-sections -ffunction-sections -fstack-protector-strong -funwind-tables -no-canonical-prefixes  --sysroot /usr/local/lib/android/sdk/ndk/26.1.10909125/toolchains/llvm/prebuilt/linux-x86_64/sysroot -g -Wno-invalid-command-line-argument -Wno-unused-command-line-argument  -D_FORTIFY_SOURCE=2 -fno-exceptions -fno-rtti -fpic -O2 -DNDEBUG  -I. -I./Core -I./UI -I./UI/Tabs -I./UI/Widgets -I./Bridge -I./JNI -I./Generated -I./Includes -I./all_libs/imgui -I./all_libs/imgui/backends -I./all_libs/json -I./all_libs/YAM-G/LIBYAMJS/include -I./all_libs/YAM-G/wrapper/include -I./all_libs/XDL -I./all_libs/XDL/include -I./all_libs/Dobby/prebuilt/include -I./all_libs/KittyMemory/KittyMemory -I./all_libs/KittyMemory/KittyMemory/Deps/Keystone/includes -Iall_libs/XDL -Iall_libs/XDL/include -Iall_libs/YAM-G/wrapper/include -Iall_libs/KittyMemory/KittyMemory/Deps/Keystone/includes -Iall_libs/YAM-G/LIBYAMJS/include -I. -O2 -DNDEBUG -w -std=c++17 -fexceptions -frtti -O2 -DNDEBUG -w  -DANDROID -w -O2 -DNDEBUG -Wformat -Werror=format-security -std=c++17 -fexceptions -frtti -fPIC -w -O2 -DNDEBUG -DIMGUI_IMPL_OPENGL_ES3=1 -DIMGUI_DISABLE_OBSOLETE_FUNCTIONS=1 -Wno-error -ffunction-sections -fdata-sections -DYAM_ARCH_ARM64=1 -frtti -fexceptions  -c  ./UI/Tabs/FileBrowser.cpp -o /tmp/ndk-out/local/arm64-v8a/objs/YAMGG/UI/Tabs/FileBrowser.o
build	Locate .so	2026-10-11T03:01:15.9348518Z [arm64-v8a] Compile++      : YAMGG <= Notification.cpp
build	Locate .so	2026-10-11T03:01:15.9348741Z rm -f /tmp/ndk-out/local/arm64-v8a/objs/YAMGG/UI/Widgets/Notification.o
build	Locate .so	2026-10-11T03:01:15.9351578Z /usr/local/lib/android/sdk/ndk/26.1.10909125/toolchains/llvm/prebuilt/linux-x86_64/bin/clang++ -MMD -MP -MF /tmp/ndk-out/local/arm64-v8a/objs/YAMGG/UI/Widgets/Notification.o.d -target aarch64-none-linux-android24 -fdata-sections -ffunction-sections -fstack-protector-strong -funwind-tables -no-canonical-prefixes  --sysroot /usr/local/lib/android/sdk/ndk/26.1.10909125/toolchains/llvm/prebuilt/linux-x86_64/sysroot -g -Wno-invalid-command-line-argument -Wno-unused-command-line-argument  -D_FORTIFY_SOURCE=2 -fno-exceptions -fno-rtti -fpic -O2 -DNDEBUG  -I. -I./Core -I./UI -I./UI/Tabs -I./UI/Widgets -I./Bridge -I./JNI -I./Generated -I./Includes -I./all_libs/imgui -I./all_libs/imgui/backends -I./all_libs/json -I./all_libs/YAM-G/LIBYAMJS/include -I./all_libs/YAM-G/wrapper/include -I./all_libs/XDL -I./all_libs/XDL/include -I./all_libs/Dobby/prebuilt/include -I./all_libs/KittyMemory/KittyMemory -I./all_libs/KittyMemory/KittyMemory/Deps/Keystone/includes -Iall_libs/XDL -Iall_libs/XDL/include -Iall_libs/YAM-G/wrapper/include -Iall_libs/KittyMemory/KittyMemory/Deps/Keystone/includes -Iall_libs/YAM-G/LIBYAMJS/include -I. -O2 -DNDEBUG -w -std=c++17 -fexceptions -frtti -O2 -DNDEBUG -w  -DANDROID -w -O2 -DNDEBUG -Wformat -Werror=format-security -std=c++17 -fexceptions -frtti -fPIC -w -O2 -DNDEBUG -DIMGUI_IMPL_OPENGL_ES3=1 -DIMGUI_DISABLE_OBSOLETE_FUNCTIONS=1 -Wno-error -ffunction-sections -fdata-sections -DYAM_ARCH_ARM64=1 -frtti -fexceptions  -c  ./UI/Widgets/Notification.cpp -o /tmp/ndk-out/local/arm64-v8a/objs/YAMGG/UI/Widgets/Notification.o
build	Locate .so	2026-10-11T03:01:15.9354556Z [arm64-v8a] Compile++      : YAMGG <= YamBridge.cpp
build	Locate .so	2026-10-11T03:01:15.9354758Z rm -f /tmp/ndk-out/local/arm64-v8a/objs/YAMGG/Bridge/YamBridge.o
build	Locate .so	2026-10-11T03:01:15.9357646Z /usr/local/lib/android/sdk/ndk/26.1.10909125/toolchains/llvm/prebuilt/linux-x86_64/bin/clang++ -MMD -MP -MF /tmp/ndk-out/local/arm64-v8a/objs/YAMGG/Bridge/YamBridge.o.d -target aarch64-none-linux-android24 -fdata-sections -ffunction-sections -fstack-protector-strong -funwind-tables -no-canonical-prefixes  --sysroot /usr/local/lib/android/sdk/ndk/26.1.10909125/toolchains/llvm/prebuilt/linux-x86_64/sysroot -g -Wno-invalid-command-line-argument -Wno-unused-command-line-argument  -D_FORTIFY_SOURCE=2 -fno-exceptions -fno-rtti -fpic -O2 -DNDEBUG  -I. -I./Core -I./UI -I./UI/Tabs -I./UI/Widgets -I./Bridge -I./JNI -I./Generated -I./Includes -I./all_libs/imgui -I./all_libs/imgui/backends -I./all_libs/json -I./all_libs/YAM-G/LIBYAMJS/include -I./all_libs/YAM-G/wrapper/include -I./all_libs/XDL -I./all_libs/XDL/include -I./all_libs/Dobby/prebuilt/include -I./all_libs/KittyMemory/KittyMemory -I./all_libs/KittyMemory/KittyMemory/Deps/Keystone/includes -Iall_libs/XDL -Iall_libs/XDL/include -Iall_libs/YAM-G/wrapper/include -Iall_libs/KittyMemory/KittyMemory/Deps/Keystone/includes -Iall_libs/YAM-G/LIBYAMJS/include -I. -O2 -DNDEBUG -w -std=c++17 -fexceptions -frtti -O2 -DNDEBUG -w  -DANDROID -w -O2 -DNDEBUG -Wformat -Werror=format-security -std=c++17 -fexceptions -frtti -fPIC -w -O2 -DNDEBUG -DIMGUI_IMPL_OPENGL_ES3=1 -DIMGUI_DISABLE_OBSOLETE_FUNCTIONS=1 -Wno-error -ffunction-sections -fdata-sections -DYAM_ARCH_ARM64=1 -frtti -fexceptions  -c  ./Bridge/YamBridge.cpp -o /tmp/ndk-out/local/arm64-v8a/objs/YAMGG/Bridge/YamBridge.o
build	Locate .so	2026-10-11T03:01:15.9360727Z ./Bridge/YamBridge.cpp:205:34: error: out-of-line definition of 'evaluate' does not match any declaration in 'yamgg::YamBridge'
build	Locate .so	2026-10-11T03:01:15.9361078Z YamBridge::EvalResult YamBridge::evaluate(const std::string& code) {
build	Locate .so	2026-10-11T03:01:15.9361282Z                                  ^~~~~~~~
build	Locate .so	2026-10-11T03:01:15.9361586Z ./Bridge/YamBridge.cpp:244:34: error: out-of-line definition of 'loadScriptSync' does not match any declaration in 'yamgg::YamBridge'
build	Locate .so	2026-10-11T03:01:15.9361946Z YamBridge::LoadResult YamBridge::loadScriptSync(const std::string& name,
build	Locate .so	2026-10-11T03:01:15.9362159Z                                  ^~~~~~~~~~~~~~
build	Locate .so	2026-10-11T03:01:15.9362309Z 2 errors generated.
build	Locate .so	2026-10-11T03:01:15.9362623Z make: *** [/usr/local/lib/android/sdk/ndk/26.1.10909125/build/core/build-binary.mk:415: /tmp/ndk-out/local/arm64-v8a/objs/YAMGG/Bridge/YamBridge.o] Error 1
build	Locate .so	2026-10-11T03:01:15.9364735Z ##[error]Process completed with exit code 1.
build	Upload build log	﻿2026-10-11T03:01:15.9410922Z ##[group]Run actions/upload-artifact@v4
build	Upload build log	2026-10-11T03:01:15.9411086Z with:
build	Upload build log	2026-10-11T03:01:15.9411209Z   name: YAMGG-build-log
build	Upload build log	2026-10-11T03:01:15.9411345Z   path: /tmp/ndk-build.log
build	Upload build log	2026-10-11T03:01:15.9411481Z   if-no-files-found: warn
build	Upload build log	2026-10-11T03:01:15.9411614Z   compression-level: 6
build	Upload build log	2026-10-11T03:01:15.9411738Z   overwrite: false
build	Upload build log	2026-10-11T03:01:15.9411863Z   include-hidden-files: false
build	Upload build log	2026-10-11T03:01:15.9411994Z env:
build	Upload build log	2026-10-11T03:01:15.9412112Z   ANDROID_HOME: /usr/local/lib/android/sdk
build	Upload build log	2026-10-11T03:01:15.9412280Z   ANDROID_SDK_ROOT: /usr/local/lib/android/sdk
build	Upload build log	2026-10-11T03:01:15.9412439Z   NDK_VERSION: 26.1.10909125
build	Upload build log	2026-10-11T03:01:15.9412630Z   JAVA_HOME: /opt/hostedtoolcache/Java_Temurin-Hotspot_jdk/17.0.20-1/x64
build	Upload build log	2026-10-11T03:01:15.9412898Z   JAVA_HOME_17_X64: /opt/hostedtoolcache/Java_Temurin-Hotspot_jdk/17.0.20-1/x64
build	Upload build log	2026-10-11T03:01:15.9413107Z ##[endgroup]
build	Upload build log	2026-10-11T03:01:16.0454802Z (node:2500) [DEP0040] DeprecationWarning: The `punycode` module is deprecated. Please use a userland alternative instead.
build	Upload build log	2026-10-11T03:01:16.0455377Z (Use `node --trace-deprecation ...` to show where the warning was created)
build	Upload build log	2026-10-11T03:01:16.0485869Z With the provided path, there will be 1 file uploaded
build	Upload build log	2026-10-11T03:01:16.0488927Z Artifact name is valid!
build	Upload build log	2026-10-11T03:01:16.0506298Z Root directory input is valid!
build	Upload build log	2026-10-11T03:01:16.3164719Z Beginning upload of artifact content to blob storage
build	Upload build log	2026-10-11T03:01:16.3276861Z (node:2500) [DEP0169] DeprecationWarning: `url.parse()` behavior is not standardized and prone to errors that have security implications. Use the WHATWG URL API instead. CVEs are not issued for `url.parse()` vulnerabilities.
build	Upload build log	2026-10-11T03:01:16.5021469Z Uploaded bytes 1696
build	Upload build log	2026-10-11T03:01:16.5428745Z Finished uploading artifact content to blob storage!
build	Upload build log	2026-10-11T03:01:16.5429159Z SHA256 digest of uploaded artifact zip is 6bbacbd0f9d46556ca3a9de5639e31469c9957be59c7a041e6ab81941aed4ff6
build	Upload build log	2026-10-11T03:01:16.5430431Z Finalizing artifact upload
build	Upload build log	2026-10-11T03:01:16.7841559Z Artifact YAMGG-build-log.zip successfully finalized. Artifact ID 11689463554
build	Upload build log	2026-10-11T03:01:16.7842245Z Artifact YAMGG-build-log has been successfully uploaded! Final size is 1696 bytes. Artifact ID is 11689463554
build	Upload build log	2026-10-11T03:01:16.7843582Z Artifact download URL: https://github.com/Yamin843/YAM-GG/actions/runs/38106992479/artifacts/11689463554
build	Post Setup Java 17	﻿2026-10-11T03:01:16.7986366Z Post job cleanup.
build	Post Setup Java 17	2026-10-11T03:01:16.8871082Z (node:2512) [DEP0040] DeprecationWarning: The `punycode` module is deprecated. Please use a userland alternative instead.
build	Post Setup Java 17	2026-10-11T03:01:16.8871780Z (Use `node --trace-deprecation ...` to show where the warning was created)
build	Post Checkout	﻿2026-10-11T03:01:16.9036618Z Post job cleanup.
build	Post Checkout	2026-10-11T03:01:16.9632444Z [command]/usr/bin/git version
build	Post Checkout	2026-10-11T03:01:16.9664474Z git version 2.55.0
build	Post Checkout	2026-10-11T03:01:16.9693465Z Temporarily overriding HOME='/home/runner/work/_temp/0a8f6873-0525-468a-b916-7bcb37c0a621' before making global git config changes
build	Post Checkout	2026-10-11T03:01:16.9699286Z Adding repository directory to the temporary git global config as a safe directory
build	Post Checkout	2026-10-11T03:01:16.9700129Z [command]/usr/bin/git config --global --add safe.directory /home/runner/work/YAM-GG/YAM-GG
build	Post Checkout	2026-10-11T03:01:16.9725986Z [command]/usr/bin/git config --local --name-only --get-regexp core\.sshCommand
build	Post Checkout	2026-10-11T03:01:16.9752744Z [command]/usr/bin/git submodule foreach --recursive sh -c "git config --local --name-only --get-regexp 'core\.sshCommand' && git config --local --unset-all 'core.sshCommand' || :"
build	Post Checkout	2026-10-11T03:01:16.9968081Z [command]/usr/bin/git config --local --name-only --get-regexp http\.https\:\/\/github\.com\/\.extraheader
build	Post Checkout	2026-10-11T03:01:17.0016558Z http.https://github.com/.extraheader
build	Post Checkout	2026-10-11T03:01:17.0017656Z [command]/usr/bin/git config --local --unset-all http.https://github.com/.extraheader
build	Post Checkout	2026-10-11T03:01:17.0057936Z [command]/usr/bin/git submodule foreach --recursive sh -c "git config --local --name-only --get-regexp 'http\.https\:\/\/github\.com\/\.extraheader' && git config --local --unset-all 'http.https://github.com/.extraheader' || :"
build	Post Checkout	2026-10-11T03:01:17.0307881Z [command]/usr/bin/git config --local --name-only --get-regexp ^includeIf\.gitdir:
build	Post Checkout	2026-10-11T03:01:17.0343071Z [command]/usr/bin/git submodule foreach --recursive git config --local --show-origin --name-only --get-regexp remote.origin.url
build	Complete job	﻿2026-10-11T03:01:17.0655009Z Cleaning up orphan processes
build	Complete job	2026-10-11T03:01:17.0839600Z ##[warning]Node.js 20 is deprecated. The following actions target Node.js 20 but are being forced to run on Node.js 24: actions/checkout@v4, actions/setup-java@v4, actions/upload-artifact@v4. For more information see: https://github.blog/changelog/2025-09-19-deprecation-of-node-20-on-github-actions-runners/
